Office,Parish,Ward,Precinct,"Quentin Anthony Anderson (DEM)","Cleo Fields (DEM)","Elbert Guillory (REP)","Wilken Jones, Jr. (DEM)","Peter Williams (DEM)"
"U. S. Representative -- 6th Congressional District","Avoyelles","03","01","23","171","131","5","19"
"U. S. Representative -- 6th Congressional District","Avoyelles","03","03","12","57","48","2","6"
"U. S. Representative -- 6th Congressional District","Avoyelles","04","02A","8","31","137","1","7"
"U. S. Representative -- 6th Congressional District","Avoyelles","07","01","29","145","172","3","81"
"U. S. Representative -- 6th Congressional District","Avoyelles","07","02","11","27","173","1","8"
"U. S. Representative -- 6th Congressional District","Avoyelles","08","01","1","10","70","0","3"
"U. S. Representative -- 6th Congressional District","Avoyelles","08","02","4","31","91","2","2"
"U. S. Representative -- 6th Congressional District","Avoyelles","08","03","3","25","277","2","7"
"U. S. Representative -- 6th Congressional District","Avoyelles","08","03A","8","43","382","1","13"
"U. S. Representative -- 6th Congressional District","Avoyelles","09","01","7","65","70","2","6"
"U. S. Representative -- 6th Congressional District","Avoyelles","09","02","1","32","41","1","1"
"U. S. Representative -- 6th Congressional District","Avoyelles","09","02A","1","60","84","1","2"
"U. S. Representative -- 6th Congressional District","Avoyelles","09","03","24","121","321","3","8"
"U. S. Representative -- 6th Congressional District","Avoyelles","09","05","39","200","29","4","9"
"U. S. Representative -- 6th Congressional District","Avoyelles","10","02","31","210","92","7","8"
"U. S. Representative -- 6th Congressional District","Avoyelles","10","02A","9","51","203","1","4"
"U. S. Representative -- 6th Congressional District","Avoyelles","10","03A","0","25","88","0","1"
"U. S. Representative -- 6th Congressional District","Avoyelles","10","03B","3","22","40","2","1"
"U. S. Representative -- 6th Congressional District","Avoyelles","10","04","27","232","24","4","5"
"U. S. Representative -- 6th Congressional District","Avoyelles","11","01","14","132","126","3","11"
"U. S. Representative -- 6th Congressional District","Avoyelles","11","02","1","15","104","2","3"
"U. S. Representative -- 6th Congressional District","Avoyelles","Early Voting","","104","733","1145","20","80"
"U. S. Representative -- 6th Congressional District","Avoyelles","Provisional Votes","","0","0","0","0","0"
"U. S. Representative -- 6th Congressional District","Caddo","00","02-03","57","244","163","15","2"
"U. S. Representative -- 6th Congressional District","Caddo","00","02-05","71","322","43","10","11"
"U. S. Representative -- 6th Congressional District","Caddo","00","02-06","30","244","6","6","6"
"U. S. Representative -- 6th Congressional District","Caddo","00","02-08","61","425","8","19","6"
"U. S. Representative -- 6th Congressional District","Caddo","00","02-09","16","170","5","5","1"
"U. S. Representative -- 6th Congressional District","Caddo","00","02-10","31","292","31","10","9"
"U. S. Representative -- 6th Congressional District","Caddo","00","02-11","37","283","14","4","6"
"U. S. Representative -- 6th Congressional District","Caddo","00","02-12","13","138","3","3","3"
"U. S. Representative -- 6th Congressional District","Caddo","00","03-02","87","473","27","13","13"
"U. S. Representative -- 6th Congressional District","Caddo","00","03-03","7","44","2","3","2"
"U. S. Representative -- 6th Congressional District","Caddo","00","03-04","13","124","6","3","5"
"U. S. Representative -- 6th Congressional District","Caddo","00","03-05","17","182","5","6","1"
"U. S. Representative -- 6th Congressional District","Caddo","00","03-06","18","122","12","4","1"
"U. S. Representative -- 6th Congressional District","Caddo","00","03-07","71","311","58","7","11"
"U. S. Representative -- 6th Congressional District","Caddo","00","03-09","113","316","175","17","16"
"U. S. Representative -- 6th Congressional District","Caddo","00","05-01","32","184","23","10","3"
"U. S. Representative -- 6th Congressional District","Caddo","00","05-02","45","360","6","4","11"
"U. S. Representative -- 6th Congressional District","Caddo","00","05-03","22","162","7","5","1"
"U. S. Representative -- 6th Congressional District","Caddo","00","05-04","32","161","16","6","3"
"U. S. Representative -- 6th Congressional District","Caddo","00","05-05","56","364","27","9","17"
"U. S. Representative -- 6th Congressional District","Caddo","00","05-06","38","207","12","5","10"
"U. S. Representative -- 6th Congressional District","Caddo","00","05-07","23","196","6","8","5"
"U. S. Representative -- 6th Congressional District","Caddo","00","05-08","56","282","14","10","5"
"U. S. Representative -- 6th Congressional District","Caddo","00","05-09","39","236","13","6","5"
"U. S. Representative -- 6th Congressional District","Caddo","00","05-11","54","287","13","9","14"
"U. S. Representative -- 6th Congressional District","Caddo","00","06-02","32","228","2","7","16"
"U. S. Representative -- 6th Congressional District","Caddo","00","06-03","30","186","15","6","5"
"U. S. Representative -- 6th Congressional District","Caddo","00","06-04","47","271","11","12","13"
"U. S. Representative -- 6th Congressional District","Caddo","00","06-05","30","173","12","8","3"
"U. S. Representative -- 6th Congressional District","Caddo","00","06-06","64","218","84","14","5"
"U. S. Representative -- 6th Congressional District","Caddo","00","06-07","70","307","35","16","3"
"U. S. Representative -- 6th Congressional District","Caddo","00","06-08","115","362","101","19","20"
"U. S. Representative -- 6th Congressional District","Caddo","00","06-09","102","314","135","10","13"
"U. S. Representative -- 6th Congressional District","Caddo","00","06-10","43","115","43","5","5"
"U. S. Representative -- 6th Congressional District","Caddo","00","07-02","41","182","157","5","10"
"U. S. Representative -- 6th Congressional District","Caddo","00","07-03","54","265","43","11","8"
"U. S. Representative -- 6th Congressional District","Caddo","00","07-04","26","250","5","13","4"
"U. S. Representative -- 6th Congressional District","Caddo","00","07-05","40","186","2","8","6"
"U. S. Representative -- 6th Congressional District","Caddo","00","07-06","58","336","11","9","14"
"U. S. Representative -- 6th Congressional District","Caddo","00","07-07","50","190","6","5","6"
"U. S. Representative -- 6th Congressional District","Caddo","00","07-08","88","416","42","17","16"
"U. S. Representative -- 6th Congressional District","Caddo","00","07-09","80","376","30","20","11"
"U. S. Representative -- 6th Congressional District","Caddo","00","07-10","70","303","85","12","8"
"U. S. Representative -- 6th Congressional District","Caddo","00","10-01","41","237","2","6","7"
"U. S. Representative -- 6th Congressional District","Caddo","00","10-03","46","243","17","8","8"
"U. S. Representative -- 6th Congressional District","Caddo","00","10-04","58","308","12","11","10"
"U. S. Representative -- 6th Congressional District","Caddo","00","10-05","59","281","87","22","9"
"U. S. Representative -- 6th Congressional District","Caddo","00","10-06","77","181","116","11","11"
"U. S. Representative -- 6th Congressional District","Caddo","00","10-07","101","260","182","20","14"
"U. S. Representative -- 6th Congressional District","Caddo","00","10-08","52","168","138","4","10"
"U. S. Representative -- 6th Congressional District","Caddo","00","10-09","51","161","130","5","2"
"U. S. Representative -- 6th Congressional District","Caddo","00","11-04","41","166","133","6","5"
"U. S. Representative -- 6th Congressional District","Caddo","00","11-05","47","142","141","13","8"
"U. S. Representative -- 6th Congressional District","Caddo","00","11-08","37","134","255","5","13"
"U. S. Representative -- 6th Congressional District","Caddo","00","12-02","56","337","151","10","15"
"U. S. Representative -- 6th Congressional District","Caddo","00","12-04","55","371","58","10","7"
"U. S. Representative -- 6th Congressional District","Caddo","00","12-05","77","258","51","14","8"
"U. S. Representative -- 6th Congressional District","Caddo","00","12-06","32","145","31","4","4"
"U. S. Representative -- 6th Congressional District","Caddo","00","12-10","56","226","30","11","16"
"U. S. Representative -- 6th Congressional District","Caddo","00","12-11","50","177","30","4","4"
"U. S. Representative -- 6th Congressional District","Caddo","Early Voting","","1487","10363","3472","205","343"
"U. S. Representative -- 6th Congressional District","Caddo","Provisional Votes","","0","0","0","0","0"
"U. S. Representative -- 6th Congressional District","De Soto","00","01","10","49","6","5","2"
"U. S. Representative -- 6th Congressional District","De Soto","00","04","7","58","3","1","1"
"U. S. Representative -- 6th Congressional District","De Soto","00","05","25","93","27","12","7"
"U. S. Representative -- 6th Congressional District","De Soto","00","05A","2","9","2","0","0"
"U. S. Representative -- 6th Congressional District","De Soto","00","06","11","45","2","6","0"
"U. S. Representative -- 6th Congressional District","De Soto","00","06A","1","17","1","0","1"
"U. S. Representative -- 6th Congressional District","De Soto","00","06B","7","14","1","2","2"
"U. S. Representative -- 6th Congressional District","De Soto","00","09","6","45","15","4","1"
"U. S. Representative -- 6th Congressional District","De Soto","00","21","14","29","141","2","2"
"U. S. Representative -- 6th Congressional District","De Soto","00","22","5","17","111","4","3"
"U. S. Representative -- 6th Congressional District","De Soto","00","22A","3","12","76","0","0"
"U. S. Representative -- 6th Congressional District","De Soto","00","26","8","48","53","3","3"
"U. S. Representative -- 6th Congressional District","De Soto","00","26A","2","11","13","0","0"
"U. S. Representative -- 6th Congressional District","De Soto","00","30","7","35","216","4","5"
"U. S. Representative -- 6th Congressional District","De Soto","00","31","8","50","48","3","3"
"U. S. Representative -- 6th Congressional District","De Soto","00","32","6","56","61","1","0"
"U. S. Representative -- 6th Congressional District","De Soto","00","33","17","79","193","1","15"
"U. S. Representative -- 6th Congressional District","De Soto","00","33A","6","28","34","3","3"
"U. S. Representative -- 6th Congressional District","De Soto","00","38","4","23","15","4","2"
"U. S. Representative -- 6th Congressional District","De Soto","00","38A","8","20","14","1","0"
"U. S. Representative -- 6th Congressional District","De Soto","00","42","1","14","8","0","0"
"U. S. Representative -- 6th Congressional District","De Soto","00","44","25","68","26","4","1"
"U. S. Representative -- 6th Congressional District","De Soto","00","46B","3","14","29","1","2"
"U. S. Representative -- 6th Congressional District","De Soto","00","53","1","11","70","0","0"
"U. S. Representative -- 6th Congressional District","De Soto","00","55","5","38","47","2","1"
"U. S. Representative -- 6th Congressional District","De Soto","00","56","8","38","70","2","6"
"U. S. Representative -- 6th Congressional District","De Soto","00","59","23","65","12","8","7"
"U. S. Representative -- 6th Congressional District","De Soto","00","60","7","47","14","5","1"
"U. S. Representative -- 6th Congressional District","De Soto","00","60A","0","1","0","0","0"
"U. S. Representative -- 6th Congressional District","De Soto","00","63","18","112","23","9","6"
"U. S. Representative -- 6th Congressional District","De Soto","00","63A","7","27","3","5","3"
"U. S. Representative -- 6th Congressional District","De Soto","Early Voting","","192","1525","1723","63","71"
"U. S. Representative -- 6th Congressional District","De Soto","Provisional Votes","","0","0","0","0","0"
"U. S. Representative -- 6th Congressional District","East Baton Rouge","01","001","72","159","74","6","9"
"U. S. Representative -- 6th Congressional District","East Baton Rouge","01","002 A","16","140","2","3","4"
"U. S. Representative -- 6th Congressional District","East Baton Rouge","01","002 B","15","127","6","3","6"
"U. S. Representative -- 6th Congressional District","East Baton Rouge","01","003","25","119","16","1","2"
"U. S. Representative -- 6th Congressional District","East Baton Rouge","01","004","14","138","3","2","3"
"U. S. Representative -- 6th Congressional District","East Baton Rouge","01","005 A","38","162","23","6","2"
"U. S. Representative -- 6th Congressional District","East Baton Rouge","01","005 B","40","222","19","4","6"
"U. S. Representative -- 6th Congressional District","East Baton Rouge","01","006","16","177","8","1","3"
"U. S. Representative -- 6th Congressional District","East Baton Rouge","01","007","71","162","90","4","14"
"U. S. Representative -- 6th Congressional District","East Baton Rouge","01","008","51","135","121","3","4"
"U. S. Representative -- 6th Congressional District","East Baton Rouge","01","009","45","197","123","15","4"
"U. S. Representative -- 6th Congressional District","East Baton Rouge","01","010 A","12","165","4","4","4"
"U. S. Representative -- 6th Congressional District","East Baton Rouge","01","010 B","10","142","0","3","3"
"U. S. Representative -- 6th Congressional District","East Baton Rouge","01","011","29","259","11","1","8"
"U. S. Representative -- 6th Congressional District","East Baton Rouge","01","013","25","116","4","2","9"
"U. S. Representative -- 6th Congressional District","East Baton Rouge","01","014 A","16","242","4","2","5"
"U. S. Representative -- 6th Congressional District","East Baton Rouge","01","014 B","15","216","5","3","0"
"U. S. Representative -- 6th Congressional District","East Baton Rouge","01","015 A","16","222","1","2","0"
"U. S. Representative -- 6th Congressional District","East Baton Rouge","01","015 B","9","235","5","1","7"
"U. S. Representative -- 6th Congressional District","East Baton Rouge","01","016","23","233","6","6","3"
"U. S. Representative -- 6th Congressional District","East Baton Rouge","01","017","10","109","14","1","1"
"U. S. Representative -- 6th Congressional District","East Baton Rouge","01","018","12","137","4","3","2"
"U. S. Representative -- 6th Congressional District","East Baton Rouge","01","019","10","151","7","1","4"
"U. S. Representative -- 6th Congressional District","East Baton Rouge","01","020 A","30","219","15","6","3"
"U. S. Representative -- 6th Congressional District","East Baton Rouge","01","020 B","22","209","29","7","7"
"U. S. Representative -- 6th Congressional District","East Baton Rouge","01","021","7","160","6","1","0"
"U. S. Representative -- 6th Congressional District","East Baton Rouge","01","022","17","177","7","4","4"
"U. S. Representative -- 6th Congressional District","East Baton Rouge","01","023","17","294","6","4","2"
"U. S. Representative -- 6th Congressional District","East Baton Rouge","01","024","19","284","22","6","8"
"U. S. Representative -- 6th Congressional District","East Baton Rouge","01","025","37","333","9","4","8"
"U. S. Representative -- 6th Congressional District","East Baton Rouge","01","026","18","194","6","2","5"
"U. S. Representative -- 6th Congressional District","East Baton Rouge","01","027","25","324","5","3","6"
"U. S. Representative -- 6th Congressional District","East Baton Rouge","01","028","38","266","13","8","9"
"U. S. Representative -- 6th Congressional District","East Baton Rouge","01","029","22","271","11","14","6"
"U. S. Representative -- 6th Congressional District","East Baton Rouge","01","030","27","277","7","8","10"
"U. S. Representative -- 6th Congressional District","East Baton Rouge","01","031 A","18","235","10","4","6"
"U. S. Representative -- 6th Congressional District","East Baton Rouge","01","031 B","14","254","6","5","6"
"U. S. Representative -- 6th Congressional District","East Baton Rouge","01","032 A","14","162","0","3","3"
"U. S. Representative -- 6th Congressional District","East Baton Rouge","01","032 B","17","200","9","0","2"
"U. S. Representative -- 6th Congressional District","East Baton Rouge","01","033","41","117","127","7","14"
"U. S. Representative -- 6th Congressional District","East Baton Rouge","01","035","72","148","120","4","7"
"U. S. Representative -- 6th Congressional District","East Baton Rouge","01","036","54","280","39","5","7"
"U. S. Representative -- 6th Congressional District","East Baton Rouge","01","037 A","56","154","45","4","11"
"U. S. Representative -- 6th Congressional District","East Baton Rouge","01","037 B","41","129","29","1","3"
"U. S. Representative -- 6th Congressional District","East Baton Rouge","01","038 A","53","138","18","5","3"
"U. S. Representative -- 6th Congressional District","East Baton Rouge","01","038 B","26","121","23","1","1"
"U. S. Representative -- 6th Congressional District","East Baton Rouge","01","039","34","145","171","0","12"
"U. S. Representative -- 6th Congressional District","East Baton Rouge","01","040","68","157","112","5","12"
"U. S. Representative -- 6th Congressional District","East Baton Rouge","01","045","16","161","2","4","7"
"U. S. Representative -- 6th Congressional District","East Baton Rouge","01","048 A","29","99","158","2","5"
"U. S. Representative -- 6th Congressional District","East Baton Rouge","01","048 B","35","80","171","3","3"
"U. S. Representative -- 6th Congressional District","East Baton Rouge","01","050","22","259","10","4","2"
"U. S. Representative -- 6th Congressional District","East Baton Rouge","01","051","25","195","1","3","6"
"U. S. Representative -- 6th Congressional District","East Baton Rouge","01","052 A","41","127","139","2","9"
"U. S. Representative -- 6th Congressional District","East Baton Rouge","01","052 B","55","112","138","2","6"
"U. S. Representative -- 6th Congressional District","East Baton Rouge","01","053 A","21","74","81","0","8"
"U. S. Representative -- 6th Congressional District","East Baton Rouge","01","053 B","25","78","112","1","4"
"U. S. Representative -- 6th Congressional District","East Baton Rouge","01","054","37","285","58","8","7"
"U. S. Representative -- 6th Congressional District","East Baton Rouge","01","055 A","34","113","102","3","3"
"U. S. Representative -- 6th Congressional District","East Baton Rouge","01","055 B","32","113","111","3","10"
"U. S. Representative -- 6th Congressional District","East Baton Rouge","01","057","32","99","66","6","6"
"U. S. Representative -- 6th Congressional District","East Baton Rouge","01","058 A","18","249","8","9","4"
"U. S. Representative -- 6th Congressional District","East Baton Rouge","01","058 B","10","181","10","2","4"
"U. S. Representative -- 6th Congressional District","East Baton Rouge","01","059","17","174","11","3","5"
"U. S. Representative -- 6th Congressional District","East Baton Rouge","01","060 A","46","139","99","4","6"
"U. S. Representative -- 6th Congressional District","East Baton Rouge","01","060 B","32","145","110","6","4"
"U. S. Representative -- 6th Congressional District","East Baton Rouge","01","061","34","382","8","9","11"
"U. S. Representative -- 6th Congressional District","East Baton Rouge","01","062","30","292","5","7","2"
"U. S. Representative -- 6th Congressional District","East Baton Rouge","01","063 A","20","171","1","2","3"
"U. S. Representative -- 6th Congressional District","East Baton Rouge","01","063 B","8","138","3","0","4"
"U. S. Representative -- 6th Congressional District","East Baton Rouge","01","064","45","105","94","3","5"
"U. S. Representative -- 6th Congressional District","East Baton Rouge","01","065","47","139","93","4","10"
"U. S. Representative -- 6th Congressional District","East Baton Rouge","01","066 A","39","100","70","5","3"
"U. S. Representative -- 6th Congressional District","East Baton Rouge","01","066 B","26","90","80","1","4"
"U. S. Representative -- 6th Congressional District","East Baton Rouge","01","067","24","164","15","0","3"
"U. S. Representative -- 6th Congressional District","East Baton Rouge","01","068","20","136","8","0","2"
"U. S. Representative -- 6th Congressional District","East Baton Rouge","01","070 A","32","284","11","8","4"
"U. S. Representative -- 6th Congressional District","East Baton Rouge","01","070 B","28","230","19","6","1"
"U. S. Representative -- 6th Congressional District","East Baton Rouge","01","071 A","29","174","84","2","8"
"U. S. Representative -- 6th Congressional District","East Baton Rouge","01","071 B","27","147","79","4","1"
"U. S. Representative -- 6th Congressional District","East Baton Rouge","01","072 A","32","127","104","7","8"
"U. S. Representative -- 6th Congressional District","East Baton Rouge","01","072 B","35","111","92","4","6"
"U. S. Representative -- 6th Congressional District","East Baton Rouge","01","073 A","18","132","65","4","1"
"U. S. Representative -- 6th Congressional District","East Baton Rouge","01","073 B","27","127","48","3","7"
"U. S. Representative -- 6th Congressional District","East Baton Rouge","01","077 A","30","294","10","5","8"
"U. S. Representative -- 6th Congressional District","East Baton Rouge","01","077 B","18","297","11","4","4"
"U. S. Representative -- 6th Congressional District","East Baton Rouge","01","078 A","18","182","18","2","3"
"U. S. Representative -- 6th Congressional District","East Baton Rouge","01","078 B","19","145","16","1","4"
"U. S. Representative -- 6th Congressional District","East Baton Rouge","01","081 A","26","115","37","4","3"
"U. S. Representative -- 6th Congressional District","East Baton Rouge","01","081 B","19","88","21","5","4"
"U. S. Representative -- 6th Congressional District","East Baton Rouge","01","082 A","26","254","23","3","7"
"U. S. Representative -- 6th Congressional District","East Baton Rouge","01","082 B","35","210","11","4","7"
"U. S. Representative -- 6th Congressional District","East Baton Rouge","01","083 A","16","110","38","6","6"
"U. S. Representative -- 6th Congressional District","East Baton Rouge","01","083 B","26","139","36","3","1"
"U. S. Representative -- 6th Congressional District","East Baton Rouge","01","084","34","307","12","7","2"
"U. S. Representative -- 6th Congressional District","East Baton Rouge","01","085 A","37","269","3","1","2"
"U. S. Representative -- 6th Congressional District","East Baton Rouge","01","085 B","21","222","4","3","9"
"U. S. Representative -- 6th Congressional District","East Baton Rouge","01","086 A","17","189","5","0","2"
"U. S. Representative -- 6th Congressional District","East Baton Rouge","01","086 B","25","188","9","3","3"
"U. S. Representative -- 6th Congressional District","East Baton Rouge","01","087 A","32","171","81","2","3"
"U. S. Representative -- 6th Congressional District","East Baton Rouge","01","087 B","47","178","86","8","7"
"U. S. Representative -- 6th Congressional District","East Baton Rouge","01","088","38","141","16","7","4"
"U. S. Representative -- 6th Congressional District","East Baton Rouge","01","089","20","91","184","2","6"
"U. S. Representative -- 6th Congressional District","East Baton Rouge","01","090 A","21","127","126","7","7"
"U. S. Representative -- 6th Congressional District","East Baton Rouge","01","090 B","28","95","106","2","6"
"U. S. Representative -- 6th Congressional District","East Baton Rouge","01","091 A","11","128","5","8","1"
"U. S. Representative -- 6th Congressional District","East Baton Rouge","01","091 B","21","162","9","6","1"
"U. S. Representative -- 6th Congressional District","East Baton Rouge","01","092 A","8","128","5","1","1"
"U. S. Representative -- 6th Congressional District","East Baton Rouge","01","092 B","9","101","3","2","1"
"U. S. Representative -- 6th Congressional District","East Baton Rouge","01","093","7","108","6","2","2"
"U. S. Representative -- 6th Congressional District","East Baton Rouge","01","094","9","182","5","4","3"
"U. S. Representative -- 6th Congressional District","East Baton Rouge","01","095 A","21","207","4","3","5"
"U. S. Representative -- 6th Congressional District","East Baton Rouge","01","095 B","15","216","6","2","1"
"U. S. Representative -- 6th Congressional District","East Baton Rouge","01","096","47","340","68","9","7"
"U. S. Representative -- 6th Congressional District","East Baton Rouge","01","097","38","190","57","7","1"
"U. S. Representative -- 6th Congressional District","East Baton Rouge","01","098 A","48","210","221","6","6"
"U. S. Representative -- 6th Congressional District","East Baton Rouge","01","098 B","60","176","167","4","12"
"U. S. Representative -- 6th Congressional District","East Baton Rouge","01","100 A","15","66","2","2","4"
"U. S. Representative -- 6th Congressional District","East Baton Rouge","01","100 B","14","79","2","2","4"
"U. S. Representative -- 6th Congressional District","East Baton Rouge","01","101 A","10","90","2","0","1"
"U. S. Representative -- 6th Congressional District","East Baton Rouge","01","101 B","7","90","1","1","0"
"U. S. Representative -- 6th Congressional District","East Baton Rouge","01","102","65","131","60","7","5"
"U. S. Representative -- 6th Congressional District","East Baton Rouge","01","103 A","22","76","112","1","5"
"U. S. Representative -- 6th Congressional District","East Baton Rouge","01","103 B","23","67","97","4","5"
"U. S. Representative -- 6th Congressional District","East Baton Rouge","01","104 A","30","196","18","8","4"
"U. S. Representative -- 6th Congressional District","East Baton Rouge","01","104 B","22","198","22","6","8"
"U. S. Representative -- 6th Congressional District","East Baton Rouge","02","001 A","25","300","22","7","3"
"U. S. Representative -- 6th Congressional District","East Baton Rouge","02","001 B","20","274","24","3","10"
"U. S. Representative -- 6th Congressional District","East Baton Rouge","02","002 A","22","190","16","6","4"
"U. S. Representative -- 6th Congressional District","East Baton Rouge","02","002 B","23","186","42","3","7"
"U. S. Representative -- 6th Congressional District","East Baton Rouge","02","003","29","207","57","5","5"
"U. S. Representative -- 6th Congressional District","East Baton Rouge","02","004","39","263","19","4","9"
"U. S. Representative -- 6th Congressional District","East Baton Rouge","02","005","37","189","179","6","5"
"U. S. Representative -- 6th Congressional District","East Baton Rouge","02","009 A","7","76","7","1","2"
"U. S. Representative -- 6th Congressional District","East Baton Rouge","02","009 B","13","95","6","3","3"
"U. S. Representative -- 6th Congressional District","East Baton Rouge","02","010 A","24","142","73","4","8"
"U. S. Representative -- 6th Congressional District","East Baton Rouge","02","010 B","17","147","38","1","3"
"U. S. Representative -- 6th Congressional District","East Baton Rouge","02","011","15","294","19","6","11"
"U. S. Representative -- 6th Congressional District","East Baton Rouge","02","012 A","25","227","28","7","3"
"U. S. Representative -- 6th Congressional District","East Baton Rouge","02","012 B","29","205","39","7","7"
"U. S. Representative -- 6th Congressional District","East Baton Rouge","02","013 A","23","120","26","3","2"
"U. S. Representative -- 6th Congressional District","East Baton Rouge","02","013 B","26","106","35","3","3"
"U. S. Representative -- 6th Congressional District","East Baton Rouge","02","014 A","23","115","68","3","5"
"U. S. Representative -- 6th Congressional District","East Baton Rouge","02","014 B","21","105","50","4","6"
"U. S. Representative -- 6th Congressional District","East Baton Rouge","02","015","25","167","67","2","2"
"U. S. Representative -- 6th Congressional District","East Baton Rouge","02","016 A","20","213","5","5","2"
"U. S. Representative -- 6th Congressional District","East Baton Rouge","02","016 B","18","197","5","0","1"
"U. S. Representative -- 6th Congressional District","East Baton Rouge","02","017 A","13","144","19","4","3"
"U. S. Representative -- 6th Congressional District","East Baton Rouge","02","017 B","14","106","13","4","4"
"U. S. Representative -- 6th Congressional District","East Baton Rouge","02","018 A","19","110","215","7","9"
"U. S. Representative -- 6th Congressional District","East Baton Rouge","02","018 B","24","98","184","4","4"
"U. S. Representative -- 6th Congressional District","East Baton Rouge","02","019","30","146","24","4","3"
"U. S. Representative -- 6th Congressional District","East Baton Rouge","02","020","16","115","35","3","4"
"U. S. Representative -- 6th Congressional District","East Baton Rouge","02","021","40","212","328","8","7"
"U. S. Representative -- 6th Congressional District","East Baton Rouge","02","022 A","10","189","3","3","2"
"U. S. Representative -- 6th Congressional District","East Baton Rouge","02","022 B","13","162","2","2","1"
"U. S. Representative -- 6th Congressional District","East Baton Rouge","02","023 A","14","220","6","1","0"
"U. S. Representative -- 6th Congressional District","East Baton Rouge","02","023 B","17","204","6","3","3"
"U. S. Representative -- 6th Congressional District","East Baton Rouge","02","024","19","247","5","5","4"
"U. S. Representative -- 6th Congressional District","East Baton Rouge","02","025 A","25","224","32","5","3"
"U. S. Representative -- 6th Congressional District","East Baton Rouge","02","025 B","26","168","30","6","9"
"U. S. Representative -- 6th Congressional District","East Baton Rouge","02","026","17","171","250","4","7"
"U. S. Representative -- 6th Congressional District","East Baton Rouge","02","027 A","17","207","8","5","2"
"U. S. Representative -- 6th Congressional District","East Baton Rouge","02","027 B","26","191","14","1","4"
"U. S. Representative -- 6th Congressional District","East Baton Rouge","02","028","54","359","221","10","10"
"U. S. Representative -- 6th Congressional District","East Baton Rouge","02","029","19","166","137","6","4"
"U. S. Representative -- 6th Congressional District","East Baton Rouge","02","030 A","32","331","13","5","6"
"U. S. Representative -- 6th Congressional District","East Baton Rouge","02","030 B","30","253","6","4","2"
"U. S. Representative -- 6th Congressional District","East Baton Rouge","02","031","8","96","16","1","2"
"U. S. Representative -- 6th Congressional District","East Baton Rouge","02","032","56","227","253","3","9"
"U. S. Representative -- 6th Congressional District","East Baton Rouge","02","034","49","239","184","4","7"
"U. S. Representative -- 6th Congressional District","East Baton Rouge","02","035","18","58","241","3","2"
"U. S. Representative -- 6th Congressional District","East Baton Rouge","02","036 A","28","135","180","5","7"
"U. S. Representative -- 6th Congressional District","East Baton Rouge","02","036 B","19","125","207","3","7"
"U. S. Representative -- 6th Congressional District","East Baton Rouge","02","037","45","238","59","7","8"
"U. S. Representative -- 6th Congressional District","East Baton Rouge","02","038","43","187","176","2","11"
"U. S. Representative -- 6th Congressional District","East Baton Rouge","03","008","38","255","60","7","4"
"U. S. Representative -- 6th Congressional District","East Baton Rouge","03","010","57","155","163","10","5"
"U. S. Representative -- 6th Congressional District","East Baton Rouge","03","011","23","110","35","10","5"
"U. S. Representative -- 6th Congressional District","East Baton Rouge","03","012 A","27","168","80","6","6"
"U. S. Representative -- 6th Congressional District","East Baton Rouge","03","012 B","30","172","121","8","11"
"U. S. Representative -- 6th Congressional District","East Baton Rouge","03","019 A","11","79","205","1","2"
"U. S. Representative -- 6th Congressional District","East Baton Rouge","03","019 B","9","84","295","4","5"
"U. S. Representative -- 6th Congressional District","East Baton Rouge","03","020 A","38","176","36","8","4"
"U. S. Representative -- 6th Congressional District","East Baton Rouge","03","020 B","43","139","39","8","2"
"U. S. Representative -- 6th Congressional District","East Baton Rouge","03","024 A","33","215","14","6","2"
"U. S. Representative -- 6th Congressional District","East Baton Rouge","03","024 B","25","249","23","4","3"
"U. S. Representative -- 6th Congressional District","East Baton Rouge","03","027 A","48","133","62","3","10"
"U. S. Representative -- 6th Congressional District","East Baton Rouge","03","027 B","49","127","62","6","6"
"U. S. Representative -- 6th Congressional District","East Baton Rouge","03","028 A","32","134","100","5","5"
"U. S. Representative -- 6th Congressional District","East Baton Rouge","03","028 B","46","132","105","8","9"
"U. S. Representative -- 6th Congressional District","East Baton Rouge","03","032","46","191","109","8","11"
"U. S. Representative -- 6th Congressional District","East Baton Rouge","03","042","33","269","13","5","6"
"U. S. Representative -- 6th Congressional District","East Baton Rouge","03","044 A","33","151","16","5","4"
"U. S. Representative -- 6th Congressional District","East Baton Rouge","03","044 B","15","184","20","5","4"
"U. S. Representative -- 6th Congressional District","East Baton Rouge","03","050 A","53","101","119","5","9"
"U. S. Representative -- 6th Congressional District","East Baton Rouge","03","050 B","42","113","115","7","9"
"U. S. Representative -- 6th Congressional District","East Baton Rouge","03","052 A","27","62","117","3","9"
"U. S. Representative -- 6th Congressional District","East Baton Rouge","03","052 B","25","86","91","8","1"
"U. S. Representative -- 6th Congressional District","East Baton Rouge","03","054","19","104","11","3","0"
"U. S. Representative -- 6th Congressional District","East Baton Rouge","03","055 A","27","228","17","2","5"
"U. S. Representative -- 6th Congressional District","East Baton Rouge","03","055 B","32","189","19","3","2"
"U. S. Representative -- 6th Congressional District","East Baton Rouge","03","056","47","187","359","3","11"
"U. S. Representative -- 6th Congressional District","East Baton Rouge","03","057","75","161","158","5","10"
"U. S. Representative -- 6th Congressional District","East Baton Rouge","03","059","53","219","211","2","15"
"U. S. Representative -- 6th Congressional District","East Baton Rouge","03","063","57","170","184","6","9"
"U. S. Representative -- 6th Congressional District","East Baton Rouge","03","069 A","36","105","190","3","6"
"U. S. Representative -- 6th Congressional District","East Baton Rouge","03","069 B","35","120","182","3","6"
"U. S. Representative -- 6th Congressional District","East Baton Rouge","03","070","20","99","225","4","5"
"U. S. Representative -- 6th Congressional District","East Baton Rouge","03","072","47","219","128","11","9"
"U. S. Representative -- 6th Congressional District","East Baton Rouge","03","075","15","70","228","1","9"
"U. S. Representative -- 6th Congressional District","East Baton Rouge","03","076","11","49","195","0","1"
"U. S. Representative -- 6th Congressional District","East Baton Rouge","Early Voting","","4787","30149","13100","492","977"
"U. S. Representative -- 6th Congressional District","East Baton Rouge","Provisional Votes","","0","10","2","1","1"
"U. S. Representative -- 6th Congressional District","Lafayette","00","002","30","111","348","1","8"
"U. S. Representative -- 6th Congressional District","Lafayette","00","004","55","286","315","16","18"
"U. S. Representative -- 6th Congressional District","Lafayette","00","005","17","150","107","7","4"
"U. S. Representative -- 6th Congressional District","Lafayette","00","006","32","153","389","5","6"
"U. S. Representative -- 6th Congressional District","Lafayette","00","007","64","339","256","6","10"
"U. S. Representative -- 6th Congressional District","Lafayette","00","009","50","210","299","12","7"
"U. S. Representative -- 6th Congressional District","Lafayette","00","010","10","66","173","5","2"
"U. S. Representative -- 6th Congressional District","Lafayette","00","011","66","228","194","14","9"
"U. S. Representative -- 6th Congressional District","Lafayette","00","012","28","120","207","4","5"
"U. S. Representative -- 6th Congressional District","Lafayette","00","013","30","164","176","8","13"
"U. S. Representative -- 6th Congressional District","Lafayette","00","014","46","186","76","10","9"
"U. S. Representative -- 6th Congressional District","Lafayette","00","015","15","111","15","2","8"
"U. S. Representative -- 6th Congressional District","Lafayette","00","016","31","142","40","2","6"
"U. S. Representative -- 6th Congressional District","Lafayette","00","017","45","229","26","6","11"
"U. S. Representative -- 6th Congressional District","Lafayette","00","018","31","261","16","6","6"
"U. S. Representative -- 6th Congressional District","Lafayette","00","019","33","220","16","9","8"
"U. S. Representative -- 6th Congressional District","Lafayette","00","020","47","286","77","9","8"
"U. S. Representative -- 6th Congressional District","Lafayette","00","021","22","168","36","6","6"
"U. S. Representative -- 6th Congressional District","Lafayette","00","022","7","112","6","0","2"
"U. S. Representative -- 6th Congressional District","Lafayette","00","023","22","131","13","3","4"
"U. S. Representative -- 6th Congressional District","Lafayette","00","024","50","307","36","18","11"
"U. S. Representative -- 6th Congressional District","Lafayette","00","050","18","68","186","1","7"
"U. S. Representative -- 6th Congressional District","Lafayette","00","051","18","148","23","2","4"
"U. S. Representative -- 6th Congressional District","Lafayette","00","052","30","150","37","5","8"
"U. S. Representative -- 6th Congressional District","Lafayette","00","053","31","153","20","2","4"
"U. S. Representative -- 6th Congressional District","Lafayette","00","054","20","170","15","9","7"
"U. S. Representative -- 6th Congressional District","Lafayette","00","055","49","201","118","3","8"
"U. S. Representative -- 6th Congressional District","Lafayette","00","056","32","229","17","7","6"
"U. S. Representative -- 6th Congressional District","Lafayette","00","057","30","147","34","3","5"
"U. S. Representative -- 6th Congressional District","Lafayette","00","058","15","174","11","6","10"
"U. S. Representative -- 6th Congressional District","Lafayette","00","059","12","58","94","0","4"
"U. S. Representative -- 6th Congressional District","Lafayette","00","060","19","107","80","2","5"
"U. S. Representative -- 6th Congressional District","Lafayette","00","061","18","95","10","4","2"
"U. S. Representative -- 6th Congressional District","Lafayette","00","063","18","100","33","3","2"
"U. S. Representative -- 6th Congressional District","Lafayette","00","064","11","64","129","0","6"
"U. S. Representative -- 6th Congressional District","Lafayette","00","068","41","120","61","6","5"
"U. S. Representative -- 6th Congressional District","Lafayette","00","112","39","113","323","2","6"
"U. S. Representative -- 6th Congressional District","Lafayette","00","113","21","148","217","3","7"
"U. S. Representative -- 6th Congressional District","Lafayette","00","122","14","72","333","6","6"
"U. S. Representative -- 6th Congressional District","Lafayette","00","129","6","15","90","0","2"
"U. S. Representative -- 6th Congressional District","Lafayette","Early Voting","","753","5742","4080","125","213"
"U. S. Representative -- 6th Congressional District","Lafayette","Provisional Votes","","0","0","0","0","0"
"U. S. Representative -- 6th Congressional District","Natchitoches","01","01","30","118","22","1","4"
"U. S. Representative -- 6th Congressional District","Natchitoches","01","01A","6","30","33","3","5"
"U. S. Representative -- 6th Congressional District","Natchitoches","01","02","39","152","215","9","4"
"U. S. Representative -- 6th Congressional District","Natchitoches","01","03","34","114","57","5","3"
"U. S. Representative -- 6th Congressional District","Natchitoches","01","03A","3","9","13","1","0"
"U. S. Representative -- 6th Congressional District","Natchitoches","01","04","57","211","21","15","8"
"U. S. Representative -- 6th Congressional District","Natchitoches","01","04A","10","8","5","1","1"
"U. S. Representative -- 6th Congressional District","Natchitoches","01","05","11","56","3","1","2"
"U. S. Representative -- 6th Congressional District","Natchitoches","01","05A","7","65","6","2","1"
"U. S. Representative -- 6th Congressional District","Natchitoches","01","06","17","69","47","7","7"
"U. S. Representative -- 6th Congressional District","Natchitoches","01","07","17","69","139","7","6"
"U. S. Representative -- 6th Congressional District","Natchitoches","01","08","20","141","14","3","3"
"U. S. Representative -- 6th Congressional District","Natchitoches","01","09","10","28","128","1","1"
"U. S. Representative -- 6th Congressional District","Natchitoches","01","09A","5","24","96","1","3"
"U. S. Representative -- 6th Congressional District","Natchitoches","01","10","15","48","247","4","4"
"U. S. Representative -- 6th Congressional District","Natchitoches","01","10A","3","9","78","3","0"
"U. S. Representative -- 6th Congressional District","Natchitoches","01","10B","6","21","133","2","3"
"U. S. Representative -- 6th Congressional District","Natchitoches","01","11","34","191","212","6","11"
"U. S. Representative -- 6th Congressional District","Natchitoches","01","12","11","63","133","1","2"
"U. S. Representative -- 6th Congressional District","Natchitoches","01","13","21","129","14","11","5"
"U. S. Representative -- 6th Congressional District","Natchitoches","01","14","13","90","18","2","3"
"U. S. Representative -- 6th Congressional District","Natchitoches","02","01","2","4","55","0","0"
"U. S. Representative -- 6th Congressional District","Natchitoches","02","02","2","2","64","1","2"
"U. S. Representative -- 6th Congressional District","Natchitoches","02","03","1","12","125","2","0"
"U. S. Representative -- 6th Congressional District","Natchitoches","02","04","7","17","103","0","1"
"U. S. Representative -- 6th Congressional District","Natchitoches","02","05","9","12","108","0","0"
"U. S. Representative -- 6th Congressional District","Natchitoches","02","06","4","27","127","3","3"
"U. S. Representative -- 6th Congressional District","Natchitoches","02","07","13","83","12","1","1"
"U. S. Representative -- 6th Congressional District","Natchitoches","02","07A","1","5","10","0","0"
"U. S. Representative -- 6th Congressional District","Natchitoches","02","08","17","140","27","5","10"
"U. S. Representative -- 6th Congressional District","Natchitoches","02","09","8","27","309","3","3"
"U. S. Representative -- 6th Congressional District","Natchitoches","03","01","5","14","249","2","2"
"U. S. Representative -- 6th Congressional District","Natchitoches","03","02","4","10","91","1","0"
"U. S. Representative -- 6th Congressional District","Natchitoches","03","03","1","5","42","0","1"
"U. S. Representative -- 6th Congressional District","Natchitoches","03","04","3","23","78","1","0"
"U. S. Representative -- 6th Congressional District","Natchitoches","03","05","11","15","187","3","2"
"U. S. Representative -- 6th Congressional District","Natchitoches","03","06","4","6","192","3","4"
"U. S. Representative -- 6th Congressional District","Natchitoches","03","07","1","26","8","0","1"
"U. S. Representative -- 6th Congressional District","Natchitoches","03","08","8","41","185","2","0"
"U. S. Representative -- 6th Congressional District","Natchitoches","03","09","0","2","30","0","0"
"U. S. Representative -- 6th Congressional District","Natchitoches","03","10","0","5","39","0","0"
"U. S. Representative -- 6th Congressional District","Natchitoches","04","01","2","44","67","3","0"
"U. S. Representative -- 6th Congressional District","Natchitoches","04","02","15","113","10","1","1"
"U. S. Representative -- 6th Congressional District","Natchitoches","04","03","3","40","59","2","1"
"U. S. Representative -- 6th Congressional District","Natchitoches","04","04","13","83","126","4","3"
"U. S. Representative -- 6th Congressional District","Natchitoches","04","05","1","11","86","1","0"
"U. S. Representative -- 6th Congressional District","Natchitoches","04","06","3","20","75","1","0"
"U. S. Representative -- 6th Congressional District","Natchitoches","04","07","0","2","30","1","1"
"U. S. Representative -- 6th Congressional District","Natchitoches","04","08","2","12","78","2","1"
"U. S. Representative -- 6th Congressional District","Natchitoches","04","09","14","80","169","5","6"
"U. S. Representative -- 6th Congressional District","Natchitoches","Early Voting","","368","2344","3770","74","133"
"U. S. Representative -- 6th Congressional District","Natchitoches","Provisional Votes","","0","0","1","0","0"
"U. S. Representative -- 6th Congressional District","Pointe Coupee","00","01","1","33","133","2","43"
"U. S. Representative -- 6th Congressional District","Pointe Coupee","00","02","6","100","180","10","136"
"U. S. Representative -- 6th Congressional District","Pointe Coupee","00","04","1","4","20","0","4"
"U. S. Representative -- 6th Congressional District","Pointe Coupee","00","06","8","62","107","2","14"
"U. S. Representative -- 6th Congressional District","Pointe Coupee","00","07","3","68","114","0","19"
"U. S. Representative -- 6th Congressional District","Pointe Coupee","00","07A","5","52","9","1","9"
"U. S. Representative -- 6th Congressional District","Pointe Coupee","00","08","13","172","37","3","22"
"U. S. Representative -- 6th Congressional District","Pointe Coupee","00","08A","25","339","17","1","38"
"U. S. Representative -- 6th Congressional District","Pointe Coupee","00","09","8","72","184","5","22"
"U. S. Representative -- 6th Congressional District","Pointe Coupee","00","09A","5","24","18","1","3"
"U. S. Representative -- 6th Congressional District","Pointe Coupee","00","10","5","40","60","1","4"
"U. S. Representative -- 6th Congressional District","Pointe Coupee","00","11","7","143","12","0","19"
"U. S. Representative -- 6th Congressional District","Pointe Coupee","00","12","9","128","190","3","15"
"U. S. Representative -- 6th Congressional District","Pointe Coupee","00","13","17","159","212","3","8"
"U. S. Representative -- 6th Congressional District","Pointe Coupee","00","13B","1","2","25","2","0"
"U. S. Representative -- 6th Congressional District","Pointe Coupee","00","14","10","41","115","3","5"
"U. S. Representative -- 6th Congressional District","Pointe Coupee","00","14A","5","46","107","1","7"
"U. S. Representative -- 6th Congressional District","Pointe Coupee","00","15","10","72","283","2","18"
"U. S. Representative -- 6th Congressional District","Pointe Coupee","00","16","9","71","132","3","8"
"U. S. Representative -- 6th Congressional District","Pointe Coupee","00","16B","0","5","28","0","3"
"U. S. Representative -- 6th Congressional District","Pointe Coupee","00","17","10","147","400","1","16"
"U. S. Representative -- 6th Congressional District","Pointe Coupee","00","17A","3","46","182","1","8"
"U. S. Representative -- 6th Congressional District","Pointe Coupee","00","18","18","109","358","4","19"
"U. S. Representative -- 6th Congressional District","Pointe Coupee","00","19","16","72","209","2","12"
"U. S. Representative -- 6th Congressional District","Pointe Coupee","00","20","13","97","140","3","7"
"U. S. Representative -- 6th Congressional District","Pointe Coupee","Early Voting","","183","1683","2807","29","304"
"U. S. Representative -- 6th Congressional District","Pointe Coupee","Provisional Votes","","0","0","0","0","0"
"U. S. Representative -- 6th Congressional District","Rapides","00","C01","3","40","8","0","0"
"U. S. Representative -- 6th Congressional District","Rapides","00","C02","15","107","7","2","16"
"U. S. Representative -- 6th Congressional District","Rapides","00","C03","21","159","10","3","8"
"U. S. Representative -- 6th Congressional District","Rapides","00","C04 AK","14","184","6","4","10"
"U. S. Representative -- 6th Congressional District","Rapides","00","C04 LZ","19","136","9","4","6"
"U. S. Representative -- 6th Congressional District","Rapides","00","C05","16","162","11","5","2"
"U. S. Representative -- 6th Congressional District","Rapides","00","C06","35","222","7","7","13"
"U. S. Representative -- 6th Congressional District","Rapides","00","C07","11","132","5","6","5"
"U. S. Representative -- 6th Congressional District","Rapides","00","C08","12","70","6","1","1"
"U. S. Representative -- 6th Congressional District","Rapides","00","C09","9","101","2","1","1"
"U. S. Representative -- 6th Congressional District","Rapides","00","C10","10","92","4","6","3"
"U. S. Representative -- 6th Congressional District","Rapides","00","C11A","7","46","4","1","3"
"U. S. Representative -- 6th Congressional District","Rapides","00","C11B","9","80","4","3","2"
"U. S. Representative -- 6th Congressional District","Rapides","00","C13 AK","29","147","61","4","5"
"U. S. Representative -- 6th Congressional District","Rapides","00","C13 LZ","23","148","69","2","4"
"U. S. Representative -- 6th Congressional District","Rapides","00","C14","15","65","41","2","3"
"U. S. Representative -- 6th Congressional District","Rapides","00","C15","28","253","37","8","21"
"U. S. Representative -- 6th Congressional District","Rapides","00","C17","29","109","102","4","4"
"U. S. Representative -- 6th Congressional District","Rapides","00","C18","24","114","84","3","9"
"U. S. Representative -- 6th Congressional District","Rapides","00","C19","19","101","50","4","7"
"U. S. Representative -- 6th Congressional District","Rapides","00","C20","23","195","24","6","5"
"U. S. Representative -- 6th Congressional District","Rapides","00","C21 AK","27","195","54","6","14"
"U. S. Representative -- 6th Congressional District","Rapides","00","C21 LZ","25","187","37","4","4"
"U. S. Representative -- 6th Congressional District","Rapides","00","C24","16","164","76","2","3"
"U. S. Representative -- 6th Congressional District","Rapides","00","C25","31","171","94","6","6"
"U. S. Representative -- 6th Congressional District","Rapides","00","C26","17","79","112","4","4"
"U. S. Representative -- 6th Congressional District","Rapides","00","C27","29","100","100","1","8"
"U. S. Representative -- 6th Congressional District","Rapides","00","C28","19","121","46","3","0"
"U. S. Representative -- 6th Congressional District","Rapides","00","C30","27","103","144","4","6"
"U. S. Representative -- 6th Congressional District","Rapides","00","C31","20","92","156","2","4"
"U. S. Representative -- 6th Congressional District","Rapides","00","C32","27","104","158","2","5"
"U. S. Representative -- 6th Congressional District","Rapides","00","C33","25","100","180","4","4"
"U. S. Representative -- 6th Congressional District","Rapides","00","C34","17","52","148","3","6"
"U. S. Representative -- 6th Congressional District","Rapides","00","C36 AK","5","94","198","2","5"
"U. S. Representative -- 6th Congressional District","Rapides","00","C36 LZ","18","62","210","2","6"
"U. S. Representative -- 6th Congressional District","Rapides","00","C38A","12","48","30","5","3"
"U. S. Representative -- 6th Congressional District","Rapides","00","C38B","33","152","172","5","9"
"U. S. Representative -- 6th Congressional District","Rapides","00","C39","17","61","33","0","1"
"U. S. Representative -- 6th Congressional District","Rapides","00","C40","26","83","30","4","6"
"U. S. Representative -- 6th Congressional District","Rapides","00","C42","32","113","354","4","9"
"U. S. Representative -- 6th Congressional District","Rapides","00","N01","6","28","30","2","0"
"U. S. Representative -- 6th Congressional District","Rapides","00","N02","17","73","45","3","7"
"U. S. Representative -- 6th Congressional District","Rapides","00","N03","26","107","76","3","3"
"U. S. Representative -- 6th Congressional District","Rapides","00","N04","14","81","56","1","4"
"U. S. Representative -- 6th Congressional District","Rapides","00","N05","18","75","162","1","5"
"U. S. Representative -- 6th Congressional District","Rapides","00","N06","17","110","233","2","5"
"U. S. Representative -- 6th Congressional District","Rapides","00","N07","5","14","49","0","2"
"U. S. Representative -- 6th Congressional District","Rapides","00","N08 AK","14","53","77","0","5"
"U. S. Representative -- 6th Congressional District","Rapides","00","N08 LZ","12","43","78","3","6"
"U. S. Representative -- 6th Congressional District","Rapides","00","N09","23","59","104","0","0"
"U. S. Representative -- 6th Congressional District","Rapides","00","N10 AK","18","51","143","5","3"
"U. S. Representative -- 6th Congressional District","Rapides","00","N10 LZ","13","56","195","6","1"
"U. S. Representative -- 6th Congressional District","Rapides","00","N11","7","40","131","1","0"
"U. S. Representative -- 6th Congressional District","Rapides","00","N12","18","91","285","3","2"
"U. S. Representative -- 6th Congressional District","Rapides","00","N13A","7","44","149","1","3"
"U. S. Representative -- 6th Congressional District","Rapides","00","N13B","16","63","197","4","4"
"U. S. Representative -- 6th Congressional District","Rapides","00","N14A","3","16","60","0","1"
"U. S. Representative -- 6th Congressional District","Rapides","00","N14B","6","11","46","1","2"
"U. S. Representative -- 6th Congressional District","Rapides","00","N15","10","41","151","4","2"
"U. S. Representative -- 6th Congressional District","Rapides","00","N16","7","43","155","3","4"
"U. S. Representative -- 6th Congressional District","Rapides","00","N17","4","27","221","1","4"
"U. S. Representative -- 6th Congressional District","Rapides","00","N18A","29","87","349","1","7"
"U. S. Representative -- 6th Congressional District","Rapides","00","N18B","21","58","328","6","10"
"U. S. Representative -- 6th Congressional District","Rapides","00","N19 AK","14","60","236","8","6"
"U. S. Representative -- 6th Congressional District","Rapides","00","N19 LZ","11","41","225","4","8"
"U. S. Representative -- 6th Congressional District","Rapides","00","N20 AK","10","51","263","4","5"
"U. S. Representative -- 6th Congressional District","Rapides","00","N20 LZ","5","45","250","0","2"
"U. S. Representative -- 6th Congressional District","Rapides","00","N21","2","32","125","0","2"
"U. S. Representative -- 6th Congressional District","Rapides","00","N22","6","19","184","1","3"
"U. S. Representative -- 6th Congressional District","Rapides","00","N23","9","43","412","2","4"
"U. S. Representative -- 6th Congressional District","Rapides","00","N24 AK","9","50","396","1","3"
"U. S. Representative -- 6th Congressional District","Rapides","00","N24 LZ","5","32","330","5","6"
"U. S. Representative -- 6th Congressional District","Rapides","00","N25","3","31","316","2","2"
"U. S. Representative -- 6th Congressional District","Rapides","00","N26 AK","8","46","242","2","5"
"U. S. Representative -- 6th Congressional District","Rapides","00","N26 LZ","10","40","246","2","0"
"U. S. Representative -- 6th Congressional District","Rapides","00","N27","16","89","515","3","6"
"U. S. Representative -- 6th Congressional District","Rapides","00","N28","8","50","289","4","5"
"U. S. Representative -- 6th Congressional District","Rapides","00","N29","4","26","174","1","3"
"U. S. Representative -- 6th Congressional District","Rapides","00","S01","9","78","168","2","3"
"U. S. Representative -- 6th Congressional District","Rapides","00","S02","4","15","95","1","4"
"U. S. Representative -- 6th Congressional District","Rapides","00","S04","22","149","41","6","4"
"U. S. Representative -- 6th Congressional District","Rapides","00","S05","2","9","68","0","1"
"U. S. Representative -- 6th Congressional District","Rapides","00","S06A","11","46","174","1","0"
"U. S. Representative -- 6th Congressional District","Rapides","00","S06B","2","27","33","1","1"
"U. S. Representative -- 6th Congressional District","Rapides","00","S15","15","77","297","3","4"
"U. S. Representative -- 6th Congressional District","Rapides","00","S16","9","79","429","0","3"
"U. S. Representative -- 6th Congressional District","Rapides","00","S17","3","23","66","0","2"
"U. S. Representative -- 6th Congressional District","Rapides","00","S18","13","105","36","3","1"
"U. S. Representative -- 6th Congressional District","Rapides","00","S19","6","24","85","0","0"
"U. S. Representative -- 6th Congressional District","Rapides","00","S20","20","195","56","2","6"
"U. S. Representative -- 6th Congressional District","Rapides","Early Voting","","1015","6177","10665","137","326"
"U. S. Representative -- 6th Congressional District","Rapides","Provisional Votes","","0","0","0","0","0"
"U. S. Representative -- 6th Congressional District","St. Landry","00","01","3","52","46","0","1"
"U. S. Representative -- 6th Congressional District","St. Landry","00","01A","3","9","98","0","0"
"U. S. Representative -- 6th Congressional District","St. Landry","00","01B","7","30","32","2","2"
"U. S. Representative -- 6th Congressional District","St. Landry","00","01C","5","14","79","1","3"
"U. S. Representative -- 6th Congressional District","St. Landry","00","01D","1","9","54","0","1"
"U. S. Representative -- 6th Congressional District","St. Landry","00","02","9","96","100","2","3"
"U. S. Representative -- 6th Congressional District","St. Landry","00","02A","1","12","42","0","1"
"U. S. Representative -- 6th Congressional District","St. Landry","00","02B","7","102","13","2","3"
"U. S. Representative -- 6th Congressional District","St. Landry","00","02C","3","14","92","1","1"
"U. S. Representative -- 6th Congressional District","St. Landry","00","03","11","171","88","3","15"
"U. S. Representative -- 6th Congressional District","St. Landry","00","04","8","55","436","6","8"
"U. S. Representative -- 6th Congressional District","St. Landry","00","04A","0","1","32","1","1"
"U. S. Representative -- 6th Congressional District","St. Landry","00","04B","3","6","65","0","2"
"U. S. Representative -- 6th Congressional District","St. Landry","00","05","2","21","24","1","0"
"U. S. Representative -- 6th Congressional District","St. Landry","00","06","15","122","111","12","3"
"U. S. Representative -- 6th Congressional District","St. Landry","00","07","2","20","270","1","9"
"U. S. Representative -- 6th Congressional District","St. Landry","00","07A","4","39","141","2","2"
"U. S. Representative -- 6th Congressional District","St. Landry","00","08","10","103","180","7","0"
"U. S. Representative -- 6th Congressional District","St. Landry","00","09","26","403","203","29","10"
"U. S. Representative -- 6th Congressional District","St. Landry","00","09A","1","5","30","0","0"
"U. S. Representative -- 6th Congressional District","St. Landry","00","10","14","123","169","2","3"
"U. S. Representative -- 6th Congressional District","St. Landry","00","10A","4","37","40","1","1"
"U. S. Representative -- 6th Congressional District","St. Landry","00","11","14","164","59","8","6"
"U. S. Representative -- 6th Congressional District","St. Landry","00","11B","11","82","6","2","0"
"U. S. Representative -- 6th Congressional District","St. Landry","00","12","18","225","44","9","4"
"U. S. Representative -- 6th Congressional District","St. Landry","00","13","6","46","134","4","4"
"U. S. Representative -- 6th Congressional District","St. Landry","00","13A","1","4","64","0","0"
"U. S. Representative -- 6th Congressional District","St. Landry","00","14","9","32","173","0","0"
"U. S. Representative -- 6th Congressional District","St. Landry","00","14A","5","32","133","0","3"
"U. S. Representative -- 6th Congressional District","St. Landry","00","14B","12","103","125","4","3"
"U. S. Representative -- 6th Congressional District","St. Landry","00","15","18","150","318","6","5"
"U. S. Representative -- 6th Congressional District","St. Landry","00","16","4","23","328","0","2"
"U. S. Representative -- 6th Congressional District","St. Landry","00","16A","3","7","128","1","1"
"U. S. Representative -- 6th Congressional District","St. Landry","00","17","7","41","283","1","2"
"U. S. Representative -- 6th Congressional District","St. Landry","00","18","21","273","230","2","3"
"U. S. Representative -- 6th Congressional District","St. Landry","00","18A","3","27","30","0","0"
"U. S. Representative -- 6th Congressional District","St. Landry","00","18B","9","56","99","0","1"
"U. S. Representative -- 6th Congressional District","St. Landry","00","19","9","93","11","2","0"
"U. S. Representative -- 6th Congressional District","St. Landry","00","19A","7","92","19","4","4"
"U. S. Representative -- 6th Congressional District","St. Landry","00","20","9","140","60","4","3"
"U. S. Representative -- 6th Congressional District","St. Landry","00","20B","6","102","55","4","2"
"U. S. Representative -- 6th Congressional District","St. Landry","00","21","12","83","34","6","2"
"U. S. Representative -- 6th Congressional District","St. Landry","00","21A","1","22","8","0","1"
"U. S. Representative -- 6th Congressional District","St. Landry","00","22","22","226","61","10","5"
"U. S. Representative -- 6th Congressional District","St. Landry","00","22B","4","38","8","0","1"
"U. S. Representative -- 6th Congressional District","St. Landry","00","23","14","231","37","5","2"
"U. S. Representative -- 6th Congressional District","St. Landry","00","23A","17","198","26","2","3"
"U. S. Representative -- 6th Congressional District","St. Landry","00","24","10","174","158","3","0"
"U. S. Representative -- 6th Congressional District","St. Landry","00","24B","7","95","132","3","4"
"U. S. Representative -- 6th Congressional District","St. Landry","00","25","27","304","39","7","6"
"U. S. Representative -- 6th Congressional District","St. Landry","00","26","13","134","93","8","8"
"U. S. Representative -- 6th Congressional District","St. Landry","00","26A","8","63","22","3","1"
"U. S. Representative -- 6th Congressional District","St. Landry","00","27","27","143","194","5","9"
"U. S. Representative -- 6th Congressional District","St. Landry","00","28","12","81","157","3","7"
"U. S. Representative -- 6th Congressional District","St. Landry","00","29","24","148","270","4","6"
"U. S. Representative -- 6th Congressional District","St. Landry","00","29A","2","9","22","1","0"
"U. S. Representative -- 6th Congressional District","St. Landry","00","30","3","21","199","1","3"
"U. S. Representative -- 6th Congressional District","St. Landry","00","30A","18","102","296","0","7"
"U. S. Representative -- 6th Congressional District","St. Landry","00","30B","3","25","142","0","1"
"U. S. Representative -- 6th Congressional District","St. Landry","00","31","15","146","206","2","3"
"U. S. Representative -- 6th Congressional District","St. Landry","00","32","12","128","360","7","1"
"U. S. Representative -- 6th Congressional District","St. Landry","00","32A","4","30","41","0","2"
"U. S. Representative -- 6th Congressional District","St. Landry","00","33","20","184","321","6","3"
"U. S. Representative -- 6th Congressional District","St. Landry","00","33A","6","44","48","1","2"
"U. S. Representative -- 6th Congressional District","St. Landry","00","34","6","54","171","0","1"
"U. S. Representative -- 6th Congressional District","St. Landry","00","34A","6","30","164","0","1"
"U. S. Representative -- 6th Congressional District","St. Landry","00","35","51","359","384","11","15"
"U. S. Representative -- 6th Congressional District","St. Landry","00","36","13","225","64","2","5"
"U. S. Representative -- 6th Congressional District","St. Landry","00","37","9","43","168","0","3"
"U. S. Representative -- 6th Congressional District","St. Landry","00","37A","8","62","156","1","3"
"U. S. Representative -- 6th Congressional District","St. Landry","00","38","5","70","198","3","6"
"U. S. Representative -- 6th Congressional District","St. Landry","00","39","20","79","464","4","7"
"U. S. Representative -- 6th Congressional District","St. Landry","00","39A","1","2","43","1","1"
"U. S. Representative -- 6th Congressional District","St. Landry","00","40","14","60","214","2","5"
"U. S. Representative -- 6th Congressional District","St. Landry","00","41","14","69","408","3","1"
"U. S. Representative -- 6th Congressional District","St. Landry","00","41A","5","28","32","1","0"
"U. S. Representative -- 6th Congressional District","St. Landry","00","42","3","36","146","1","5"
"U. S. Representative -- 6th Congressional District","St. Landry","00","43","23","94","388","2","8"
"U. S. Representative -- 6th Congressional District","St. Landry","00","44","4","37","145","1","2"
"U. S. Representative -- 6th Congressional District","St. Landry","00","44A","6","22","33","0","0"
"U. S. Representative -- 6th Congressional District","St. Landry","00","44B","5","78","62","1","2"
"U. S. Representative -- 6th Congressional District","St. Landry","00","45","9","52","188","2","2"
"U. S. Representative -- 6th Congressional District","St. Landry","00","46","10","33","131","3","1"
"U. S. Representative -- 6th Congressional District","St. Landry","00","47","9","62","159","1","5"
"U. S. Representative -- 6th Congressional District","St. Landry","00","48","17","84","53","6","1"
"U. S. Representative -- 6th Congressional District","St. Landry","00","49","14","99","118","3","12"
"U. S. Representative -- 6th Congressional District","St. Landry","00","50","11","74","14","1","2"
"U. S. Representative -- 6th Congressional District","St. Landry","00","50A","3","12","25","0","0"
"U. S. Representative -- 6th Congressional District","St. Landry","00","51","18","127","38","4","2"
"U. S. Representative -- 6th Congressional District","St. Landry","00","51A","0","12","17","0","2"
"U. S. Representative -- 6th Congressional District","St. Landry","00","52","14","63","227","4","6"
"U. S. Representative -- 6th Congressional District","St. Landry","Early Voting","","573","5807","8020","167","195"
"U. S. Representative -- 6th Congressional District","St. Landry","Provisional Votes","","1","1","1","0","0"
"U. S. Representative -- 6th Congressional District","West Baton Rouge","00","01A","21","187","273","3","6"
"U. S. Representative -- 6th Congressional District","West Baton Rouge","00","01B","23","155","95","4","6"
"U. S. Representative -- 6th Congressional District","West Baton Rouge","00","01C","4","20","27","0","1"
"U. S. Representative -- 6th Congressional District","West Baton Rouge","00","01D","51","279","178","14","12"
"U. S. Representative -- 6th Congressional District","West Baton Rouge","00","01E","14","57","54","4","1"
"U. S. Representative -- 6th Congressional District","West Baton Rouge","00","02A","5","46","28","1","0"
"U. S. Representative -- 6th Congressional District","West Baton Rouge","00","02B","25","104","243","2","2"
"U. S. Representative -- 6th Congressional District","West Baton Rouge","00","03","4","17","62","3","1"
"U. S. Representative -- 6th Congressional District","West Baton Rouge","00","04A","10","68","116","2","3"
"U. S. Representative -- 6th Congressional District","West Baton Rouge","00","04B","3","19","14","0","1"
"U. S. Representative -- 6th Congressional District","West Baton Rouge","00","05","3","26","70","1","2"
"U. S. Representative -- 6th Congressional District","West Baton Rouge","00","06","4","29","2","0","0"
"U. S. Representative -- 6th Congressional District","West Baton Rouge","00","07A","9","51","126","4","3"
"U. S. Representative -- 6th Congressional District","West Baton Rouge","00","07B","1","38","25","0","1"
"U. S. Representative -- 6th Congressional District","West Baton Rouge","00","08","14","200","42","2","3"
"U. S. Representative -- 6th Congressional District","West Baton Rouge","00","09","3","52","49","2","2"
"U. S. Representative -- 6th Congressional District","West Baton Rouge","00","10","2","25","61","1","2"
"U. S. Representative -- 6th Congressional District","West Baton Rouge","00","11","4","27","58","0","5"
"U. S. Representative -- 6th Congressional District","West Baton Rouge","00","13A","27","239","26","6","5"
"U. S. Representative -- 6th Congressional District","West Baton Rouge","00","13B","4","48","0","0","1"
"U. S. Representative -- 6th Congressional District","West Baton Rouge","00","14A","14","130","13","3","3"
"U. S. Representative -- 6th Congressional District","West Baton Rouge","00","14B","4","12","22","0","0"
"U. S. Representative -- 6th Congressional District","West Baton Rouge","00","15","19","246","8","1","6"
"U. S. Representative -- 6th Congressional District","West Baton Rouge","00","16","21","114","111","2","6"
"U. S. Representative -- 6th Congressional District","West Baton Rouge","00","17","5","51","31","2","3"
"U. S. Representative -- 6th Congressional District","West Baton Rouge","00","18","14","100","99","2","3"
"U. S. Representative -- 6th Congressional District","West Baton Rouge","00","19","12","120","108","2","2"
"U. S. Representative -- 6th Congressional District","West Baton Rouge","00","20","3","73","161","3","7"
"U. S. Representative -- 6th Congressional District","West Baton Rouge","00","21","10","69","165","4","4"
"U. S. Representative -- 6th Congressional District","West Baton Rouge","00","22","24","195","243","4","10"
"U. S. Representative -- 6th Congressional District","West Baton Rouge","Early Voting","","371","2893","4160","45","132"
"U. S. Representative -- 6th Congressional District","West Baton Rouge","Provisional Votes","","0","0","0","0","0"