state,election_year,jurisdiction_code,jurisdiction_name,county,local_unit,level,ballots_cast,registered_voters,turnout_pct,denominator_type,denominator_timing,denominator_note,warning_required,source_url,source_title,source_status
CO,2024,0800100000,ADAMS COUNTY,,ADAMS COUNTY,jurisdiction,236377,356527,66.2999,registeredVoters,eacReported,EAC-reported registered-voter denominator,false,https://www.eac.gov/research-and-data/studies-and-reports,U.S. EAC Election Administration and Voting Survey,candidate
CO,2024,0800300000,ALAMOSA COUNTY,,ALAMOSA COUNTY,jurisdiction,7674,11893,64.5254,registeredVoters,eacReported,EAC-reported registered-voter denominator,false,https://www.eac.gov/research-and-data/studies-and-reports,U.S. EAC Election Administration and Voting Survey,candidate
CO,2024,0800500000,ARAPAHOE COUNTY,,ARAPAHOE COUNTY,jurisdiction,330977,482362,68.6159,registeredVoters,eacReported,EAC-reported registered-voter denominator,false,https://www.eac.gov/research-and-data/studies-and-reports,U.S. EAC Election Administration and Voting Survey,candidate
CO,2024,0800700000,ARCHULETA COUNTY,,ARCHULETA COUNTY,jurisdiction,9489,13578,69.8851,registeredVoters,eacReported,EAC-reported registered-voter denominator,false,https://www.eac.gov/research-and-data/studies-and-reports,U.S. EAC Election Administration and Voting Survey,candidate
CO,2024,0800900000,BACA COUNTY,,BACA COUNTY,jurisdiction,2034,2874,70.7724,registeredVoters,eacReported,EAC-reported registered-voter denominator,false,https://www.eac.gov/research-and-data/studies-and-reports,U.S. EAC Election Administration and Voting Survey,candidate
CO,2024,0801100000,BENT COUNTY,,BENT COUNTY,jurisdiction,2221,3483,63.7669,registeredVoters,eacReported,EAC-reported registered-voter denominator,false,https://www.eac.gov/research-and-data/studies-and-reports,U.S. EAC Election Administration and Voting Survey,candidate
CO,2024,0801300000,BOULDER COUNTY,,BOULDER COUNTY,jurisdiction,198885,262877,75.6571,registeredVoters,eacReported,EAC-reported registered-voter denominator,false,https://www.eac.gov/research-and-data/studies-and-reports,U.S. EAC Election Administration and Voting Survey,candidate
CO,2024,0801400000,BROOMFIELD COUNTY,,BROOMFIELD COUNTY,jurisdiction,47545,62801,75.7074,registeredVoters,eacReported,EAC-reported registered-voter denominator,false,https://www.eac.gov/research-and-data/studies-and-reports,U.S. EAC Election Administration and Voting Survey,candidate
CO,2024,0801500000,CHAFFEE COUNTY,,CHAFFEE COUNTY,jurisdiction,14628,19042,76.8197,registeredVoters,eacReported,EAC-reported registered-voter denominator,false,https://www.eac.gov/research-and-data/studies-and-reports,U.S. EAC Election Administration and Voting Survey,candidate
CO,2024,0801700000,CHEYENNE COUNTY,,CHEYENNE COUNTY,jurisdiction,1064,1379,77.1574,registeredVoters,eacReported,EAC-reported registered-voter denominator,false,https://www.eac.gov/research-and-data/studies-and-reports,U.S. EAC Election Administration and Voting Survey,candidate
CO,2024,0801900000,CLEAR CREEK COUNTY,,CLEAR CREEK COUNTY,jurisdiction,6181,8636,71.5725,registeredVoters,eacReported,EAC-reported registered-voter denominator,false,https://www.eac.gov/research-and-data/studies-and-reports,U.S. EAC Election Administration and Voting Survey,candidate
CO,2024,0802100000,CONEJOS COUNTY,,CONEJOS COUNTY,jurisdiction,4196,5901,71.1066,registeredVoters,eacReported,EAC-reported registered-voter denominator,false,https://www.eac.gov/research-and-data/studies-and-reports,U.S. EAC Election Administration and Voting Survey,candidate
CO,2024,0802300000,COSTILLA COUNTY,,COSTILLA COUNTY,jurisdiction,2149,3450,62.2899,registeredVoters,eacReported,EAC-reported registered-voter denominator,false,https://www.eac.gov/research-and-data/studies-and-reports,U.S. EAC Election Administration and Voting Survey,candidate
CO,2024,0802500000,CROWLEY COUNTY,,CROWLEY COUNTY,jurisdiction,1729,2543,67.9906,registeredVoters,eacReported,EAC-reported registered-voter denominator,false,https://www.eac.gov/research-and-data/studies-and-reports,U.S. EAC Election Administration and Voting Survey,candidate
CO,2024,0802700000,CUSTER COUNTY,,CUSTER COUNTY,jurisdiction,3932,5178,75.9367,registeredVoters,eacReported,EAC-reported registered-voter denominator,false,https://www.eac.gov/research-and-data/studies-and-reports,U.S. EAC Election Administration and Voting Survey,candidate
CO,2024,0802900000,DELTA COUNTY,,DELTA COUNTY,jurisdiction,19744,26228,75.2783,registeredVoters,eacReported,EAC-reported registered-voter denominator,false,https://www.eac.gov/research-and-data/studies-and-reports,U.S. EAC Election Administration and Voting Survey,candidate
CO,2024,0803100000,DENVER COUNTY,,DENVER COUNTY,jurisdiction,369373,561253,65.8122,registeredVoters,eacReported,EAC-reported registered-voter denominator,false,https://www.eac.gov/research-and-data/studies-and-reports,U.S. EAC Election Administration and Voting Survey,candidate
CO,2024,0803300000,DOLORES COUNTY,,DOLORES COUNTY,jurisdiction,1429,1842,77.5787,registeredVoters,eacReported,EAC-reported registered-voter denominator,false,https://www.eac.gov/research-and-data/studies-and-reports,U.S. EAC Election Administration and Voting Survey,candidate
CO,2024,0803500000,DOUGLAS COUNTY,,DOUGLAS COUNTY,jurisdiction,248052,315901,78.5221,registeredVoters,eacReported,EAC-reported registered-voter denominator,false,https://www.eac.gov/research-and-data/studies-and-reports,U.S. EAC Election Administration and Voting Survey,candidate
CO,2024,0803700000,EAGLE COUNTY,,EAGLE COUNTY,jurisdiction,28226,40072,70.4382,registeredVoters,eacReported,EAC-reported registered-voter denominator,false,https://www.eac.gov/research-and-data/studies-and-reports,U.S. EAC Election Administration and Voting Survey,candidate
CO,2024,0803900000,ELBERT COUNTY,,ELBERT COUNTY,jurisdiction,20658,26254,78.6852,registeredVoters,eacReported,EAC-reported registered-voter denominator,false,https://www.eac.gov/research-and-data/studies-and-reports,U.S. EAC Election Administration and Voting Survey,candidate
CO,2024,0804100000,EL PASO COUNTY,,EL PASO COUNTY,jurisdiction,387493,587655,65.9389,registeredVoters,eacReported,EAC-reported registered-voter denominator,false,https://www.eac.gov/research-and-data/studies-and-reports,U.S. EAC Election Administration and Voting Survey,candidate
CO,2024,0804300000,FREMONT COUNTY,,FREMONT COUNTY,jurisdiction,25831,35686,72.3841,registeredVoters,eacReported,EAC-reported registered-voter denominator,false,https://www.eac.gov/research-and-data/studies-and-reports,U.S. EAC Election Administration and Voting Survey,candidate
CO,2024,0804500000,GARFIELD COUNTY,,GARFIELD COUNTY,jurisdiction,30769,43462,70.7952,registeredVoters,eacReported,EAC-reported registered-voter denominator,false,https://www.eac.gov/research-and-data/studies-and-reports,U.S. EAC Election Administration and Voting Survey,candidate
CO,2024,0804700000,GILPIN COUNTY,,GILPIN COUNTY,jurisdiction,4187,5858,71.4749,registeredVoters,eacReported,EAC-reported registered-voter denominator,false,https://www.eac.gov/research-and-data/studies-and-reports,U.S. EAC Election Administration and Voting Survey,candidate
CO,2024,0804900000,GRAND COUNTY,,GRAND COUNTY,jurisdiction,10064,13926,72.2677,registeredVoters,eacReported,EAC-reported registered-voter denominator,false,https://www.eac.gov/research-and-data/studies-and-reports,U.S. EAC Election Administration and Voting Survey,candidate
CO,2024,0805100000,GUNNISON COUNTY,,GUNNISON COUNTY,jurisdiction,11126,15123,73.5701,registeredVoters,eacReported,EAC-reported registered-voter denominator,false,https://www.eac.gov/research-and-data/studies-and-reports,U.S. EAC Election Administration and Voting Survey,candidate
CO,2024,0805300000,HINSDALE COUNTY,,HINSDALE COUNTY,jurisdiction,618,750,82.4000,registeredVoters,eacReported,EAC-reported registered-voter denominator,false,https://www.eac.gov/research-and-data/studies-and-reports,U.S. EAC Election Administration and Voting Survey,candidate
CO,2024,0805500000,HUERFANO COUNTY,,HUERFANO COUNTY,jurisdiction,4511,6440,70.0466,registeredVoters,eacReported,EAC-reported registered-voter denominator,false,https://www.eac.gov/research-and-data/studies-and-reports,U.S. EAC Election Administration and Voting Survey,candidate
CO,2024,0805700000,JACKSON COUNTY,,JACKSON COUNTY,jurisdiction,845,1196,70.6522,registeredVoters,eacReported,EAC-reported registered-voter denominator,false,https://www.eac.gov/research-and-data/studies-and-reports,U.S. EAC Election Administration and Voting Survey,candidate
CO,2024,0805900000,JEFFERSON COUNTY,,JEFFERSON COUNTY,jurisdiction,367416,480149,76.5212,registeredVoters,eacReported,EAC-reported registered-voter denominator,false,https://www.eac.gov/research-and-data/studies-and-reports,U.S. EAC Election Administration and Voting Survey,candidate
CO,2024,0806100000,KIOWA COUNTY,,KIOWA COUNTY,jurisdiction,868,1115,77.8475,registeredVoters,eacReported,EAC-reported registered-voter denominator,false,https://www.eac.gov/research-and-data/studies-and-reports,U.S. EAC Election Administration and Voting Survey,candidate
CO,2024,0806300000,KIT CARSON COUNTY,,KIT CARSON COUNTY,jurisdiction,3739,5289,70.6939,registeredVoters,eacReported,EAC-reported registered-voter denominator,false,https://www.eac.gov/research-and-data/studies-and-reports,U.S. EAC Election Administration and Voting Survey,candidate
CO,2024,0806500000,LAKE COUNTY,,LAKE COUNTY,jurisdiction,3973,6392,62.1558,registeredVoters,eacReported,EAC-reported registered-voter denominator,false,https://www.eac.gov/research-and-data/studies-and-reports,U.S. EAC Election Administration and Voting Survey,candidate
CO,2024,0806700000,LA PLATA COUNTY,,LA PLATA COUNTY,jurisdiction,36175,52091,69.4458,registeredVoters,eacReported,EAC-reported registered-voter denominator,false,https://www.eac.gov/research-and-data/studies-and-reports,U.S. EAC Election Administration and Voting Survey,candidate
CO,2024,0806900000,LARIMER COUNTY,,LARIMER COUNTY,jurisdiction,229064,304750,75.1646,registeredVoters,eacReported,EAC-reported registered-voter denominator,false,https://www.eac.gov/research-and-data/studies-and-reports,U.S. EAC Election Administration and Voting Survey,candidate
CO,2024,0807100000,LAS ANIMAS COUNTY,,LAS ANIMAS COUNTY,jurisdiction,7868,12701,61.9479,registeredVoters,eacReported,EAC-reported registered-voter denominator,false,https://www.eac.gov/research-and-data/studies-and-reports,U.S. EAC Election Administration and Voting Survey,candidate
CO,2024,0807300000,LINCOLN COUNTY,,LINCOLN COUNTY,jurisdiction,2597,3693,70.3222,registeredVoters,eacReported,EAC-reported registered-voter denominator,false,https://www.eac.gov/research-and-data/studies-and-reports,U.S. EAC Election Administration and Voting Survey,candidate
CO,2024,0807500000,LOGAN COUNTY,,LOGAN COUNTY,jurisdiction,10274,14043,73.1610,registeredVoters,eacReported,EAC-reported registered-voter denominator,false,https://www.eac.gov/research-and-data/studies-and-reports,U.S. EAC Election Administration and Voting Survey,candidate
CO,2024,0807700000,MESA COUNTY,,MESA COUNTY,jurisdiction,92921,129585,71.7066,registeredVoters,eacReported,EAC-reported registered-voter denominator,false,https://www.eac.gov/research-and-data/studies-and-reports,U.S. EAC Election Administration and Voting Survey,candidate
CO,2024,0807900000,MINERAL COUNTY,,MINERAL COUNTY,jurisdiction,766,1004,76.2948,registeredVoters,eacReported,EAC-reported registered-voter denominator,false,https://www.eac.gov/research-and-data/studies-and-reports,U.S. EAC Election Administration and Voting Survey,candidate
CO,2024,0808100000,MOFFAT COUNTY,,MOFFAT COUNTY,jurisdiction,6731,10272,65.5276,registeredVoters,eacReported,EAC-reported registered-voter denominator,false,https://www.eac.gov/research-and-data/studies-and-reports,U.S. EAC Election Administration and Voting Survey,candidate
CO,2024,0808300000,MONTEZUMA COUNTY,,MONTEZUMA COUNTY,jurisdiction,15326,22627,67.7332,registeredVoters,eacReported,EAC-reported registered-voter denominator,false,https://www.eac.gov/research-and-data/studies-and-reports,U.S. EAC Election Administration and Voting Survey,candidate
CO,2024,0808500000,MONTROSE COUNTY,,MONTROSE COUNTY,jurisdiction,25994,34857,74.5733,registeredVoters,eacReported,EAC-reported registered-voter denominator,false,https://www.eac.gov/research-and-data/studies-and-reports,U.S. EAC Election Administration and Voting Survey,candidate
CO,2024,0808700000,MORGAN COUNTY,,MORGAN COUNTY,jurisdiction,13603,20373,66.7697,registeredVoters,eacReported,EAC-reported registered-voter denominator,false,https://www.eac.gov/research-and-data/studies-and-reports,U.S. EAC Election Administration and Voting Survey,candidate
CO,2024,0808900000,OTERO COUNTY,,OTERO COUNTY,jurisdiction,9035,13914,64.9346,registeredVoters,eacReported,EAC-reported registered-voter denominator,false,https://www.eac.gov/research-and-data/studies-and-reports,U.S. EAC Election Administration and Voting Survey,candidate
CO,2024,0809100000,OURAY COUNTY,,OURAY COUNTY,jurisdiction,4157,5193,80.0501,registeredVoters,eacReported,EAC-reported registered-voter denominator,false,https://www.eac.gov/research-and-data/studies-and-reports,U.S. EAC Election Administration and Voting Survey,candidate
CO,2024,0809300000,PARK COUNTY,,PARK COUNTY,jurisdiction,12219,17068,71.5901,registeredVoters,eacReported,EAC-reported registered-voter denominator,false,https://www.eac.gov/research-and-data/studies-and-reports,U.S. EAC Election Administration and Voting Survey,candidate
CO,2024,0809500000,PHILLIPS COUNTY,,PHILLIPS COUNTY,jurisdiction,2384,3160,75.4430,registeredVoters,eacReported,EAC-reported registered-voter denominator,false,https://www.eac.gov/research-and-data/studies-and-reports,U.S. EAC Election Administration and Voting Survey,candidate
CO,2024,0809700000,PITKIN COUNTY,,PITKIN COUNTY,jurisdiction,11349,15604,72.7314,registeredVoters,eacReported,EAC-reported registered-voter denominator,false,https://www.eac.gov/research-and-data/studies-and-reports,U.S. EAC Election Administration and Voting Survey,candidate
CO,2024,0809900000,PROWERS COUNTY,,PROWERS COUNTY,jurisdiction,5209,7982,65.2593,registeredVoters,eacReported,EAC-reported registered-voter denominator,false,https://www.eac.gov/research-and-data/studies-and-reports,U.S. EAC Election Administration and Voting Survey,candidate
CO,2024,0810100000,PUEBLO COUNTY,,PUEBLO COUNTY,jurisdiction,86126,128315,67.1208,registeredVoters,eacReported,EAC-reported registered-voter denominator,false,https://www.eac.gov/research-and-data/studies-and-reports,U.S. EAC Election Administration and Voting Survey,candidate
CO,2024,0810300000,RIO BLANCO COUNTY,,RIO BLANCO COUNTY,jurisdiction,3732,5182,72.0185,registeredVoters,eacReported,EAC-reported registered-voter denominator,false,https://www.eac.gov/research-and-data/studies-and-reports,U.S. EAC Election Administration and Voting Survey,candidate
CO,2024,0810500000,RIO GRANDE COUNTY,,RIO GRANDE COUNTY,jurisdiction,6286,9556,65.7807,registeredVoters,eacReported,EAC-reported registered-voter denominator,false,https://www.eac.gov/research-and-data/studies-and-reports,U.S. EAC Election Administration and Voting Survey,candidate
CO,2024,0810700000,ROUTT COUNTY,,ROUTT COUNTY,jurisdiction,16632,22738,73.1463,registeredVoters,eacReported,EAC-reported registered-voter denominator,false,https://www.eac.gov/research-and-data/studies-and-reports,U.S. EAC Election Administration and Voting Survey,candidate
CO,2024,0810900000,SAGUACHE COUNTY,,SAGUACHE COUNTY,jurisdiction,3446,5254,65.5881,registeredVoters,eacReported,EAC-reported registered-voter denominator,false,https://www.eac.gov/research-and-data/studies-and-reports,U.S. EAC Election Administration and Voting Survey,candidate
CO,2024,0811100000,SAN JUAN COUNTY,,SAN JUAN COUNTY,jurisdiction,597,828,72.1014,registeredVoters,eacReported,EAC-reported registered-voter denominator,false,https://www.eac.gov/research-and-data/studies-and-reports,U.S. EAC Election Administration and Voting Survey,candidate
CO,2024,0811300000,SAN MIGUEL COUNTY,,SAN MIGUEL COUNTY,jurisdiction,4870,6840,71.1988,registeredVoters,eacReported,EAC-reported registered-voter denominator,false,https://www.eac.gov/research-and-data/studies-and-reports,U.S. EAC Election Administration and Voting Survey,candidate
CO,2024,0811500000,SEDGWICK COUNTY,,SEDGWICK COUNTY,jurisdiction,1371,1924,71.2578,registeredVoters,eacReported,EAC-reported registered-voter denominator,false,https://www.eac.gov/research-and-data/studies-and-reports,U.S. EAC Election Administration and Voting Survey,candidate
CO,2024,0811700000,SUMMIT COUNTY,,SUMMIT COUNTY,jurisdiction,17818,25666,69.4226,registeredVoters,eacReported,EAC-reported registered-voter denominator,false,https://www.eac.gov/research-and-data/studies-and-reports,U.S. EAC Election Administration and Voting Survey,candidate
CO,2024,0811900000,TELLER COUNTY,,TELLER COUNTY,jurisdiction,16578,22912,72.3551,registeredVoters,eacReported,EAC-reported registered-voter denominator,false,https://www.eac.gov/research-and-data/studies-and-reports,U.S. EAC Election Administration and Voting Survey,candidate
CO,2024,0812100000,WASHINGTON COUNTY,,WASHINGTON COUNTY,jurisdiction,2838,3663,77.4775,registeredVoters,eacReported,EAC-reported registered-voter denominator,false,https://www.eac.gov/research-and-data/studies-and-reports,U.S. EAC Election Administration and Voting Survey,candidate
CO,2024,0812300000,WELD COUNTY,,WELD COUNTY,jurisdiction,182066,258022,70.5622,registeredVoters,eacReported,EAC-reported registered-voter denominator,false,https://www.eac.gov/research-and-data/studies-and-reports,U.S. EAC Election Administration and Voting Survey,candidate
CO,2024,0812500000,YUMA COUNTY,,YUMA COUNTY,jurisdiction,4719,6348,74.3384,registeredVoters,eacReported,EAC-reported registered-voter denominator,false,https://www.eac.gov/research-and-data/studies-and-reports,U.S. EAC Election Administration and Voting Survey,candidate
