state,election_year,jurisdiction_code,jurisdiction_name,county,local_unit,registered_voters,source_field,source_url,codebook_url,warning_required,notes
KS,2024,2000100000,ALLEN COUNTY,,ALLEN COUNTY,8937,A1a Total Reg,https://www.eac.gov/research-and-data/studies-and-reports,https://www.eac.gov/sites/default/files/2025-06/2024_EAVS_Codebook.xlsx,false,EAC 2024 EAVS V2 A1a Total Reg registered-voter denominator.
KS,2024,2000300000,ANDERSON COUNTY,,ANDERSON COUNTY,5767,A1a Total Reg,https://www.eac.gov/research-and-data/studies-and-reports,https://www.eac.gov/sites/default/files/2025-06/2024_EAVS_Codebook.xlsx,false,EAC 2024 EAVS V2 A1a Total Reg registered-voter denominator.
KS,2024,2000500000,ATCHISON COUNTY,,ATCHISON COUNTY,11945,A1a Total Reg,https://www.eac.gov/research-and-data/studies-and-reports,https://www.eac.gov/sites/default/files/2025-06/2024_EAVS_Codebook.xlsx,false,EAC 2024 EAVS V2 A1a Total Reg registered-voter denominator.
KS,2024,2000700000,BARBER COUNTY,,BARBER COUNTY,2987,A1a Total Reg,https://www.eac.gov/research-and-data/studies-and-reports,https://www.eac.gov/sites/default/files/2025-06/2024_EAVS_Codebook.xlsx,false,EAC 2024 EAVS V2 A1a Total Reg registered-voter denominator.
KS,2024,2000900000,BARTON COUNTY,,BARTON COUNTY,16860,A1a Total Reg,https://www.eac.gov/research-and-data/studies-and-reports,https://www.eac.gov/sites/default/files/2025-06/2024_EAVS_Codebook.xlsx,false,EAC 2024 EAVS V2 A1a Total Reg registered-voter denominator.
KS,2024,2001100000,BOURBON COUNTY,,BOURBON COUNTY,12662,A1a Total Reg,https://www.eac.gov/research-and-data/studies-and-reports,https://www.eac.gov/sites/default/files/2025-06/2024_EAVS_Codebook.xlsx,false,EAC 2024 EAVS V2 A1a Total Reg registered-voter denominator.
KS,2024,2001300000,BROWN COUNTY,,BROWN COUNTY,6686,A1a Total Reg,https://www.eac.gov/research-and-data/studies-and-reports,https://www.eac.gov/sites/default/files/2025-06/2024_EAVS_Codebook.xlsx,false,EAC 2024 EAVS V2 A1a Total Reg registered-voter denominator.
KS,2024,2001500000,BUTLER COUNTY,,BUTLER COUNTY,48893,A1a Total Reg,https://www.eac.gov/research-and-data/studies-and-reports,https://www.eac.gov/sites/default/files/2025-06/2024_EAVS_Codebook.xlsx,false,EAC 2024 EAVS V2 A1a Total Reg registered-voter denominator.
KS,2024,2001700000,CHASE COUNTY,,CHASE COUNTY,1872,A1a Total Reg,https://www.eac.gov/research-and-data/studies-and-reports,https://www.eac.gov/sites/default/files/2025-06/2024_EAVS_Codebook.xlsx,false,EAC 2024 EAVS V2 A1a Total Reg registered-voter denominator.
KS,2024,2001900000,CHAUTAUQUA COUNTY,,CHAUTAUQUA COUNTY,2574,A1a Total Reg,https://www.eac.gov/research-and-data/studies-and-reports,https://www.eac.gov/sites/default/files/2025-06/2024_EAVS_Codebook.xlsx,false,EAC 2024 EAVS V2 A1a Total Reg registered-voter denominator.
KS,2024,2002100000,CHEROKEE COUNTY,,CHEROKEE COUNTY,15507,A1a Total Reg,https://www.eac.gov/research-and-data/studies-and-reports,https://www.eac.gov/sites/default/files/2025-06/2024_EAVS_Codebook.xlsx,false,EAC 2024 EAVS V2 A1a Total Reg registered-voter denominator.
KS,2024,2002300000,CHEYENNE COUNTY,,CHEYENNE COUNTY,2036,A1a Total Reg,https://www.eac.gov/research-and-data/studies-and-reports,https://www.eac.gov/sites/default/files/2025-06/2024_EAVS_Codebook.xlsx,false,EAC 2024 EAVS V2 A1a Total Reg registered-voter denominator.
KS,2024,2002500000,CLARK COUNTY,,CLARK COUNTY,1570,A1a Total Reg,https://www.eac.gov/research-and-data/studies-and-reports,https://www.eac.gov/sites/default/files/2025-06/2024_EAVS_Codebook.xlsx,false,EAC 2024 EAVS V2 A1a Total Reg registered-voter denominator.
KS,2024,2002700000,CLAY COUNTY,,CLAY COUNTY,5972,A1a Total Reg,https://www.eac.gov/research-and-data/studies-and-reports,https://www.eac.gov/sites/default/files/2025-06/2024_EAVS_Codebook.xlsx,false,EAC 2024 EAVS V2 A1a Total Reg registered-voter denominator.
KS,2024,2002900000,CLOUD COUNTY,,CLOUD COUNTY,6088,A1a Total Reg,https://www.eac.gov/research-and-data/studies-and-reports,https://www.eac.gov/sites/default/files/2025-06/2024_EAVS_Codebook.xlsx,false,EAC 2024 EAVS V2 A1a Total Reg registered-voter denominator.
KS,2024,2003100000,COFFEY COUNTY,,COFFEY COUNTY,6232,A1a Total Reg,https://www.eac.gov/research-and-data/studies-and-reports,https://www.eac.gov/sites/default/files/2025-06/2024_EAVS_Codebook.xlsx,false,EAC 2024 EAVS V2 A1a Total Reg registered-voter denominator.
KS,2024,2003300000,COMANCHE COUNTY,,COMANCHE COUNTY,1109,A1a Total Reg,https://www.eac.gov/research-and-data/studies-and-reports,https://www.eac.gov/sites/default/files/2025-06/2024_EAVS_Codebook.xlsx,false,EAC 2024 EAVS V2 A1a Total Reg registered-voter denominator.
KS,2024,2003500000,COWLEY COUNTY,,COWLEY COUNTY,20817,A1a Total Reg,https://www.eac.gov/research-and-data/studies-and-reports,https://www.eac.gov/sites/default/files/2025-06/2024_EAVS_Codebook.xlsx,false,EAC 2024 EAVS V2 A1a Total Reg registered-voter denominator.
KS,2024,2003700000,CRAWFORD COUNTY,,CRAWFORD COUNTY,27729,A1a Total Reg,https://www.eac.gov/research-and-data/studies-and-reports,https://www.eac.gov/sites/default/files/2025-06/2024_EAVS_Codebook.xlsx,false,EAC 2024 EAVS V2 A1a Total Reg registered-voter denominator.
KS,2024,2003900000,DECATUR COUNTY,,DECATUR COUNTY,2025,A1a Total Reg,https://www.eac.gov/research-and-data/studies-and-reports,https://www.eac.gov/sites/default/files/2025-06/2024_EAVS_Codebook.xlsx,false,EAC 2024 EAVS V2 A1a Total Reg registered-voter denominator.
KS,2024,2004100000,DICKINSON COUNTY,,DICKINSON COUNTY,13802,A1a Total Reg,https://www.eac.gov/research-and-data/studies-and-reports,https://www.eac.gov/sites/default/files/2025-06/2024_EAVS_Codebook.xlsx,false,EAC 2024 EAVS V2 A1a Total Reg registered-voter denominator.
KS,2024,2004300000,DONIPHAN COUNTY,,DONIPHAN COUNTY,5035,A1a Total Reg,https://www.eac.gov/research-and-data/studies-and-reports,https://www.eac.gov/sites/default/files/2025-06/2024_EAVS_Codebook.xlsx,false,EAC 2024 EAVS V2 A1a Total Reg registered-voter denominator.
KS,2024,2004500000,DOUGLAS COUNTY,,DOUGLAS COUNTY,83160,A1a Total Reg,https://www.eac.gov/research-and-data/studies-and-reports,https://www.eac.gov/sites/default/files/2025-06/2024_EAVS_Codebook.xlsx,false,EAC 2024 EAVS V2 A1a Total Reg registered-voter denominator.
KS,2024,2004700000,EDWARDS COUNTY,,EDWARDS COUNTY,1863,A1a Total Reg,https://www.eac.gov/research-and-data/studies-and-reports,https://www.eac.gov/sites/default/files/2025-06/2024_EAVS_Codebook.xlsx,false,EAC 2024 EAVS V2 A1a Total Reg registered-voter denominator.
KS,2024,2004900000,ELK COUNTY,,ELK COUNTY,1900,A1a Total Reg,https://www.eac.gov/research-and-data/studies-and-reports,https://www.eac.gov/sites/default/files/2025-06/2024_EAVS_Codebook.xlsx,false,EAC 2024 EAVS V2 A1a Total Reg registered-voter denominator.
KS,2024,2005100000,ELLIS COUNTY,,ELLIS COUNTY,20430,A1a Total Reg,https://www.eac.gov/research-and-data/studies-and-reports,https://www.eac.gov/sites/default/files/2025-06/2024_EAVS_Codebook.xlsx,false,EAC 2024 EAVS V2 A1a Total Reg registered-voter denominator.
KS,2024,2005300000,ELLSWORTH COUNTY,,ELLSWORTH COUNTY,3884,A1a Total Reg,https://www.eac.gov/research-and-data/studies-and-reports,https://www.eac.gov/sites/default/files/2025-06/2024_EAVS_Codebook.xlsx,false,EAC 2024 EAVS V2 A1a Total Reg registered-voter denominator.
KS,2024,2005500000,FINNEY COUNTY,,FINNEY COUNTY,22216,A1a Total Reg,https://www.eac.gov/research-and-data/studies-and-reports,https://www.eac.gov/sites/default/files/2025-06/2024_EAVS_Codebook.xlsx,false,EAC 2024 EAVS V2 A1a Total Reg registered-voter denominator.
KS,2024,2005700000,FORD COUNTY,,FORD COUNTY,16653,A1a Total Reg,https://www.eac.gov/research-and-data/studies-and-reports,https://www.eac.gov/sites/default/files/2025-06/2024_EAVS_Codebook.xlsx,false,EAC 2024 EAVS V2 A1a Total Reg registered-voter denominator.
KS,2024,2005900000,FRANKLIN COUNTY,,FRANKLIN COUNTY,19211,A1a Total Reg,https://www.eac.gov/research-and-data/studies-and-reports,https://www.eac.gov/sites/default/files/2025-06/2024_EAVS_Codebook.xlsx,false,EAC 2024 EAVS V2 A1a Total Reg registered-voter denominator.
KS,2024,2006100000,GEARY COUNTY,,GEARY COUNTY,20450,A1a Total Reg,https://www.eac.gov/research-and-data/studies-and-reports,https://www.eac.gov/sites/default/files/2025-06/2024_EAVS_Codebook.xlsx,false,EAC 2024 EAVS V2 A1a Total Reg registered-voter denominator.
KS,2024,2006300000,GOVE COUNTY,,GOVE COUNTY,1924,A1a Total Reg,https://www.eac.gov/research-and-data/studies-and-reports,https://www.eac.gov/sites/default/files/2025-06/2024_EAVS_Codebook.xlsx,false,EAC 2024 EAVS V2 A1a Total Reg registered-voter denominator.
KS,2024,2006500000,GRAHAM COUNTY,,GRAHAM COUNTY,1807,A1a Total Reg,https://www.eac.gov/research-and-data/studies-and-reports,https://www.eac.gov/sites/default/files/2025-06/2024_EAVS_Codebook.xlsx,false,EAC 2024 EAVS V2 A1a Total Reg registered-voter denominator.
KS,2024,2006700000,GRANT COUNTY,,GRANT COUNTY,3787,A1a Total Reg,https://www.eac.gov/research-and-data/studies-and-reports,https://www.eac.gov/sites/default/files/2025-06/2024_EAVS_Codebook.xlsx,false,EAC 2024 EAVS V2 A1a Total Reg registered-voter denominator.
KS,2024,2006900000,GRAY COUNTY,,GRAY COUNTY,3398,A1a Total Reg,https://www.eac.gov/research-and-data/studies-and-reports,https://www.eac.gov/sites/default/files/2025-06/2024_EAVS_Codebook.xlsx,false,EAC 2024 EAVS V2 A1a Total Reg registered-voter denominator.
KS,2024,2007100000,GREELEY COUNTY,,GREELEY COUNTY,890,A1a Total Reg,https://www.eac.gov/research-and-data/studies-and-reports,https://www.eac.gov/sites/default/files/2025-06/2024_EAVS_Codebook.xlsx,false,EAC 2024 EAVS V2 A1a Total Reg registered-voter denominator.
KS,2024,2007300000,GREENWOOD COUNTY,,GREENWOOD COUNTY,4634,A1a Total Reg,https://www.eac.gov/research-and-data/studies-and-reports,https://www.eac.gov/sites/default/files/2025-06/2024_EAVS_Codebook.xlsx,false,EAC 2024 EAVS V2 A1a Total Reg registered-voter denominator.
KS,2024,2007500000,HAMILTON COUNTY,,HAMILTON COUNTY,1336,A1a Total Reg,https://www.eac.gov/research-and-data/studies-and-reports,https://www.eac.gov/sites/default/files/2025-06/2024_EAVS_Codebook.xlsx,false,EAC 2024 EAVS V2 A1a Total Reg registered-voter denominator.
KS,2024,2007700000,HARPER COUNTY,,HARPER COUNTY,3871,A1a Total Reg,https://www.eac.gov/research-and-data/studies-and-reports,https://www.eac.gov/sites/default/files/2025-06/2024_EAVS_Codebook.xlsx,false,EAC 2024 EAVS V2 A1a Total Reg registered-voter denominator.
KS,2024,2007900000,HARVEY COUNTY,,HARVEY COUNTY,23460,A1a Total Reg,https://www.eac.gov/research-and-data/studies-and-reports,https://www.eac.gov/sites/default/files/2025-06/2024_EAVS_Codebook.xlsx,false,EAC 2024 EAVS V2 A1a Total Reg registered-voter denominator.
KS,2024,2008100000,HASKELL COUNTY,,HASKELL COUNTY,2196,A1a Total Reg,https://www.eac.gov/research-and-data/studies-and-reports,https://www.eac.gov/sites/default/files/2025-06/2024_EAVS_Codebook.xlsx,false,EAC 2024 EAVS V2 A1a Total Reg registered-voter denominator.
KS,2024,2008300000,HODGEMAN COUNTY,,HODGEMAN COUNTY,1295,A1a Total Reg,https://www.eac.gov/research-and-data/studies-and-reports,https://www.eac.gov/sites/default/files/2025-06/2024_EAVS_Codebook.xlsx,false,EAC 2024 EAVS V2 A1a Total Reg registered-voter denominator.
KS,2024,2008500000,JACKSON COUNTY,,JACKSON COUNTY,9429,A1a Total Reg,https://www.eac.gov/research-and-data/studies-and-reports,https://www.eac.gov/sites/default/files/2025-06/2024_EAVS_Codebook.xlsx,false,EAC 2024 EAVS V2 A1a Total Reg registered-voter denominator.
KS,2024,2008700000,JEFFERSON COUNTY,,JEFFERSON COUNTY,13874,A1a Total Reg,https://www.eac.gov/research-and-data/studies-and-reports,https://www.eac.gov/sites/default/files/2025-06/2024_EAVS_Codebook.xlsx,false,EAC 2024 EAVS V2 A1a Total Reg registered-voter denominator.
KS,2024,2008900000,JEWELL COUNTY,,JEWELL COUNTY,2175,A1a Total Reg,https://www.eac.gov/research-and-data/studies-and-reports,https://www.eac.gov/sites/default/files/2025-06/2024_EAVS_Codebook.xlsx,false,EAC 2024 EAVS V2 A1a Total Reg registered-voter denominator.
KS,2024,2009100000,JOHNSON COUNTY,,JOHNSON COUNTY,478849,A1a Total Reg,https://www.eac.gov/research-and-data/studies-and-reports,https://www.eac.gov/sites/default/files/2025-06/2024_EAVS_Codebook.xlsx,false,EAC 2024 EAVS V2 A1a Total Reg registered-voter denominator.
KS,2024,2009300000,KEARNY COUNTY,,KEARNY COUNTY,2277,A1a Total Reg,https://www.eac.gov/research-and-data/studies-and-reports,https://www.eac.gov/sites/default/files/2025-06/2024_EAVS_Codebook.xlsx,false,EAC 2024 EAVS V2 A1a Total Reg registered-voter denominator.
KS,2024,2009500000,KINGMAN COUNTY,,KINGMAN COUNTY,5582,A1a Total Reg,https://www.eac.gov/research-and-data/studies-and-reports,https://www.eac.gov/sites/default/files/2025-06/2024_EAVS_Codebook.xlsx,false,EAC 2024 EAVS V2 A1a Total Reg registered-voter denominator.
KS,2024,2009700000,KIOWA COUNTY,,KIOWA COUNTY,1564,A1a Total Reg,https://www.eac.gov/research-and-data/studies-and-reports,https://www.eac.gov/sites/default/files/2025-06/2024_EAVS_Codebook.xlsx,false,EAC 2024 EAVS V2 A1a Total Reg registered-voter denominator.
KS,2024,2009900000,LABETTE COUNTY,,LABETTE COUNTY,13654,A1a Total Reg,https://www.eac.gov/research-and-data/studies-and-reports,https://www.eac.gov/sites/default/files/2025-06/2024_EAVS_Codebook.xlsx,false,EAC 2024 EAVS V2 A1a Total Reg registered-voter denominator.
KS,2024,2010100000,LANE COUNTY,,LANE COUNTY,1126,A1a Total Reg,https://www.eac.gov/research-and-data/studies-and-reports,https://www.eac.gov/sites/default/files/2025-06/2024_EAVS_Codebook.xlsx,false,EAC 2024 EAVS V2 A1a Total Reg registered-voter denominator.
KS,2024,2010300000,LEAVENWORTH COUNTY,,LEAVENWORTH COUNTY,56728,A1a Total Reg,https://www.eac.gov/research-and-data/studies-and-reports,https://www.eac.gov/sites/default/files/2025-06/2024_EAVS_Codebook.xlsx,false,EAC 2024 EAVS V2 A1a Total Reg registered-voter denominator.
KS,2024,2010500000,LINCOLN COUNTY,,LINCOLN COUNTY,2152,A1a Total Reg,https://www.eac.gov/research-and-data/studies-and-reports,https://www.eac.gov/sites/default/files/2025-06/2024_EAVS_Codebook.xlsx,false,EAC 2024 EAVS V2 A1a Total Reg registered-voter denominator.
KS,2024,2010700000,LINN COUNTY,,LINN COUNTY,7702,A1a Total Reg,https://www.eac.gov/research-and-data/studies-and-reports,https://www.eac.gov/sites/default/files/2025-06/2024_EAVS_Codebook.xlsx,false,EAC 2024 EAVS V2 A1a Total Reg registered-voter denominator.
KS,2024,2010900000,LOGAN COUNTY,,LOGAN COUNTY,1932,A1a Total Reg,https://www.eac.gov/research-and-data/studies-and-reports,https://www.eac.gov/sites/default/files/2025-06/2024_EAVS_Codebook.xlsx,false,EAC 2024 EAVS V2 A1a Total Reg registered-voter denominator.
KS,2024,2011100000,LYON COUNTY,,LYON COUNTY,20699,A1a Total Reg,https://www.eac.gov/research-and-data/studies-and-reports,https://www.eac.gov/sites/default/files/2025-06/2024_EAVS_Codebook.xlsx,false,EAC 2024 EAVS V2 A1a Total Reg registered-voter denominator.
KS,2024,2011300000,MCPHERSON COUNTY,,MCPHERSON COUNTY,19450,A1a Total Reg,https://www.eac.gov/research-and-data/studies-and-reports,https://www.eac.gov/sites/default/files/2025-06/2024_EAVS_Codebook.xlsx,false,EAC 2024 EAVS V2 A1a Total Reg registered-voter denominator.
KS,2024,2011500000,MARION COUNTY,,MARION COUNTY,8289,A1a Total Reg,https://www.eac.gov/research-and-data/studies-and-reports,https://www.eac.gov/sites/default/files/2025-06/2024_EAVS_Codebook.xlsx,false,EAC 2024 EAVS V2 A1a Total Reg registered-voter denominator.
KS,2024,2011700000,MARSHALL COUNTY,,MARSHALL COUNTY,7236,A1a Total Reg,https://www.eac.gov/research-and-data/studies-and-reports,https://www.eac.gov/sites/default/files/2025-06/2024_EAVS_Codebook.xlsx,false,EAC 2024 EAVS V2 A1a Total Reg registered-voter denominator.
KS,2024,2011900000,MEADE COUNTY,,MEADE COUNTY,3475,A1a Total Reg,https://www.eac.gov/research-and-data/studies-and-reports,https://www.eac.gov/sites/default/files/2025-06/2024_EAVS_Codebook.xlsx,false,EAC 2024 EAVS V2 A1a Total Reg registered-voter denominator.
KS,2024,2012100000,MIAMI COUNTY,,MIAMI COUNTY,26968,A1a Total Reg,https://www.eac.gov/research-and-data/studies-and-reports,https://www.eac.gov/sites/default/files/2025-06/2024_EAVS_Codebook.xlsx,false,EAC 2024 EAVS V2 A1a Total Reg registered-voter denominator.
KS,2024,2012300000,MITCHELL COUNTY,,MITCHELL COUNTY,4266,A1a Total Reg,https://www.eac.gov/research-and-data/studies-and-reports,https://www.eac.gov/sites/default/files/2025-06/2024_EAVS_Codebook.xlsx,false,EAC 2024 EAVS V2 A1a Total Reg registered-voter denominator.
KS,2024,2012500000,MONTGOMERY COUNTY,,MONTGOMERY COUNTY,21245,A1a Total Reg,https://www.eac.gov/research-and-data/studies-and-reports,https://www.eac.gov/sites/default/files/2025-06/2024_EAVS_Codebook.xlsx,false,EAC 2024 EAVS V2 A1a Total Reg registered-voter denominator.
KS,2024,2012700000,MORRIS COUNTY,,MORRIS COUNTY,4007,A1a Total Reg,https://www.eac.gov/research-and-data/studies-and-reports,https://www.eac.gov/sites/default/files/2025-06/2024_EAVS_Codebook.xlsx,false,EAC 2024 EAVS V2 A1a Total Reg registered-voter denominator.
KS,2024,2012900000,MORTON COUNTY,,MORTON COUNTY,2025,A1a Total Reg,https://www.eac.gov/research-and-data/studies-and-reports,https://www.eac.gov/sites/default/files/2025-06/2024_EAVS_Codebook.xlsx,false,EAC 2024 EAVS V2 A1a Total Reg registered-voter denominator.
KS,2024,2013100000,NEMAHA COUNTY,,NEMAHA COUNTY,7509,A1a Total Reg,https://www.eac.gov/research-and-data/studies-and-reports,https://www.eac.gov/sites/default/files/2025-06/2024_EAVS_Codebook.xlsx,false,EAC 2024 EAVS V2 A1a Total Reg registered-voter denominator.
KS,2024,2013300000,NEOSHO COUNTY,,NEOSHO COUNTY,11609,A1a Total Reg,https://www.eac.gov/research-and-data/studies-and-reports,https://www.eac.gov/sites/default/files/2025-06/2024_EAVS_Codebook.xlsx,false,EAC 2024 EAVS V2 A1a Total Reg registered-voter denominator.
KS,2024,2013500000,NESS COUNTY,,NESS COUNTY,1945,A1a Total Reg,https://www.eac.gov/research-and-data/studies-and-reports,https://www.eac.gov/sites/default/files/2025-06/2024_EAVS_Codebook.xlsx,false,EAC 2024 EAVS V2 A1a Total Reg registered-voter denominator.
KS,2024,2013700000,NORTON COUNTY,,NORTON COUNTY,3442,A1a Total Reg,https://www.eac.gov/research-and-data/studies-and-reports,https://www.eac.gov/sites/default/files/2025-06/2024_EAVS_Codebook.xlsx,false,EAC 2024 EAVS V2 A1a Total Reg registered-voter denominator.
KS,2024,2013900000,OSAGE COUNTY,,OSAGE COUNTY,12556,A1a Total Reg,https://www.eac.gov/research-and-data/studies-and-reports,https://www.eac.gov/sites/default/files/2025-06/2024_EAVS_Codebook.xlsx,false,EAC 2024 EAVS V2 A1a Total Reg registered-voter denominator.
KS,2024,2014100000,OSBORNE COUNTY,,OSBORNE COUNTY,2661,A1a Total Reg,https://www.eac.gov/research-and-data/studies-and-reports,https://www.eac.gov/sites/default/files/2025-06/2024_EAVS_Codebook.xlsx,false,EAC 2024 EAVS V2 A1a Total Reg registered-voter denominator.
KS,2024,2014300000,OTTAWA COUNTY,,OTTAWA COUNTY,3883,A1a Total Reg,https://www.eac.gov/research-and-data/studies-and-reports,https://www.eac.gov/sites/default/files/2025-06/2024_EAVS_Codebook.xlsx,false,EAC 2024 EAVS V2 A1a Total Reg registered-voter denominator.
KS,2024,2014500000,PAWNEE COUNTY,,PAWNEE COUNTY,3933,A1a Total Reg,https://www.eac.gov/research-and-data/studies-and-reports,https://www.eac.gov/sites/default/files/2025-06/2024_EAVS_Codebook.xlsx,false,EAC 2024 EAVS V2 A1a Total Reg registered-voter denominator.
KS,2024,2014700000,PHILLIPS COUNTY,,PHILLIPS COUNTY,4001,A1a Total Reg,https://www.eac.gov/research-and-data/studies-and-reports,https://www.eac.gov/sites/default/files/2025-06/2024_EAVS_Codebook.xlsx,false,EAC 2024 EAVS V2 A1a Total Reg registered-voter denominator.
KS,2024,2014900000,POTTAWATOMIE COUNTY,,POTTAWATOMIE COUNTY,18356,A1a Total Reg,https://www.eac.gov/research-and-data/studies-and-reports,https://www.eac.gov/sites/default/files/2025-06/2024_EAVS_Codebook.xlsx,false,EAC 2024 EAVS V2 A1a Total Reg registered-voter denominator.
KS,2024,2015100000,PRATT COUNTY,,PRATT COUNTY,5700,A1a Total Reg,https://www.eac.gov/research-and-data/studies-and-reports,https://www.eac.gov/sites/default/files/2025-06/2024_EAVS_Codebook.xlsx,false,EAC 2024 EAVS V2 A1a Total Reg registered-voter denominator.
KS,2024,2015300000,RAWLINS COUNTY,,RAWLINS COUNTY,2000,A1a Total Reg,https://www.eac.gov/research-and-data/studies-and-reports,https://www.eac.gov/sites/default/files/2025-06/2024_EAVS_Codebook.xlsx,false,EAC 2024 EAVS V2 A1a Total Reg registered-voter denominator.
KS,2024,2015500000,RENO COUNTY,,RENO COUNTY,43214,A1a Total Reg,https://www.eac.gov/research-and-data/studies-and-reports,https://www.eac.gov/sites/default/files/2025-06/2024_EAVS_Codebook.xlsx,false,EAC 2024 EAVS V2 A1a Total Reg registered-voter denominator.
KS,2024,2015700000,REPUBLIC COUNTY,,REPUBLIC COUNTY,3534,A1a Total Reg,https://www.eac.gov/research-and-data/studies-and-reports,https://www.eac.gov/sites/default/files/2025-06/2024_EAVS_Codebook.xlsx,false,EAC 2024 EAVS V2 A1a Total Reg registered-voter denominator.
KS,2024,2015900000,RICE COUNTY,,RICE COUNTY,6641,A1a Total Reg,https://www.eac.gov/research-and-data/studies-and-reports,https://www.eac.gov/sites/default/files/2025-06/2024_EAVS_Codebook.xlsx,false,EAC 2024 EAVS V2 A1a Total Reg registered-voter denominator.
KS,2024,2016100000,RILEY COUNTY,,RILEY COUNTY,40417,A1a Total Reg,https://www.eac.gov/research-and-data/studies-and-reports,https://www.eac.gov/sites/default/files/2025-06/2024_EAVS_Codebook.xlsx,false,EAC 2024 EAVS V2 A1a Total Reg registered-voter denominator.
KS,2024,2016300000,ROOKS COUNTY,,ROOKS COUNTY,3698,A1a Total Reg,https://www.eac.gov/research-and-data/studies-and-reports,https://www.eac.gov/sites/default/files/2025-06/2024_EAVS_Codebook.xlsx,false,EAC 2024 EAVS V2 A1a Total Reg registered-voter denominator.
KS,2024,2016500000,RUSH COUNTY,,RUSH COUNTY,2215,A1a Total Reg,https://www.eac.gov/research-and-data/studies-and-reports,https://www.eac.gov/sites/default/files/2025-06/2024_EAVS_Codebook.xlsx,false,EAC 2024 EAVS V2 A1a Total Reg registered-voter denominator.
KS,2024,2016700000,RUSSELL COUNTY,,RUSSELL COUNTY,4690,A1a Total Reg,https://www.eac.gov/research-and-data/studies-and-reports,https://www.eac.gov/sites/default/files/2025-06/2024_EAVS_Codebook.xlsx,false,EAC 2024 EAVS V2 A1a Total Reg registered-voter denominator.
KS,2024,2016900000,SALINE COUNTY,,SALINE COUNTY,37332,A1a Total Reg,https://www.eac.gov/research-and-data/studies-and-reports,https://www.eac.gov/sites/default/files/2025-06/2024_EAVS_Codebook.xlsx,false,EAC 2024 EAVS V2 A1a Total Reg registered-voter denominator.
KS,2024,2017100000,SCOTT COUNTY,,SCOTT COUNTY,3507,A1a Total Reg,https://www.eac.gov/research-and-data/studies-and-reports,https://www.eac.gov/sites/default/files/2025-06/2024_EAVS_Codebook.xlsx,false,EAC 2024 EAVS V2 A1a Total Reg registered-voter denominator.
KS,2024,2017300000,SEDGWICK COUNTY,,SEDGWICK COUNTY,344644,A1a Total Reg,https://www.eac.gov/research-and-data/studies-and-reports,https://www.eac.gov/sites/default/files/2025-06/2024_EAVS_Codebook.xlsx,false,EAC 2024 EAVS V2 A1a Total Reg registered-voter denominator.
KS,2024,2017500000,SEWARD COUNTY,,SEWARD COUNTY,11128,A1a Total Reg,https://www.eac.gov/research-and-data/studies-and-reports,https://www.eac.gov/sites/default/files/2025-06/2024_EAVS_Codebook.xlsx,false,EAC 2024 EAVS V2 A1a Total Reg registered-voter denominator.
KS,2024,2017700000,SHAWNEE COUNTY,,SHAWNEE COUNTY,118727,A1a Total Reg,https://www.eac.gov/research-and-data/studies-and-reports,https://www.eac.gov/sites/default/files/2025-06/2024_EAVS_Codebook.xlsx,false,EAC 2024 EAVS V2 A1a Total Reg registered-voter denominator.
KS,2024,2017900000,SHERIDAN COUNTY,,SHERIDAN COUNTY,1857,A1a Total Reg,https://www.eac.gov/research-and-data/studies-and-reports,https://www.eac.gov/sites/default/files/2025-06/2024_EAVS_Codebook.xlsx,false,EAC 2024 EAVS V2 A1a Total Reg registered-voter denominator.
KS,2024,2018100000,SHERMAN COUNTY,,SHERMAN COUNTY,3887,A1a Total Reg,https://www.eac.gov/research-and-data/studies-and-reports,https://www.eac.gov/sites/default/files/2025-06/2024_EAVS_Codebook.xlsx,false,EAC 2024 EAVS V2 A1a Total Reg registered-voter denominator.
KS,2024,2018300000,SMITH COUNTY,,SMITH COUNTY,2826,A1a Total Reg,https://www.eac.gov/research-and-data/studies-and-reports,https://www.eac.gov/sites/default/files/2025-06/2024_EAVS_Codebook.xlsx,false,EAC 2024 EAVS V2 A1a Total Reg registered-voter denominator.
KS,2024,2018500000,STAFFORD COUNTY,,STAFFORD COUNTY,2663,A1a Total Reg,https://www.eac.gov/research-and-data/studies-and-reports,https://www.eac.gov/sites/default/files/2025-06/2024_EAVS_Codebook.xlsx,false,EAC 2024 EAVS V2 A1a Total Reg registered-voter denominator.
KS,2024,2018700000,STANTON COUNTY,,STANTON COUNTY,1065,A1a Total Reg,https://www.eac.gov/research-and-data/studies-and-reports,https://www.eac.gov/sites/default/files/2025-06/2024_EAVS_Codebook.xlsx,false,EAC 2024 EAVS V2 A1a Total Reg registered-voter denominator.
KS,2024,2018900000,STEVENS COUNTY,,STEVENS COUNTY,3353,A1a Total Reg,https://www.eac.gov/research-and-data/studies-and-reports,https://www.eac.gov/sites/default/files/2025-06/2024_EAVS_Codebook.xlsx,false,EAC 2024 EAVS V2 A1a Total Reg registered-voter denominator.
KS,2024,2019100000,SUMNER COUNTY,,SUMNER COUNTY,17268,A1a Total Reg,https://www.eac.gov/research-and-data/studies-and-reports,https://www.eac.gov/sites/default/files/2025-06/2024_EAVS_Codebook.xlsx,false,EAC 2024 EAVS V2 A1a Total Reg registered-voter denominator.
KS,2024,2019300000,THOMAS COUNTY,,THOMAS COUNTY,5442,A1a Total Reg,https://www.eac.gov/research-and-data/studies-and-reports,https://www.eac.gov/sites/default/files/2025-06/2024_EAVS_Codebook.xlsx,false,EAC 2024 EAVS V2 A1a Total Reg registered-voter denominator.
KS,2024,2019500000,TREGO COUNTY,,TREGO COUNTY,2091,A1a Total Reg,https://www.eac.gov/research-and-data/studies-and-reports,https://www.eac.gov/sites/default/files/2025-06/2024_EAVS_Codebook.xlsx,false,EAC 2024 EAVS V2 A1a Total Reg registered-voter denominator.
KS,2024,2019700000,WABAUNSEE COUNTY,,WABAUNSEE COUNTY,5350,A1a Total Reg,https://www.eac.gov/research-and-data/studies-and-reports,https://www.eac.gov/sites/default/files/2025-06/2024_EAVS_Codebook.xlsx,false,EAC 2024 EAVS V2 A1a Total Reg registered-voter denominator.
KS,2024,2019900000,WALLACE COUNTY,,WALLACE COUNTY,1133,A1a Total Reg,https://www.eac.gov/research-and-data/studies-and-reports,https://www.eac.gov/sites/default/files/2025-06/2024_EAVS_Codebook.xlsx,false,EAC 2024 EAVS V2 A1a Total Reg registered-voter denominator.
KS,2024,2020100000,WASHINGTON COUNTY,,WASHINGTON COUNTY,3625,A1a Total Reg,https://www.eac.gov/research-and-data/studies-and-reports,https://www.eac.gov/sites/default/files/2025-06/2024_EAVS_Codebook.xlsx,false,EAC 2024 EAVS V2 A1a Total Reg registered-voter denominator.
KS,2024,2020300000,WICHITA COUNTY,,WICHITA COUNTY,1365,A1a Total Reg,https://www.eac.gov/research-and-data/studies-and-reports,https://www.eac.gov/sites/default/files/2025-06/2024_EAVS_Codebook.xlsx,false,EAC 2024 EAVS V2 A1a Total Reg registered-voter denominator.
KS,2024,2020500000,WILSON COUNTY,,WILSON COUNTY,5065,A1a Total Reg,https://www.eac.gov/research-and-data/studies-and-reports,https://www.eac.gov/sites/default/files/2025-06/2024_EAVS_Codebook.xlsx,false,EAC 2024 EAVS V2 A1a Total Reg registered-voter denominator.
KS,2024,2020700000,WOODSON COUNTY,,WOODSON COUNTY,2235,A1a Total Reg,https://www.eac.gov/research-and-data/studies-and-reports,https://www.eac.gov/sites/default/files/2025-06/2024_EAVS_Codebook.xlsx,false,EAC 2024 EAVS V2 A1a Total Reg registered-voter denominator.
KS,2024,2020900000,WYANDOTTE COUNTY,,WYANDOTTE COUNTY,94378,A1a Total Reg,https://www.eac.gov/research-and-data/studies-and-reports,https://www.eac.gov/sites/default/files/2025-06/2024_EAVS_Codebook.xlsx,false,EAC 2024 EAVS V2 A1a Total Reg registered-voter denominator.
