"Candidate Name","Party","Office Name","Office District","Winner","Write-In?","Early Voting Votes","Early Voting Votes Against","Election Day Votes","Election Day Votes Against","By Mail Votes","By Mail Votes Against","Prov. Votes","Prov. Votes Against","By Mail 2 Votes","By Mail 2 Votes Against","Total Votes","Total Votes Against"
"Donald J. Trump","REP","President - Vice Pres","","","","11882","","20760","","4276","","856","","2450","","40224",""
"Joe Biden","DEM","President - Vice Pres","","Y","","5520","","5470","","10432","","1001","","3621","","26044",""
"Jo Jorgensen","LIB","President - Vice Pres","","","","124","","409","","147","","31","","125","","836",""
"Howie Gresham Hawkins","GRN","President - Vice Pres","","","","87","","120","","53","","10","","39","","309",""
"Jerome M. Segal","BAR","President - Vice Pres","","","","42","","32","","12","","4","","7","","97",""
"Sharon Wallace","DEM","President - Vice Pres","","","Y","0","","0","","0","","0","","0","","0",""
"Dennis Andrew Ball","OTH","President - Vice Pres","","","Y","0","","0","","0","","0","","0","","0",""
"Barbara Bellar","OTH","President - Vice Pres","","","Y","0","","0","","0","","0","","0","","0",""
"President Boddie","OTH","President - Vice Pres","","","Y","0","","0","","0","","0","","0","","0",""
"Mary Ruth Caro Simmons","OTH","President - Vice Pres","","","Y","0","","0","","0","","0","","0","","0",""
"Brian Carroll","OTH","President - Vice Pres","","","Y","1","","4","","2","","0","","2","","9",""
"Todd Cella","OTH","President - Vice Pres","","","Y","0","","0","","0","","0","","0","","0",""
"Mark Charles","OTH","President - Vice Pres","","","Y","0","","0","","1","","0","","0","","1",""
"Phil Collins","OTH","President - Vice Pres","","","Y","0","","1","","0","","0","","0","","1",""
"Roque Rocky De La Fuente","OTH","President - Vice Pres","","","Y","0","","0","","1","","0","","0","","1",""
"Ryan Ehrenreich","OTH","President - Vice Pres","","","Y","0","","0","","0","","0","","0","","0",""
"Randall Foltyniewkz","OTH","President - Vice Pres","","","Y","0","","0","","0","","0","","0","","0",""
"Tom Hoefling","OTH","President - Vice Pres","","","Y","0","","0","","0","","0","","0","","0",""
"Shawn Howard","OTH","President - Vice Pres","","","Y","0","","0","","0","","0","","0","","0",""
"Johnson Lee","OTH","President - Vice Pres","","","Y","0","","0","","0","","0","","0","","0",""
"Susan B. Lochocki","OTH","President - Vice Pres","","","Y","0","","0","","0","","0","","0","","0",""
"Brock Pierce","OTH","President - Vice Pres","","","Y","0","","0","","0","","0","","0","","0",""
"Deborah Rouse","OTH","President - Vice Pres","","","Y","0","","0","","0","","0","","0","","0",""
"Peter W. Sherrill","OTH","President - Vice Pres","","","Y","0","","0","","0","","0","","0","","0",""
"Jade Simmons","OTH","President - Vice Pres","","","Y","1","","1","","0","","0","","0","","2",""
"Kasey Wells","OTH","President - Vice Pres","","","Y","0","","0","","0","","0","","0","","0",""
"Kanye West","OTH","President - Vice Pres","","","Y","4","","5","","4","","0","","4","","17",""
"Gloria La Riva ","UNF","President - Vice Pres","","","Y","0","","0","","1","","0","","1","","2",""
"Albert Raley","UNF","President - Vice Pres","","","Y","0","","4","","0","","0","","0","","4",""
"Benjamin Schwalb","UNF","President - Vice Pres","","","Y","0","","0","","0","","0","","0","","0",""
"Edward Shlikas","UNF","President - Vice Pres","","","Y","0","","0","","0","","0","","0","","0",""
"Other Write-Ins","BOT","President - Vice Pres","","","Y","23","","60","","80","","5","","64","","232",""
"Neil C. Parrott","REP","Representative in Congress","06","","","11822","","20561","","4595","","825","","2553","","40356",""
"David J. Trone","DEM","Representative in Congress","06","Y","","5376","","5395","","9773","","925","","3378","","24847",""
"George Gluck","GRN","Representative in Congress","06","","","169","","292","","245","","56","","142","","904",""
"Jason Herrick","UNF","Representative in Congress","06","","Y","3","","7","","1","","0","","5","","16",""
"Other Write-Ins","BOT","Representative in Congress","06","","Y","11","","17","","11","","6","","2","","47",""
"Andrew F. Wilkinson","BOT","Judge of the Circuit Court","04","Y","","12067","","19108","","10589","","1263","","4266","","47293",""
"Other Write-Ins","BOT","Judge of the Circuit Court","04","","Y","137","","176","","93","","19","","68","","493",""
"E. Gregory Wells","BOT","Judge Special Appeals At Large","","Y","","11398","1993","17615","3091","10323","1207","1161","282","4174","482","44671","7055"
"Kathryn Grill Graeff","BOT","Judge Special Appeals","03","Y","","11251","1966","17164","3182","10393","1144","1152","248","4081","549","44041","7089"
"Michael E. Barnes","NON","Mayor of Hagerstown","HG","","","1607","","2105","","937","","143","","291","","5083",""
"Emily Keller","NON","Mayor of Hagerstown","HG","Y","","1941","","2414","","2849","","336","","834","","8374",""
"Other Write-Ins","NON","Mayor of Hagerstown","HG","","Y","13","","32","","31","","2","","9","","87",""
"Kristin B. Aleshire","NON","Hagerstown Council","HG","Y","","1572","","2090","","1849","","206","","461","","6178",""
"Bob Bruchey","NON","Hagerstown Council","HG","Y","","1397","","1962","","995","","126","","290","","4770",""
"Tiara Burnett","NON","Hagerstown Council","HG","Y","","1756","","2013","","2099","","302","","670","","6840",""
"Brooke Grossman","NON","Hagerstown Council","HG","","","999","","1202","","1533","","149","","410","","4293",""
"Austin Heffernan","NON","Hagerstown Council","HG","","","1167","","1367","","903","","105","","275","","3817",""
"Tekesha A. Martinez","NON","Hagerstown Council","HG","Y","","1372","","1596","","1776","","271","","586","","5601",""
"Shelley McIntire","NON","Hagerstown Council","HG","Y","","1525","","1733","","1496","","155","","471","","5380",""
"Penny May Nigh","NON","Hagerstown Council","HG","","","986","","1318","","1301","","132","","287","","4024",""
"Peter E. Perini, Sr.","NON","Hagerstown Council","HG","","","1090","","1387","","1684","","161","","395","","4717",""
"Brenda J. Thiam","NON","Hagerstown Council","HG","","","1083","","1134","","1052","","137","","366","","3772",""
"Other Write-Ins","NON","Hagerstown Council","HG","","Y","56","","68","","44","","10","","24","","202",""
"Pieter Bickford","NON","Board of Education     ","","Y","","6231","","9028","","6883","","515","","2355","","25012",""
"William Bill Donahue","NON","Board of Education     ","","","","5388","","8977","","5324","","594","","2105","","22388",""
"Benjamin Forrest","NON","Board of Education     ","","","","4821","","7516","","4369","","499","","1847","","19052",""
"Ladetra Robinson","NON","Board of Education     ","","","","3589","","4317","","4917","","556","","1894","","15273",""
"Stan Stouffer","NON","Board of Education     ","","Y","","7437","","11920","","5069","","559","","2135","","27120",""
"Melissa Williams","NON","Board of Education     ","","Y","","7518","","10829","","6948","","785","","2588","","28668",""
"April A. Zentmeyer","NON","Board of Education     ","","Y","","6569","","9310","","5546","","600","","2262","","24287",""
"DARRELL EVANS","NON","Board of Education     ","","","Y","1082","","1441","","94","","33","","153","","2803",""
"Other Write-Ins","NON","Board of Education     ","","","Y","231","","303","","121","","19","","64","","738",""
