state,electionYear,jurisdictionCode,jurisdictionName,level,vendor,systemName,equipmentType,usage,paperRecord,standardSystem,accessibleSystem,absenteeSystem,pollBookSystem,tabulation,registeredVoters,precincts,pollingPlaces,sourceDocumentId,sourceUrl,caveat
IA,2024,IA-001,Adair County,county,Dominion,Dominion ImageCast Precinct BMD +,Optical Scan,county_context,hand_marked_paper,"Hand marked paper ballots, BMDs for accessibility",Ballot Marking Devices for all voters,Hand-Fed Optical Scanners,In-House Electronic Poll Book,Optical Scan,4945,5,5,verified-voting-verifier-ia-2024-equipment,https://verifiedvoting.org/verifier/#mode/navigate/map/voteEquip/mapType/ppEquip/year/2024/state/19,Verified Voting Verifier data is county-level election-administration context. It documents equipment systems and related fields by jurisdiction; it is not a turnout or vote-result source.
IA,2024,IA-003,Adams County,county,Unisyn,Unisyn OpenElect FVT +,Optical Scan,county_context,hand_marked_paper,"Hand marked paper ballots, BMDs for accessibility",Ballot Marking Devices for all voters,Batch-Fed Optical Scanners,In-House Electronic Poll Book,Optical Scan,2572,5,5,verified-voting-verifier-ia-2024-equipment,https://verifiedvoting.org/verifier/#mode/navigate/map/voteEquip/mapType/ppEquip/year/2024/state/19,Verified Voting Verifier data is county-level election-administration context. It documents equipment systems and related fields by jurisdiction; it is not a turnout or vote-result source.
IA,2024,IA-005,Allamakee County,county,Unisyn,Unisyn OpenElect FVT + Unisyn OpenElect OVI-VC +,Optical Scan,county_context,hand_marked_paper,"Hand marked paper ballots, BMDs for accessibility",Ballot Marking Devices for all voters,Batch-Fed Optical Scanners,In-House Electronic Poll Book,Optical Scan,8918,10,10,verified-voting-verifier-ia-2024-equipment,https://verifiedvoting.org/verifier/#mode/navigate/map/voteEquip/mapType/ppEquip/year/2024/state/19,Verified Voting Verifier data is county-level election-administration context. It documents equipment systems and related fields by jurisdiction; it is not a turnout or vote-result source.
IA,2024,IA-007,Appanoose County,county,Dominion,Dominion ImageCast Precinct BMD +,Optical Scan,county_context,hand_marked_paper,"Hand marked paper ballots, BMDs for accessibility",Ballot Marking Devices for all voters,Hand-Fed Optical Scanners,In-House Electronic Poll Book,Optical Scan,7990,11,11,verified-voting-verifier-ia-2024-equipment,https://verifiedvoting.org/verifier/#mode/navigate/map/voteEquip/mapType/ppEquip/year/2024/state/19,Verified Voting Verifier data is county-level election-administration context. It documents equipment systems and related fields by jurisdiction; it is not a turnout or vote-result source.
IA,2024,IA-009,Audubon County,county,Unisyn,Unisyn OpenElect FVT +,Optical Scan,county_context,hand_marked_paper,"Hand marked paper ballots, BMDs for accessibility",Ballot Marking Devices for all voters,Hand-Fed Optical Scanners,In-House Electronic Poll Book,Optical Scan,3895,2,2,verified-voting-verifier-ia-2024-equipment,https://verifiedvoting.org/verifier/#mode/navigate/map/voteEquip/mapType/ppEquip/year/2024/state/19,Verified Voting Verifier data is county-level election-administration context. It documents equipment systems and related fields by jurisdiction; it is not a turnout or vote-result source.
IA,2024,IA-011,Benton County,county,Unisyn,Unisyn OpenElect FVT +,Optical Scan,county_context,hand_marked_paper,"Hand marked paper ballots, BMDs for accessibility",Ballot Marking Devices for all voters,Hand-Fed Optical Scanners,Commercial Electronic Poll Book,Optical Scan,17407,18,18,verified-voting-verifier-ia-2024-equipment,https://verifiedvoting.org/verifier/#mode/navigate/map/voteEquip/mapType/ppEquip/year/2024/state/19,Verified Voting Verifier data is county-level election-administration context. It documents equipment systems and related fields by jurisdiction; it is not a turnout or vote-result source.
IA,2024,IA-013,Black Hawk County,county,ES&S,ES&S ExpressVote +,Optical Scan,county_context,hand_marked_paper,"Hand marked paper ballots, BMDs for accessibility",Ballot Marking Devices for all voters,Batch-Fed Optical Scanners,Commercial Electronic Poll Book,Optical Scan,76188,59,59,verified-voting-verifier-ia-2024-equipment,https://verifiedvoting.org/verifier/#mode/navigate/map/voteEquip/mapType/ppEquip/year/2024/state/19,Verified Voting Verifier data is county-level election-administration context. It documents equipment systems and related fields by jurisdiction; it is not a turnout or vote-result source.
IA,2024,IA-015,Boone County,county,Unisyn,Unisyn OpenElect FVT +,Optical Scan,county_context,hand_marked_paper,"Hand marked paper ballots, BMDs for accessibility",Ballot Marking Devices for all voters,Batch-Fed Optical Scanners,In-House Electronic Poll Book,Optical Scan,18544,15,15,verified-voting-verifier-ia-2024-equipment,https://verifiedvoting.org/verifier/#mode/navigate/map/voteEquip/mapType/ppEquip/year/2024/state/19,Verified Voting Verifier data is county-level election-administration context. It documents equipment systems and related fields by jurisdiction; it is not a turnout or vote-result source.
IA,2024,IA-017,Bremer County,county,Unisyn,Unisyn OpenElect FVT +,Optical Scan,county_context,hand_marked_paper,"Hand marked paper ballots, BMDs for accessibility",Ballot Marking Devices for all voters,Batch-Fed Optical Scanners,Commercial Electronic Poll Book,Optical Scan,16841,14,14,verified-voting-verifier-ia-2024-equipment,https://verifiedvoting.org/verifier/#mode/navigate/map/voteEquip/mapType/ppEquip/year/2024/state/19,Verified Voting Verifier data is county-level election-administration context. It documents equipment systems and related fields by jurisdiction; it is not a turnout or vote-result source.
IA,2024,IA-019,Buchanan County,county,Unisyn,Unisyn OpenElect FVT +,Optical Scan,county_context,hand_marked_paper,"Hand marked paper ballots, BMDs for accessibility",Ballot Marking Devices for all voters,Hand-Fed Optical Scanners,Commercial Electronic Poll Book,Optical Scan,12943,14,14,verified-voting-verifier-ia-2024-equipment,https://verifiedvoting.org/verifier/#mode/navigate/map/voteEquip/mapType/ppEquip/year/2024/state/19,Verified Voting Verifier data is county-level election-administration context. It documents equipment systems and related fields by jurisdiction; it is not a turnout or vote-result source.
IA,2024,IA-021,Buena Vista County,county,Unisyn,Unisyn OpenElect OVI-VC +,Optical Scan,county_context,hand_marked_paper,"Hand marked paper ballots, BMDs for accessibility",Ballot Marking Devices for all voters,Batch-Fed Optical Scanners,In-House Electronic Poll Book,Optical Scan,10361,8,8,verified-voting-verifier-ia-2024-equipment,https://verifiedvoting.org/verifier/#mode/navigate/map/voteEquip/mapType/ppEquip/year/2024/state/19,Verified Voting Verifier data is county-level election-administration context. It documents equipment systems and related fields by jurisdiction; it is not a turnout or vote-result source.
IA,2024,IA-023,Butler County,county,Unisyn,Unisyn OpenElect OVI-VC +,Optical Scan,county_context,hand_marked_paper,"Hand marked paper ballots, BMDs for accessibility",Ballot Marking Devices for all voters,Hand-Fed Optical Scanners,In-House Electronic Poll Book,Optical Scan,9458,8,8,verified-voting-verifier-ia-2024-equipment,https://verifiedvoting.org/verifier/#mode/navigate/map/voteEquip/mapType/ppEquip/year/2024/state/19,Verified Voting Verifier data is county-level election-administration context. It documents equipment systems and related fields by jurisdiction; it is not a turnout or vote-result source.
IA,2024,IA-025,Calhoun County,county,Unisyn,Unisyn OpenElect OVI-VC +,Optical Scan,county_context,hand_marked_paper,"Hand marked paper ballots, BMDs for accessibility",Ballot Marking Devices for all voters,Hand-Fed Optical Scanners,In-House Electronic Poll Book,Optical Scan,6223,6,6,verified-voting-verifier-ia-2024-equipment,https://verifiedvoting.org/verifier/#mode/navigate/map/voteEquip/mapType/ppEquip/year/2024/state/19,Verified Voting Verifier data is county-level election-administration context. It documents equipment systems and related fields by jurisdiction; it is not a turnout or vote-result source.
IA,2024,IA-027,Carroll County,county,Unisyn,Unisyn OpenElect FVT +,Optical Scan,county_context,hand_marked_paper,"Hand marked paper ballots, BMDs for accessibility",Ballot Marking Devices for all voters,Batch-Fed Optical Scanners,Commercial Electronic Poll Book,Optical Scan,13826,13,13,verified-voting-verifier-ia-2024-equipment,https://verifiedvoting.org/verifier/#mode/navigate/map/voteEquip/mapType/ppEquip/year/2024/state/19,Verified Voting Verifier data is county-level election-administration context. It documents equipment systems and related fields by jurisdiction; it is not a turnout or vote-result source.
IA,2024,IA-029,Cass County,county,Unisyn,Unisyn OpenElect FVT +,Optical Scan,county_context,hand_marked_paper,"Hand marked paper ballots, BMDs for accessibility",Ballot Marking Devices for all voters,Batch-Fed Optical Scanners,In-House Electronic Poll Book,Optical Scan,8710,12,12,verified-voting-verifier-ia-2024-equipment,https://verifiedvoting.org/verifier/#mode/navigate/map/voteEquip/mapType/ppEquip/year/2024/state/19,Verified Voting Verifier data is county-level election-administration context. It documents equipment systems and related fields by jurisdiction; it is not a turnout or vote-result source.
IA,2024,IA-031,Cedar County,county,ES&S,ES&S ExpressVote +,Optical Scan,county_context,hand_marked_paper,"Hand marked paper ballots, BMDs for accessibility",Ballot Marking Devices for all voters,Batch-Fed Optical Scanners,In-House Electronic Poll Book,Optical Scan,12294,12,12,verified-voting-verifier-ia-2024-equipment,https://verifiedvoting.org/verifier/#mode/navigate/map/voteEquip/mapType/ppEquip/year/2024/state/19,Verified Voting Verifier data is county-level election-administration context. It documents equipment systems and related fields by jurisdiction; it is not a turnout or vote-result source.
IA,2024,IA-033,Cerro Gordo County,county,Unisyn,Unisyn OpenElect FVT +,Optical Scan,county_context,hand_marked_paper,"Hand marked paper ballots, BMDs for accessibility",Ballot Marking Devices for all voters,Batch-Fed Optical Scanners,Commercial Electronic Poll Book,Optical Scan,28409,23,23,verified-voting-verifier-ia-2024-equipment,https://verifiedvoting.org/verifier/#mode/navigate/map/voteEquip/mapType/ppEquip/year/2024/state/19,Verified Voting Verifier data is county-level election-administration context. It documents equipment systems and related fields by jurisdiction; it is not a turnout or vote-result source.
IA,2024,IA-035,Cherokee County,county,Unisyn,Unisyn OpenElect FVT +,Optical Scan,county_context,hand_marked_paper,"Hand marked paper ballots, BMDs for accessibility",Ballot Marking Devices for all voters,Batch-Fed Optical Scanners,In-House Electronic Poll Book,Optical Scan,7401,7,7,verified-voting-verifier-ia-2024-equipment,https://verifiedvoting.org/verifier/#mode/navigate/map/voteEquip/mapType/ppEquip/year/2024/state/19,Verified Voting Verifier data is county-level election-administration context. It documents equipment systems and related fields by jurisdiction; it is not a turnout or vote-result source.
IA,2024,IA-037,Chickasaw County,county,Unisyn,Unisyn OpenElect FVT +,Optical Scan,county_context,hand_marked_paper,"Hand marked paper ballots, BMDs for accessibility",Ballot Marking Devices for all voters,Batch-Fed Optical Scanners,In-House Electronic Poll Book,Optical Scan,7670,9,9,verified-voting-verifier-ia-2024-equipment,https://verifiedvoting.org/verifier/#mode/navigate/map/voteEquip/mapType/ppEquip/year/2024/state/19,Verified Voting Verifier data is county-level election-administration context. It documents equipment systems and related fields by jurisdiction; it is not a turnout or vote-result source.
IA,2024,IA-039,Clarke County,county,Unisyn,Unisyn OpenElect FVT +,Optical Scan,county_context,hand_marked_paper,"Hand marked paper ballots, BMDs for accessibility",Ballot Marking Devices for all voters,Batch-Fed Optical Scanners,In-House Electronic Poll Book,Optical Scan,5621,7,7,verified-voting-verifier-ia-2024-equipment,https://verifiedvoting.org/verifier/#mode/navigate/map/voteEquip/mapType/ppEquip/year/2024/state/19,Verified Voting Verifier data is county-level election-administration context. It documents equipment systems and related fields by jurisdiction; it is not a turnout or vote-result source.
IA,2024,IA-041,Clay County,county,Unisyn,Unisyn OpenElect FVT +,Optical Scan,county_context,hand_marked_paper,"Hand marked paper ballots, BMDs for accessibility",Ballot Marking Devices for all voters,Batch-Fed Optical Scanners,In-House Electronic Poll Book,Optical Scan,10567,12,12,verified-voting-verifier-ia-2024-equipment,https://verifiedvoting.org/verifier/#mode/navigate/map/voteEquip/mapType/ppEquip/year/2024/state/19,Verified Voting Verifier data is county-level election-administration context. It documents equipment systems and related fields by jurisdiction; it is not a turnout or vote-result source.
IA,2024,IA-043,Clayton County,county,ES&S,ES&S ExpressVote +,Optical Scan,county_context,hand_marked_paper,"Hand marked paper ballots, BMDs for accessibility",Ballot Marking Devices for all voters,Hand-Fed Optical Scanners,In-House Electronic Poll Book,Optical Scan,11464,12,12,verified-voting-verifier-ia-2024-equipment,https://verifiedvoting.org/verifier/#mode/navigate/map/voteEquip/mapType/ppEquip/year/2024/state/19,Verified Voting Verifier data is county-level election-administration context. It documents equipment systems and related fields by jurisdiction; it is not a turnout or vote-result source.
IA,2024,IA-045,Clinton County,county,ES&S,ES&S ExpressVote +,Optical Scan,county_context,hand_marked_paper,"Hand marked paper ballots, BMDs for accessibility",Ballot Marking Devices for all voters,Batch-Fed Optical Scanners,In-House Electronic Poll Book,Optical Scan,30652,24,24,verified-voting-verifier-ia-2024-equipment,https://verifiedvoting.org/verifier/#mode/navigate/map/voteEquip/mapType/ppEquip/year/2024/state/19,Verified Voting Verifier data is county-level election-administration context. It documents equipment systems and related fields by jurisdiction; it is not a turnout or vote-result source.
IA,2024,IA-047,Crawford County,county,Unisyn,Unisyn OpenElect FVT +,Optical Scan,county_context,hand_marked_paper,"Hand marked paper ballots, BMDs for accessibility",Ballot Marking Devices for all voters,Batch-Fed Optical Scanners,In-House Electronic Poll Book,Optical Scan,8544,8,8,verified-voting-verifier-ia-2024-equipment,https://verifiedvoting.org/verifier/#mode/navigate/map/voteEquip/mapType/ppEquip/year/2024/state/19,Verified Voting Verifier data is county-level election-administration context. It documents equipment systems and related fields by jurisdiction; it is not a turnout or vote-result source.
IA,2024,IA-049,Dallas County,county,Unisyn,Unisyn OpenElect OVI +,Optical Scan,county_context,hand_marked_paper,"Hand marked paper ballots, BMDs for accessibility",Ballot Marking Devices for all voters,Batch-Fed Optical Scanners,Commercial Electronic Poll Book,Optical Scan,70900,46,46,verified-voting-verifier-ia-2024-equipment,https://verifiedvoting.org/verifier/#mode/navigate/map/voteEquip/mapType/ppEquip/year/2024/state/19,Verified Voting Verifier data is county-level election-administration context. It documents equipment systems and related fields by jurisdiction; it is not a turnout or vote-result source.
IA,2024,IA-051,Davis County,county,Unisyn,Unisyn OpenElect OVI-VC +,Optical Scan,county_context,hand_marked_paper,"Hand marked paper ballots, BMDs for accessibility",Ballot Marking Devices for all voters,Hand-Fed Optical Scanners,In-House Electronic Poll Book,Optical Scan,4715,8,8,verified-voting-verifier-ia-2024-equipment,https://verifiedvoting.org/verifier/#mode/navigate/map/voteEquip/mapType/ppEquip/year/2024/state/19,Verified Voting Verifier data is county-level election-administration context. It documents equipment systems and related fields by jurisdiction; it is not a turnout or vote-result source.
IA,2024,IA-053,Decatur County,county,Unisyn,Unisyn OpenElect OVI-VC +,Optical Scan,county_context,hand_marked_paper,"Hand marked paper ballots, BMDs for accessibility",Ballot Marking Devices for all voters,Batch-Fed Optical Scanners,In-House Electronic Poll Book,Optical Scan,4361,4,4,verified-voting-verifier-ia-2024-equipment,https://verifiedvoting.org/verifier/#mode/navigate/map/voteEquip/mapType/ppEquip/year/2024/state/19,Verified Voting Verifier data is county-level election-administration context. It documents equipment systems and related fields by jurisdiction; it is not a turnout or vote-result source.
IA,2024,IA-055,Delaware County,county,ES&S,ES&S ExpressVote +,Optical Scan,county_context,hand_marked_paper,"Hand marked paper ballots, BMDs for accessibility",Ballot Marking Devices for all voters,Hand-Fed Optical Scanners,In-House Electronic Poll Book,Optical Scan,11638,12,12,verified-voting-verifier-ia-2024-equipment,https://verifiedvoting.org/verifier/#mode/navigate/map/voteEquip/mapType/ppEquip/year/2024/state/19,Verified Voting Verifier data is county-level election-administration context. It documents equipment systems and related fields by jurisdiction; it is not a turnout or vote-result source.
IA,2024,IA-057,Des Moines County,county,Unisyn,Unisyn OpenElect OVI-VC +,Optical Scan,county_context,hand_marked_paper,"Hand marked paper ballots, BMDs for accessibility",Ballot Marking Devices for all voters,Hand-Fed Optical Scanners,In-House Electronic Poll Book,Optical Scan,24823,17,17,verified-voting-verifier-ia-2024-equipment,https://verifiedvoting.org/verifier/#mode/navigate/map/voteEquip/mapType/ppEquip/year/2024/state/19,Verified Voting Verifier data is county-level election-administration context. It documents equipment systems and related fields by jurisdiction; it is not a turnout or vote-result source.
IA,2024,IA-059,Dickinson County,county,Dominion,Dominion ImageCast Precinct BMD +,Optical Scan,county_context,hand_marked_paper,"Hand marked paper ballots, BMDs for accessibility",Ballot Marking Devices for all voters,Hand-Fed Optical Scanners,In-House Electronic Poll Book,Optical Scan,13628,12,12,verified-voting-verifier-ia-2024-equipment,https://verifiedvoting.org/verifier/#mode/navigate/map/voteEquip/mapType/ppEquip/year/2024/state/19,Verified Voting Verifier data is county-level election-administration context. It documents equipment systems and related fields by jurisdiction; it is not a turnout or vote-result source.
IA,2024,IA-061,Dubuque County,county,Unisyn,Unisyn OpenElect OVI-VC +,Optical Scan,county_context,hand_marked_paper,"Hand marked paper ballots, BMDs for accessibility",Ballot Marking Devices for all voters,Batch-Fed Optical Scanners,Commercial Electronic Poll Book,Optical Scan,63679,34,34,verified-voting-verifier-ia-2024-equipment,https://verifiedvoting.org/verifier/#mode/navigate/map/voteEquip/mapType/ppEquip/year/2024/state/19,Verified Voting Verifier data is county-level election-administration context. It documents equipment systems and related fields by jurisdiction; it is not a turnout or vote-result source.
IA,2024,IA-063,Emmet County,county,Unisyn,Unisyn OpenElect FVT +,Optical Scan,county_context,hand_marked_paper,"Hand marked paper ballots, BMDs for accessibility",Ballot Marking Devices for all voters,Hand-Fed Optical Scanners,In-House Electronic Poll Book,Optical Scan,6091,11,11,verified-voting-verifier-ia-2024-equipment,https://verifiedvoting.org/verifier/#mode/navigate/map/voteEquip/mapType/ppEquip/year/2024/state/19,Verified Voting Verifier data is county-level election-administration context. It documents equipment systems and related fields by jurisdiction; it is not a turnout or vote-result source.
IA,2024,IA-065,Fayette County,county,ES&S,ES&S AutoMARK +,Optical Scan,county_context,hand_marked_paper,"Hand marked paper ballots, BMDs for accessibility",Ballot Marking Devices for all voters,Hand-Fed Optical Scanners,In-House Electronic Poll Book,Optical Scan,11668,20,20,verified-voting-verifier-ia-2024-equipment,https://verifiedvoting.org/verifier/#mode/navigate/map/voteEquip/mapType/ppEquip/year/2024/state/19,Verified Voting Verifier data is county-level election-administration context. It documents equipment systems and related fields by jurisdiction; it is not a turnout or vote-result source.
IA,2024,IA-067,Floyd County,county,Unisyn,Unisyn OpenElect OVI-VC +,Optical Scan,county_context,hand_marked_paper,"Hand marked paper ballots, BMDs for accessibility",Ballot Marking Devices for all voters,Batch-Fed Optical Scanners,Commercial Electronic Poll Book,Optical Scan,9639,8,8,verified-voting-verifier-ia-2024-equipment,https://verifiedvoting.org/verifier/#mode/navigate/map/voteEquip/mapType/ppEquip/year/2024/state/19,Verified Voting Verifier data is county-level election-administration context. It documents equipment systems and related fields by jurisdiction; it is not a turnout or vote-result source.
IA,2024,IA-069,Franklin County,county,Unisyn,Unisyn OpenElect FVT +,Optical Scan,county_context,hand_marked_paper,"Hand marked paper ballots, BMDs for accessibility",Ballot Marking Devices for all voters,Hand-Fed Optical Scanners,In-House Electronic Poll Book,Optical Scan,5965,12,12,verified-voting-verifier-ia-2024-equipment,https://verifiedvoting.org/verifier/#mode/navigate/map/voteEquip/mapType/ppEquip/year/2024/state/19,Verified Voting Verifier data is county-level election-administration context. It documents equipment systems and related fields by jurisdiction; it is not a turnout or vote-result source.
IA,2024,IA-071,Fremont County,county,Unisyn,Unisyn OpenElect FVT +,Optical Scan,county_context,hand_marked_paper,"Hand marked paper ballots, BMDs for accessibility",Ballot Marking Devices for all voters,Hand-Fed Optical Scanners,In-House Electronic Poll Book,Optical Scan,4671,5,5,verified-voting-verifier-ia-2024-equipment,https://verifiedvoting.org/verifier/#mode/navigate/map/voteEquip/mapType/ppEquip/year/2024/state/19,Verified Voting Verifier data is county-level election-administration context. It documents equipment systems and related fields by jurisdiction; it is not a turnout or vote-result source.
IA,2024,IA-073,Greene County,county,Unisyn,Unisyn OpenElect FVT +,Optical Scan,county_context,hand_marked_paper,"Hand marked paper ballots, BMDs for accessibility",Ballot Marking Devices for all voters,Hand-Fed Optical Scanners,In-House Electronic Poll Book,Optical Scan,6019,6,6,verified-voting-verifier-ia-2024-equipment,https://verifiedvoting.org/verifier/#mode/navigate/map/voteEquip/mapType/ppEquip/year/2024/state/19,Verified Voting Verifier data is county-level election-administration context. It documents equipment systems and related fields by jurisdiction; it is not a turnout or vote-result source.
IA,2024,IA-075,Grundy County,county,ES&S,ES&S ExpressVote +,Optical Scan,county_context,hand_marked_paper,"Hand marked paper ballots, BMDs for accessibility",Ballot Marking Devices for all voters,Hand-Fed Optical Scanners,In-House Electronic Poll Book,Optical Scan,8462,7,7,verified-voting-verifier-ia-2024-equipment,https://verifiedvoting.org/verifier/#mode/navigate/map/voteEquip/mapType/ppEquip/year/2024/state/19,Verified Voting Verifier data is county-level election-administration context. It documents equipment systems and related fields by jurisdiction; it is not a turnout or vote-result source.
IA,2024,IA-077,Guthrie County,county,Unisyn,Unisyn OpenElect FVT +,Optical Scan,county_context,hand_marked_paper,"Hand marked paper ballots, BMDs for accessibility",Ballot Marking Devices for all voters,Hand-Fed Optical Scanners,In-House Electronic Poll Book,Optical Scan,7791,6,10,verified-voting-verifier-ia-2024-equipment,https://verifiedvoting.org/verifier/#mode/navigate/map/voteEquip/mapType/ppEquip/year/2024/state/19,Verified Voting Verifier data is county-level election-administration context. It documents equipment systems and related fields by jurisdiction; it is not a turnout or vote-result source.
IA,2024,IA-079,Hamilton County,county,Unisyn,Unisyn OpenElect FVT +,Optical Scan,county_context,hand_marked_paper,"Hand marked paper ballots, BMDs for accessibility",Ballot Marking Devices for all voters,Hand-Fed Optical Scanners,In-House Electronic Poll Book,Optical Scan,9271,7,7,verified-voting-verifier-ia-2024-equipment,https://verifiedvoting.org/verifier/#mode/navigate/map/voteEquip/mapType/ppEquip/year/2024/state/19,Verified Voting Verifier data is county-level election-administration context. It documents equipment systems and related fields by jurisdiction; it is not a turnout or vote-result source.
IA,2024,IA-081,Hancock County,county,Unisyn,Unisyn OpenElect FVT +,Optical Scan,county_context,hand_marked_paper,"Hand marked paper ballots, BMDs for accessibility",Ballot Marking Devices for all voters,Batch-Fed Optical Scanners,In-House Electronic Poll Book,Optical Scan,7082,10,10,verified-voting-verifier-ia-2024-equipment,https://verifiedvoting.org/verifier/#mode/navigate/map/voteEquip/mapType/ppEquip/year/2024/state/19,Verified Voting Verifier data is county-level election-administration context. It documents equipment systems and related fields by jurisdiction; it is not a turnout or vote-result source.
IA,2024,IA-083,Hardin County,county,Dominion,Dominion ImageCast Precinct BMD +,Optical Scan,county_context,hand_marked_paper,"Hand marked paper ballots, BMDs for accessibility",Ballot Marking Devices for all voters,Hand-Fed Optical Scanners,In-House Electronic Poll Book,Optical Scan,10351,8,8,verified-voting-verifier-ia-2024-equipment,https://verifiedvoting.org/verifier/#mode/navigate/map/voteEquip/mapType/ppEquip/year/2024/state/19,Verified Voting Verifier data is county-level election-administration context. It documents equipment systems and related fields by jurisdiction; it is not a turnout or vote-result source.
IA,2024,IA-085,Harrison County,county,Unisyn,Unisyn OpenElect FVT +,Optical Scan,county_context,hand_marked_paper,"Hand marked paper ballots, BMDs for accessibility",Ballot Marking Devices for all voters,Hand-Fed Optical Scanners,In-House Electronic Poll Book,Optical Scan,8721,11,11,verified-voting-verifier-ia-2024-equipment,https://verifiedvoting.org/verifier/#mode/navigate/map/voteEquip/mapType/ppEquip/year/2024/state/19,Verified Voting Verifier data is county-level election-administration context. It documents equipment systems and related fields by jurisdiction; it is not a turnout or vote-result source.
IA,2024,IA-087,Henry County,county,Unisyn,Unisyn OpenElect OVI-VC +,Optical Scan,county_context,hand_marked_paper,"Hand marked paper ballots, BMDs for accessibility",Ballot Marking Devices for all voters,Batch-Fed Optical Scanners,In-House Electronic Poll Book,Optical Scan,12150,9,9,verified-voting-verifier-ia-2024-equipment,https://verifiedvoting.org/verifier/#mode/navigate/map/voteEquip/mapType/ppEquip/year/2024/state/19,Verified Voting Verifier data is county-level election-administration context. It documents equipment systems and related fields by jurisdiction; it is not a turnout or vote-result source.
IA,2024,IA-089,Howard County,county,Unisyn,Unisyn OpenElect FVT +,Optical Scan,county_context,hand_marked_paper,"Hand marked paper ballots, BMDs for accessibility",Ballot Marking Devices for all voters,Batch-Fed Optical Scanners,In-House Electronic Poll Book,Optical Scan,5870,9,9,verified-voting-verifier-ia-2024-equipment,https://verifiedvoting.org/verifier/#mode/navigate/map/voteEquip/mapType/ppEquip/year/2024/state/19,Verified Voting Verifier data is county-level election-administration context. It documents equipment systems and related fields by jurisdiction; it is not a turnout or vote-result source.
IA,2024,IA-091,Humboldt County,county,Unisyn,Unisyn OpenElect OVI-VC +,Optical Scan,county_context,hand_marked_paper,"Hand marked paper ballots, BMDs for accessibility",Ballot Marking Devices for all voters,Hand-Fed Optical Scanners,In-House Electronic Poll Book,Optical Scan,6150,6,6,verified-voting-verifier-ia-2024-equipment,https://verifiedvoting.org/verifier/#mode/navigate/map/voteEquip/mapType/ppEquip/year/2024/state/19,Verified Voting Verifier data is county-level election-administration context. It documents equipment systems and related fields by jurisdiction; it is not a turnout or vote-result source.
IA,2024,IA-093,Ida County,county,Unisyn,Unisyn OpenElect OVI-VC +,Optical Scan,county_context,hand_marked_paper,"Hand marked paper ballots, BMDs for accessibility",Ballot Marking Devices for all voters,Hand-Fed Optical Scanners,In-House Electronic Poll Book,Optical Scan,4462,7,7,verified-voting-verifier-ia-2024-equipment,https://verifiedvoting.org/verifier/#mode/navigate/map/voteEquip/mapType/ppEquip/year/2024/state/19,Verified Voting Verifier data is county-level election-administration context. It documents equipment systems and related fields by jurisdiction; it is not a turnout or vote-result source.
IA,2024,IA-095,Iowa County,county,Unisyn,Unisyn OpenElect OVI-VC +,Optical Scan,county_context,hand_marked_paper,"Hand marked paper ballots, BMDs for accessibility",Ballot Marking Devices for all voters,Hand-Fed Optical Scanners,In-House Electronic Poll Book,Optical Scan,11543,11,11,verified-voting-verifier-ia-2024-equipment,https://verifiedvoting.org/verifier/#mode/navigate/map/voteEquip/mapType/ppEquip/year/2024/state/19,Verified Voting Verifier data is county-level election-administration context. It documents equipment systems and related fields by jurisdiction; it is not a turnout or vote-result source.
IA,2024,IA-097,Jackson County,county,Unisyn,Unisyn OpenElect OVI-VC +,Optical Scan,county_context,hand_marked_paper,"Hand marked paper ballots, BMDs for accessibility",Ballot Marking Devices for all voters,Hand-Fed Optical Scanners,In-House Electronic Poll Book,Optical Scan,13365,13,13,verified-voting-verifier-ia-2024-equipment,https://verifiedvoting.org/verifier/#mode/navigate/map/voteEquip/mapType/ppEquip/year/2024/state/19,Verified Voting Verifier data is county-level election-administration context. It documents equipment systems and related fields by jurisdiction; it is not a turnout or vote-result source.
IA,2024,IA-099,Jasper County,county,ES&S,ES&S ExpressVote +,Optical Scan,county_context,hand_marked_paper,"Hand marked paper ballots, BMDs for accessibility",Ballot Marking Devices for all voters,Batch-Fed Optical Scanners,Commercial Electronic Poll Book,Optical Scan,24272,18,20,verified-voting-verifier-ia-2024-equipment,https://verifiedvoting.org/verifier/#mode/navigate/map/voteEquip/mapType/ppEquip/year/2024/state/19,Verified Voting Verifier data is county-level election-administration context. It documents equipment systems and related fields by jurisdiction; it is not a turnout or vote-result source.
IA,2024,IA-101,Jefferson County,county,Unisyn,Unisyn OpenElect OVI-VC +,Optical Scan,county_context,hand_marked_paper,"Hand marked paper ballots, BMDs for accessibility",Ballot Marking Devices for all voters,Hand-Fed Optical Scanners,In-House Electronic Poll Book,Optical Scan,10215,12,12,verified-voting-verifier-ia-2024-equipment,https://verifiedvoting.org/verifier/#mode/navigate/map/voteEquip/mapType/ppEquip/year/2024/state/19,Verified Voting Verifier data is county-level election-administration context. It documents equipment systems and related fields by jurisdiction; it is not a turnout or vote-result source.
IA,2024,IA-103,Johnson County,county,ES&S,ES&S ExpressVote +,Optical Scan,county_context,hand_marked_paper,"Hand marked paper ballots, BMDs for accessibility",Ballot Marking Devices for all voters,Batch-Fed Optical Scanners,Commercial Electronic Poll Book,Optical Scan,99442,65,64,verified-voting-verifier-ia-2024-equipment,https://verifiedvoting.org/verifier/#mode/navigate/map/voteEquip/mapType/ppEquip/year/2024/state/19,Verified Voting Verifier data is county-level election-administration context. It documents equipment systems and related fields by jurisdiction; it is not a turnout or vote-result source.
IA,2024,IA-105,Jones County,county,ES&S,ES&S ExpressVote +,Optical Scan,county_context,hand_marked_paper,"Hand marked paper ballots, BMDs for accessibility",Ballot Marking Devices for all voters,Hand-Fed Optical Scanners,In-House Electronic Poll Book,Optical Scan,13087,14,14,verified-voting-verifier-ia-2024-equipment,https://verifiedvoting.org/verifier/#mode/navigate/map/voteEquip/mapType/ppEquip/year/2024/state/19,Verified Voting Verifier data is county-level election-administration context. It documents equipment systems and related fields by jurisdiction; it is not a turnout or vote-result source.
IA,2024,IA-107,Keokuk County,county,Unisyn,Unisyn OpenElect FVT +,Optical Scan,county_context,hand_marked_paper,"Hand marked paper ballots, BMDs for accessibility",Ballot Marking Devices for all voters,Hand-Fed Optical Scanners,In-House Electronic Poll Book,Optical Scan,6143,11,11,verified-voting-verifier-ia-2024-equipment,https://verifiedvoting.org/verifier/#mode/navigate/map/voteEquip/mapType/ppEquip/year/2024/state/19,Verified Voting Verifier data is county-level election-administration context. It documents equipment systems and related fields by jurisdiction; it is not a turnout or vote-result source.
IA,2024,IA-109,Kossuth County,county,ES&S,ES&S ExpressVote +,Optical Scan,county_context,hand_marked_paper,"Hand marked paper ballots, BMDs for accessibility",Ballot Marking Devices for all voters,Hand-Fed Optical Scanners,In-House Electronic Poll Book,Optical Scan,9932,20,20,verified-voting-verifier-ia-2024-equipment,https://verifiedvoting.org/verifier/#mode/navigate/map/voteEquip/mapType/ppEquip/year/2024/state/19,Verified Voting Verifier data is county-level election-administration context. It documents equipment systems and related fields by jurisdiction; it is not a turnout or vote-result source.
IA,2024,IA-111,Lee County,county,ES&S,ES&S ExpressVote +,Optical Scan,county_context,hand_marked_paper,"Hand marked paper ballots, BMDs for accessibility",Ballot Marking Devices for all voters,Hand-Fed Optical Scanners,Commercial Electronic Poll Book,Optical Scan,20419,22,22,verified-voting-verifier-ia-2024-equipment,https://verifiedvoting.org/verifier/#mode/navigate/map/voteEquip/mapType/ppEquip/year/2024/state/19,Verified Voting Verifier data is county-level election-administration context. It documents equipment systems and related fields by jurisdiction; it is not a turnout or vote-result source.
IA,2024,IA-113,Linn County,county,ES&S,ES&S ExpressVote +,Optical Scan,county_context,hand_marked_paper,"Hand marked paper ballots, BMDs for accessibility",Ballot Marking Devices for all voters,Batch-Fed Optical Scanners,Commercial Electronic Poll Book,Optical Scan,146358,94,94,verified-voting-verifier-ia-2024-equipment,https://verifiedvoting.org/verifier/#mode/navigate/map/voteEquip/mapType/ppEquip/year/2024/state/19,Verified Voting Verifier data is county-level election-administration context. It documents equipment systems and related fields by jurisdiction; it is not a turnout or vote-result source.
IA,2024,IA-115,Louisa County,county,Unisyn,Unisyn OpenElect OVI-VC +,Optical Scan,county_context,hand_marked_paper,"Hand marked paper ballots, BMDs for accessibility",Ballot Marking Devices for all voters,Hand-Fed Optical Scanners,In-House Electronic Poll Book,Optical Scan,6495,5,5,verified-voting-verifier-ia-2024-equipment,https://verifiedvoting.org/verifier/#mode/navigate/map/voteEquip/mapType/ppEquip/year/2024/state/19,Verified Voting Verifier data is county-level election-administration context. It documents equipment systems and related fields by jurisdiction; it is not a turnout or vote-result source.
IA,2024,IA-117,Lucas County,county,Dominion,Dominion ImageCast Precinct BMD +,Optical Scan,county_context,hand_marked_paper,"Hand marked paper ballots, BMDs for accessibility",Ballot Marking Devices for all voters,Hand-Fed Optical Scanners,Paper Poll Book,Optical Scan,5565,7,7,verified-voting-verifier-ia-2024-equipment,https://verifiedvoting.org/verifier/#mode/navigate/map/voteEquip/mapType/ppEquip/year/2024/state/19,Verified Voting Verifier data is county-level election-administration context. It documents equipment systems and related fields by jurisdiction; it is not a turnout or vote-result source.
IA,2024,IA-119,Lyon County,county,Unisyn,Unisyn OpenElect FVT +,Optical Scan,county_context,hand_marked_paper,"Hand marked paper ballots, BMDs for accessibility",Ballot Marking Devices for all voters,Hand-Fed Optical Scanners,In-House Electronic Poll Book,Optical Scan,8227,10,10,verified-voting-verifier-ia-2024-equipment,https://verifiedvoting.org/verifier/#mode/navigate/map/voteEquip/mapType/ppEquip/year/2024/state/19,Verified Voting Verifier data is county-level election-administration context. It documents equipment systems and related fields by jurisdiction; it is not a turnout or vote-result source.
IA,2024,IA-121,Madison County,county,Unisyn,Unisyn OpenElect OVI +,Optical Scan,county_context,hand_marked_paper,"Hand marked paper ballots, BMDs for accessibility",Ballot Marking Devices for all voters,Hand-Fed Optical Scanners,In-House Electronic Poll Book,Optical Scan,11602,10,10,verified-voting-verifier-ia-2024-equipment,https://verifiedvoting.org/verifier/#mode/navigate/map/voteEquip/mapType/ppEquip/year/2024/state/19,Verified Voting Verifier data is county-level election-administration context. It documents equipment systems and related fields by jurisdiction; it is not a turnout or vote-result source.
IA,2024,IA-123,Mahaska County,county,Unisyn,Unisyn OpenElect OVI-VC +,Optical Scan,county_context,hand_marked_paper,"Hand marked paper ballots, BMDs for accessibility",Ballot Marking Devices for all voters,Batch-Fed Optical Scanners,Commercial Electronic Poll Book,Optical Scan,13174,9,9,verified-voting-verifier-ia-2024-equipment,https://verifiedvoting.org/verifier/#mode/navigate/map/voteEquip/mapType/ppEquip/year/2024/state/19,Verified Voting Verifier data is county-level election-administration context. It documents equipment systems and related fields by jurisdiction; it is not a turnout or vote-result source.
IA,2024,IA-125,Marion County,county,Unisyn,Unisyn OpenElect OVI-VC +,Optical Scan,county_context,hand_marked_paper,"Hand marked paper ballots, BMDs for accessibility",Ballot Marking Devices for all voters,Hand-Fed Optical Scanners,In-House Electronic Poll Book,Optical Scan,22912,19,19,verified-voting-verifier-ia-2024-equipment,https://verifiedvoting.org/verifier/#mode/navigate/map/voteEquip/mapType/ppEquip/year/2024/state/19,Verified Voting Verifier data is county-level election-administration context. It documents equipment systems and related fields by jurisdiction; it is not a turnout or vote-result source.
IA,2024,IA-127,Marshall County,county,Unisyn,Unisyn OpenElect OVI +,Optical Scan,county_context,hand_marked_paper,"Hand marked paper ballots, BMDs for accessibility",Ballot Marking Devices for all voters,Batch-Fed Optical Scanners,In-House Electronic Poll Book,Optical Scan,22017,11,15,verified-voting-verifier-ia-2024-equipment,https://verifiedvoting.org/verifier/#mode/navigate/map/voteEquip/mapType/ppEquip/year/2024/state/19,Verified Voting Verifier data is county-level election-administration context. It documents equipment systems and related fields by jurisdiction; it is not a turnout or vote-result source.
IA,2024,IA-129,Mills County,county,Unisyn,Unisyn OpenElect FVT +,Optical Scan,county_context,hand_marked_paper,"Hand marked paper ballots, BMDs for accessibility",Ballot Marking Devices for all voters,Batch-Fed Optical Scanners,In-House Electronic Poll Book,Optical Scan,10236,11,11,verified-voting-verifier-ia-2024-equipment,https://verifiedvoting.org/verifier/#mode/navigate/map/voteEquip/mapType/ppEquip/year/2024/state/19,Verified Voting Verifier data is county-level election-administration context. It documents equipment systems and related fields by jurisdiction; it is not a turnout or vote-result source.
IA,2024,IA-131,Mitchell County,county,Dominion,Dominion ImageCast X BMD +,Optical Scan,county_context,hand_marked_paper,"Hand marked paper ballots, BMDs for accessibility",Ballot Marking Devices for all voters,Hand-Fed Optical Scanners,In-House Electronic Poll Book,Optical Scan,6576,12,12,verified-voting-verifier-ia-2024-equipment,https://verifiedvoting.org/verifier/#mode/navigate/map/voteEquip/mapType/ppEquip/year/2024/state/19,Verified Voting Verifier data is county-level election-administration context. It documents equipment systems and related fields by jurisdiction; it is not a turnout or vote-result source.
IA,2024,IA-133,Monona County,county,Unisyn,Unisyn OpenElect OVI-VC +,Optical Scan,county_context,hand_marked_paper,"Hand marked paper ballots, BMDs for accessibility",Ballot Marking Devices for all voters,Batch-Fed Optical Scanners,In-House Electronic Poll Book,Optical Scan,5177,10,10,verified-voting-verifier-ia-2024-equipment,https://verifiedvoting.org/verifier/#mode/navigate/map/voteEquip/mapType/ppEquip/year/2024/state/19,Verified Voting Verifier data is county-level election-administration context. It documents equipment systems and related fields by jurisdiction; it is not a turnout or vote-result source.
IA,2024,IA-135,Monroe County,county,Unisyn,Unisyn OpenElect OVI-VC +,Optical Scan,county_context,hand_marked_paper,"Hand marked paper ballots, BMDs for accessibility",Ballot Marking Devices for all voters,Batch-Fed Optical Scanners,In-House Electronic Poll Book,Optical Scan,4927,7,7,verified-voting-verifier-ia-2024-equipment,https://verifiedvoting.org/verifier/#mode/navigate/map/voteEquip/mapType/ppEquip/year/2024/state/19,Verified Voting Verifier data is county-level election-administration context. It documents equipment systems and related fields by jurisdiction; it is not a turnout or vote-result source.
IA,2024,IA-137,Montgomery County,county,Unisyn,Unisyn OpenElect FVT +,Optical Scan,county_context,hand_marked_paper,"Hand marked paper ballots, BMDs for accessibility",Ballot Marking Devices for all voters,Batch-Fed Optical Scanners,In-House Electronic Poll Book,Optical Scan,6360,7,7,verified-voting-verifier-ia-2024-equipment,https://verifiedvoting.org/verifier/#mode/navigate/map/voteEquip/mapType/ppEquip/year/2024/state/19,Verified Voting Verifier data is county-level election-administration context. It documents equipment systems and related fields by jurisdiction; it is not a turnout or vote-result source.
IA,2024,IA-139,Muscatine County,county,ES&S,ES&S ExpressVote +,Optical Scan,county_context,hand_marked_paper,"Hand marked paper ballots, BMDs for accessibility",Ballot Marking Devices for all voters,Batch-Fed Optical Scanners,In-House Electronic Poll Book,Optical Scan,25462,25,25,verified-voting-verifier-ia-2024-equipment,https://verifiedvoting.org/verifier/#mode/navigate/map/voteEquip/mapType/ppEquip/year/2024/state/19,Verified Voting Verifier data is county-level election-administration context. It documents equipment systems and related fields by jurisdiction; it is not a turnout or vote-result source.
IA,2024,IA-141,O'Brien County,county,Unisyn,Unisyn OpenElect FVT +,Optical Scan,county_context,hand_marked_paper,"Hand marked paper ballots, BMDs for accessibility",Ballot Marking Devices for all voters,Hand-Fed Optical Scanners,Commercial Electronic Poll Book,Optical Scan,8975,9,9,verified-voting-verifier-ia-2024-equipment,https://verifiedvoting.org/verifier/#mode/navigate/map/voteEquip/mapType/ppEquip/year/2024/state/19,Verified Voting Verifier data is county-level election-administration context. It documents equipment systems and related fields by jurisdiction; it is not a turnout or vote-result source.
IA,2024,IA-143,Osceola County,county,Unisyn,Unisyn OpenElect FVT +,Optical Scan,county_context,hand_marked_paper,"Hand marked paper ballots, BMDs for accessibility",Ballot Marking Devices for all voters,Batch-Fed Optical Scanners,In-House Electronic Poll Book,Optical Scan,3832,8,8,verified-voting-verifier-ia-2024-equipment,https://verifiedvoting.org/verifier/#mode/navigate/map/voteEquip/mapType/ppEquip/year/2024/state/19,Verified Voting Verifier data is county-level election-administration context. It documents equipment systems and related fields by jurisdiction; it is not a turnout or vote-result source.
IA,2024,IA-145,Page County,county,Unisyn,Unisyn OpenElect FVT +,Optical Scan,county_context,hand_marked_paper,"Hand marked paper ballots, BMDs for accessibility",Ballot Marking Devices for all voters,Hand-Fed Optical Scanners,In-House Electronic Poll Book,Optical Scan,9427,9,9,verified-voting-verifier-ia-2024-equipment,https://verifiedvoting.org/verifier/#mode/navigate/map/voteEquip/mapType/ppEquip/year/2024/state/19,Verified Voting Verifier data is county-level election-administration context. It documents equipment systems and related fields by jurisdiction; it is not a turnout or vote-result source.
IA,2024,IA-147,Palo Alto County,county,ES&S,ES&S ExpressVote +,Optical Scan,county_context,hand_marked_paper,"Hand marked paper ballots, BMDs for accessibility",Ballot Marking Devices for all voters,Hand-Fed Optical Scanners,In-House Electronic Poll Book,Optical Scan,5883,8,8,verified-voting-verifier-ia-2024-equipment,https://verifiedvoting.org/verifier/#mode/navigate/map/voteEquip/mapType/ppEquip/year/2024/state/19,Verified Voting Verifier data is county-level election-administration context. It documents equipment systems and related fields by jurisdiction; it is not a turnout or vote-result source.
IA,2024,IA-149,Plymouth County,county,Unisyn,Unisyn OpenElect OVI-VC +,Optical Scan,county_context,hand_marked_paper,"Hand marked paper ballots, BMDs for accessibility",Ballot Marking Devices for all voters,Hand-Fed Optical Scanners,In-House Electronic Poll Book,Optical Scan,16825,11,11,verified-voting-verifier-ia-2024-equipment,https://verifiedvoting.org/verifier/#mode/navigate/map/voteEquip/mapType/ppEquip/year/2024/state/19,Verified Voting Verifier data is county-level election-administration context. It documents equipment systems and related fields by jurisdiction; it is not a turnout or vote-result source.
IA,2024,IA-151,Pocahontas County,county,Unisyn,Unisyn OpenElect OVI-VC +,Optical Scan,county_context,hand_marked_paper,"Hand marked paper ballots, BMDs for accessibility",Ballot Marking Devices for all voters,Hand-Fed Optical Scanners,In-House Electronic Poll Book,Optical Scan,4396,7,7,verified-voting-verifier-ia-2024-equipment,https://verifiedvoting.org/verifier/#mode/navigate/map/voteEquip/mapType/ppEquip/year/2024/state/19,Verified Voting Verifier data is county-level election-administration context. It documents equipment systems and related fields by jurisdiction; it is not a turnout or vote-result source.
IA,2024,IA-153,Polk County,county,Unisyn,Unisyn OpenElect OVI +,Optical Scan,county_context,hand_marked_paper,"Hand marked paper ballots, BMDs for accessibility",Ballot Marking Devices for all voters,Batch-Fed Optical Scanners,Commercial Electronic Poll Book,Optical Scan,305244,176,176,verified-voting-verifier-ia-2024-equipment,https://verifiedvoting.org/verifier/#mode/navigate/map/voteEquip/mapType/ppEquip/year/2024/state/19,Verified Voting Verifier data is county-level election-administration context. It documents equipment systems and related fields by jurisdiction; it is not a turnout or vote-result source.
IA,2024,IA-155,Pottawattamie County,county,ES&S,ES&S ExpressVote +,Optical Scan,county_context,hand_marked_paper,"Hand marked paper ballots, BMDs for accessibility",Ballot Marking Devices for all voters,Batch-Fed Optical Scanners,In-House Electronic Poll Book,Optical Scan,57806,40,40,verified-voting-verifier-ia-2024-equipment,https://verifiedvoting.org/verifier/#mode/navigate/map/voteEquip/mapType/ppEquip/year/2024/state/19,Verified Voting Verifier data is county-level election-administration context. It documents equipment systems and related fields by jurisdiction; it is not a turnout or vote-result source.
IA,2024,IA-157,Poweshiek County,county,Unisyn,Unisyn OpenElect FVT +,Optical Scan,county_context,hand_marked_paper,"Hand marked paper ballots, BMDs for accessibility",Ballot Marking Devices for all voters,Batch-Fed Optical Scanners,Commercial Electronic Poll Book,Optical Scan,13026,10,10,verified-voting-verifier-ia-2024-equipment,https://verifiedvoting.org/verifier/#mode/navigate/map/voteEquip/mapType/ppEquip/year/2024/state/19,Verified Voting Verifier data is county-level election-administration context. It documents equipment systems and related fields by jurisdiction; it is not a turnout or vote-result source.
IA,2024,IA-159,Ringgold County,county,Unisyn,Unisyn OpenElect OVI-VC +,Optical Scan,county_context,hand_marked_paper,"Hand marked paper ballots, BMDs for accessibility",Ballot Marking Devices for all voters,Hand-Fed Optical Scanners,In-House Electronic Poll Book,Optical Scan,3133,7,7,verified-voting-verifier-ia-2024-equipment,https://verifiedvoting.org/verifier/#mode/navigate/map/voteEquip/mapType/ppEquip/year/2024/state/19,Verified Voting Verifier data is county-level election-administration context. It documents equipment systems and related fields by jurisdiction; it is not a turnout or vote-result source.
IA,2024,IA-161,Sac County,county,Unisyn,Unisyn OpenElect OVI-VC +,Optical Scan,county_context,hand_marked_paper,"Hand marked paper ballots, BMDs for accessibility",Ballot Marking Devices for all voters,Batch-Fed Optical Scanners,In-House Electronic Poll Book,Optical Scan,6652,9,9,verified-voting-verifier-ia-2024-equipment,https://verifiedvoting.org/verifier/#mode/navigate/map/voteEquip/mapType/ppEquip/year/2024/state/19,Verified Voting Verifier data is county-level election-administration context. It documents equipment systems and related fields by jurisdiction; it is not a turnout or vote-result source.
IA,2024,IA-163,Scott County,county,ES&S,ES&S ExpressVote +,Optical Scan,county_context,hand_marked_paper,"Hand marked paper ballots, BMDs for accessibility",Ballot Marking Devices for all voters,Batch-Fed Optical Scanners,Commercial Electronic Poll Book,Optical Scan,117136,66,66,verified-voting-verifier-ia-2024-equipment,https://verifiedvoting.org/verifier/#mode/navigate/map/voteEquip/mapType/ppEquip/year/2024/state/19,Verified Voting Verifier data is county-level election-administration context. It documents equipment systems and related fields by jurisdiction; it is not a turnout or vote-result source.
IA,2024,IA-165,Shelby County,county,Unisyn,Unisyn OpenElect FVT +,Optical Scan,county_context,hand_marked_paper,"Hand marked paper ballots, BMDs for accessibility",Ballot Marking Devices for all voters,Hand-Fed Optical Scanners,In-House Electronic Poll Book,Optical Scan,7730,11,11,verified-voting-verifier-ia-2024-equipment,https://verifiedvoting.org/verifier/#mode/navigate/map/voteEquip/mapType/ppEquip/year/2024/state/19,Verified Voting Verifier data is county-level election-administration context. It documents equipment systems and related fields by jurisdiction; it is not a turnout or vote-result source.
IA,2024,IA-167,Sioux County,county,Unisyn,Unisyn OpenElect FVT +,Optical Scan,county_context,hand_marked_paper,"Hand marked paper ballots, BMDs for accessibility",Ballot Marking Devices for all voters,Batch-Fed Optical Scanners,In-House Electronic Poll Book,Optical Scan,21806,17,17,verified-voting-verifier-ia-2024-equipment,https://verifiedvoting.org/verifier/#mode/navigate/map/voteEquip/mapType/ppEquip/year/2024/state/19,Verified Voting Verifier data is county-level election-administration context. It documents equipment systems and related fields by jurisdiction; it is not a turnout or vote-result source.
IA,2024,IA-169,Story County,county,Unisyn,Unisyn OpenElect FVT +,Optical Scan,county_context,hand_marked_paper,"Hand marked paper ballots, BMDs for accessibility",Ballot Marking Devices for all voters,Batch-Fed Optical Scanners,Commercial Electronic Poll Book,Optical Scan,61801,45,45,verified-voting-verifier-ia-2024-equipment,https://verifiedvoting.org/verifier/#mode/navigate/map/voteEquip/mapType/ppEquip/year/2024/state/19,Verified Voting Verifier data is county-level election-administration context. It documents equipment systems and related fields by jurisdiction; it is not a turnout or vote-result source.
IA,2024,IA-171,Tama County,county,ES&S,ES&S ExpressVote +,Optical Scan,county_context,hand_marked_paper,"Hand marked paper ballots, BMDs for accessibility",Ballot Marking Devices for all voters,Hand-Fed Optical Scanners,In-House Electronic Poll Book,Optical Scan,10190,12,13,verified-voting-verifier-ia-2024-equipment,https://verifiedvoting.org/verifier/#mode/navigate/map/voteEquip/mapType/ppEquip/year/2024/state/19,Verified Voting Verifier data is county-level election-administration context. It documents equipment systems and related fields by jurisdiction; it is not a turnout or vote-result source.
IA,2024,IA-173,Taylor County,county,Unisyn,Unisyn OpenElect OVI-VC +,Optical Scan,county_context,hand_marked_paper,"Hand marked paper ballots, BMDs for accessibility",Ballot Marking Devices for all voters,Batch-Fed Optical Scanners,In-House Electronic Poll Book,Optical Scan,3615,5,5,verified-voting-verifier-ia-2024-equipment,https://verifiedvoting.org/verifier/#mode/navigate/map/voteEquip/mapType/ppEquip/year/2024/state/19,Verified Voting Verifier data is county-level election-administration context. It documents equipment systems and related fields by jurisdiction; it is not a turnout or vote-result source.
IA,2024,IA-175,Union County,county,Unisyn,Unisyn OpenElect FVT +,Optical Scan,county_context,hand_marked_paper,"Hand marked paper ballots, BMDs for accessibility",Ballot Marking Devices for all voters,Batch-Fed Optical Scanners,In-House Electronic Poll Book,Optical Scan,7537,9,9,verified-voting-verifier-ia-2024-equipment,https://verifiedvoting.org/verifier/#mode/navigate/map/voteEquip/mapType/ppEquip/year/2024/state/19,Verified Voting Verifier data is county-level election-administration context. It documents equipment systems and related fields by jurisdiction; it is not a turnout or vote-result source.
IA,2024,IA-177,Van Buren County,county,ES&S,ES&S ExpressVote +,Optical Scan,county_context,hand_marked_paper,"Hand marked paper ballots, BMDs for accessibility",Ballot Marking Devices for all voters,Hand-Fed Optical Scanners,In-House Electronic Poll Book,Optical Scan,4514,4,4,verified-voting-verifier-ia-2024-equipment,https://verifiedvoting.org/verifier/#mode/navigate/map/voteEquip/mapType/ppEquip/year/2024/state/19,Verified Voting Verifier data is county-level election-administration context. It documents equipment systems and related fields by jurisdiction; it is not a turnout or vote-result source.
IA,2024,IA-179,Wapello County,county,ES&S,ES&S ExpressVote +,Optical Scan,county_context,hand_marked_paper,"Hand marked paper ballots, BMDs for accessibility",Ballot Marking Devices for all voters,Hand-Fed Optical Scanners,In-House Electronic Poll Book,Optical Scan,19007,22,22,verified-voting-verifier-ia-2024-equipment,https://verifiedvoting.org/verifier/#mode/navigate/map/voteEquip/mapType/ppEquip/year/2024/state/19,Verified Voting Verifier data is county-level election-administration context. It documents equipment systems and related fields by jurisdiction; it is not a turnout or vote-result source.
IA,2024,IA-181,Warren County,county,Unisyn,Unisyn OpenElect OVI-VC +,Optical Scan,county_context,hand_marked_paper,"Hand marked paper ballots, BMDs for accessibility",Ballot Marking Devices for all voters,Batch-Fed Optical Scanners,In-House Electronic Poll Book,Optical Scan,37635,40,40,verified-voting-verifier-ia-2024-equipment,https://verifiedvoting.org/verifier/#mode/navigate/map/voteEquip/mapType/ppEquip/year/2024/state/19,Verified Voting Verifier data is county-level election-administration context. It documents equipment systems and related fields by jurisdiction; it is not a turnout or vote-result source.
IA,2024,IA-183,Washington County,county,Unisyn,Unisyn OpenElect OVI-VC +,Optical Scan,county_context,hand_marked_paper,"Hand marked paper ballots, BMDs for accessibility",Ballot Marking Devices for all voters,Batch-Fed Optical Scanners,In-House Electronic Poll Book,Optical Scan,14130,10,10,verified-voting-verifier-ia-2024-equipment,https://verifiedvoting.org/verifier/#mode/navigate/map/voteEquip/mapType/ppEquip/year/2024/state/19,Verified Voting Verifier data is county-level election-administration context. It documents equipment systems and related fields by jurisdiction; it is not a turnout or vote-result source.
IA,2024,IA-185,Wayne County,county,Dominion,Dominion ImageCast Precinct BMD +,Optical Scan,county_context,hand_marked_paper,"Hand marked paper ballots, BMDs for accessibility",Ballot Marking Devices for all voters,Hand-Fed Optical Scanners,In-House Electronic Poll Book,Optical Scan,3644,4,4,verified-voting-verifier-ia-2024-equipment,https://verifiedvoting.org/verifier/#mode/navigate/map/voteEquip/mapType/ppEquip/year/2024/state/19,Verified Voting Verifier data is county-level election-administration context. It documents equipment systems and related fields by jurisdiction; it is not a turnout or vote-result source.
IA,2024,IA-187,Webster County,county,Unisyn,Unisyn OpenElect FVT +,Optical Scan,county_context,hand_marked_paper,"Hand marked paper ballots, BMDs for accessibility",Ballot Marking Devices for all voters,Hand-Fed Optical Scanners,Commercial Electronic Poll Book,Optical Scan,21869,19,19,verified-voting-verifier-ia-2024-equipment,https://verifiedvoting.org/verifier/#mode/navigate/map/voteEquip/mapType/ppEquip/year/2024/state/19,Verified Voting Verifier data is county-level election-administration context. It documents equipment systems and related fields by jurisdiction; it is not a turnout or vote-result source.
IA,2024,IA-189,Winnebago County,county,Unisyn,Unisyn OpenElect OVI-VC +,Optical Scan,county_context,hand_marked_paper,"Hand marked paper ballots, BMDs for accessibility",Ballot Marking Devices for all voters,Hand-Fed Optical Scanners,In-House Electronic Poll Book,Optical Scan,7085,10,10,verified-voting-verifier-ia-2024-equipment,https://verifiedvoting.org/verifier/#mode/navigate/map/voteEquip/mapType/ppEquip/year/2024/state/19,Verified Voting Verifier data is county-level election-administration context. It documents equipment systems and related fields by jurisdiction; it is not a turnout or vote-result source.
IA,2024,IA-191,Winneshiek County,county,Unisyn,Unisyn OpenElect OVI-VC +,Optical Scan,county_context,hand_marked_paper,"Hand marked paper ballots, BMDs for accessibility",Ballot Marking Devices for all voters,Hand-Fed Optical Scanners,In-House Electronic Poll Book,Optical Scan,14074,12,12,verified-voting-verifier-ia-2024-equipment,https://verifiedvoting.org/verifier/#mode/navigate/map/voteEquip/mapType/ppEquip/year/2024/state/19,Verified Voting Verifier data is county-level election-administration context. It documents equipment systems and related fields by jurisdiction; it is not a turnout or vote-result source.
IA,2024,IA-193,Woodbury County,county,ES&S,ES&S ExpressVote +,Optical Scan,county_context,hand_marked_paper,"Hand marked paper ballots, BMDs for accessibility",Ballot Marking Devices for all voters,Batch-Fed Optical Scanners,In-House Electronic Poll Book,Optical Scan,54787,44,44,verified-voting-verifier-ia-2024-equipment,https://verifiedvoting.org/verifier/#mode/navigate/map/voteEquip/mapType/ppEquip/year/2024/state/19,Verified Voting Verifier data is county-level election-administration context. It documents equipment systems and related fields by jurisdiction; it is not a turnout or vote-result source.
IA,2024,IA-195,Worth County,county,Unisyn,Unisyn OpenElect FVT +,Optical Scan,county_context,hand_marked_paper,"Hand marked paper ballots, BMDs for accessibility",Ballot Marking Devices for all voters,Batch-Fed Optical Scanners,In-House Electronic Poll Book,Optical Scan,5014,7,7,verified-voting-verifier-ia-2024-equipment,https://verifiedvoting.org/verifier/#mode/navigate/map/voteEquip/mapType/ppEquip/year/2024/state/19,Verified Voting Verifier data is county-level election-administration context. It documents equipment systems and related fields by jurisdiction; it is not a turnout or vote-result source.
IA,2024,IA-197,Wright County,county,Unisyn,Unisyn OpenElect FVT +,Optical Scan,county_context,hand_marked_paper,"Hand marked paper ballots, BMDs for accessibility",Ballot Marking Devices for all voters,Hand-Fed Optical Scanners,In-House Electronic Poll Book,Optical Scan,7138,10,10,verified-voting-verifier-ia-2024-equipment,https://verifiedvoting.org/verifier/#mode/navigate/map/voteEquip/mapType/ppEquip/year/2024/state/19,Verified Voting Verifier data is county-level election-administration context. It documents equipment systems and related fields by jurisdiction; it is not a turnout or vote-result source.
