state,election_year,jurisdiction_name,county,local_unit,source_id,source_level,row_method,source_url,dem_votes,rep_votes,other_votes,total_votes
IN,2012,Adams County,Adams County,Adams County,in-historical-presidential-official-enr,county,indianaEnrHistoricalAjaxCountyRows,https://indianavoters.in.gov/ENRHistorical/ElectionResults?year=2012,3806,8937,268,13011
IN,2012,Allen County,Allen County,Allen County,in-historical-presidential-official-enr,county,indianaEnrHistoricalAjaxCountyRows,https://indianavoters.in.gov/ENRHistorical/ElectionResults?year=2012,60036,84613,2290,146939
IN,2012,Bartholomew County,Bartholomew County,Bartholomew County,in-historical-presidential-official-enr,county,indianaEnrHistoricalAjaxCountyRows,https://indianavoters.in.gov/ENRHistorical/ElectionResults?year=2012,10625,18083,618,29326
IN,2012,Benton County,Benton County,Benton County,in-historical-presidential-official-enr,county,indianaEnrHistoricalAjaxCountyRows,https://indianavoters.in.gov/ENRHistorical/ElectionResults?year=2012,1159,2329,90,3578
IN,2012,Blackford County,Blackford County,Blackford County,in-historical-presidential-official-enr,county,indianaEnrHistoricalAjaxCountyRows,https://indianavoters.in.gov/ENRHistorical/ElectionResults?year=2012,1927,2711,105,4743
IN,2012,Boone County,Boone County,Boone County,in-historical-presidential-official-enr,county,indianaEnrHistoricalAjaxCountyRows,https://indianavoters.in.gov/ENRHistorical/ElectionResults?year=2012,8328,18808,601,27737
IN,2012,Brown County,Brown County,Brown County,in-historical-presidential-official-enr,county,indianaEnrHistoricalAjaxCountyRows,https://indianavoters.in.gov/ENRHistorical/ElectionResults?year=2012,3060,4332,212,7604
IN,2012,Carroll County,Carroll County,Carroll County,in-historical-presidential-official-enr,county,indianaEnrHistoricalAjaxCountyRows,https://indianavoters.in.gov/ENRHistorical/ElectionResults?year=2012,2635,4999,176,7810
IN,2012,Cass County,Cass County,Cass County,in-historical-presidential-official-enr,county,indianaEnrHistoricalAjaxCountyRows,https://indianavoters.in.gov/ENRHistorical/ElectionResults?year=2012,5371,8443,347,14161
IN,2012,Clark County,Clark County,Clark County,in-historical-presidential-official-enr,county,indianaEnrHistoricalAjaxCountyRows,https://indianavoters.in.gov/ENRHistorical/ElectionResults?year=2012,20807,25450,889,47146
IN,2012,Clay County,Clay County,Clay County,in-historical-presidential-official-enr,county,indianaEnrHistoricalAjaxCountyRows,https://indianavoters.in.gov/ENRHistorical/ElectionResults?year=2012,3460,7096,228,10784
IN,2012,Clinton County,Clinton County,Clinton County,in-historical-presidential-official-enr,county,indianaEnrHistoricalAjaxCountyRows,https://indianavoters.in.gov/ENRHistorical/ElectionResults?year=2012,3308,6338,237,9883
IN,2012,Crawford County,Crawford County,Crawford County,in-historical-presidential-official-enr,county,indianaEnrHistoricalAjaxCountyRows,https://indianavoters.in.gov/ENRHistorical/ElectionResults?year=2012,2041,2421,128,4590
IN,2012,Daviess County,Daviess County,Daviess County,in-historical-presidential-official-enr,county,indianaEnrHistoricalAjaxCountyRows,https://indianavoters.in.gov/ENRHistorical/ElectionResults?year=2012,2437,7638,175,10250
IN,2012,Dearborn County,Dearborn County,Dearborn County,in-historical-presidential-official-enr,county,indianaEnrHistoricalAjaxCountyRows,https://indianavoters.in.gov/ENRHistorical/ElectionResults?year=2012,6528,15394,434,22356
IN,2012,Decatur County,Decatur County,Decatur County,in-historical-presidential-official-enr,county,indianaEnrHistoricalAjaxCountyRows,https://indianavoters.in.gov/ENRHistorical/ElectionResults?year=2012,2941,7119,248,10308
IN,2012,DeKalb County,DeKalb County,DeKalb County,in-historical-presidential-official-enr,county,indianaEnrHistoricalAjaxCountyRows,https://indianavoters.in.gov/ENRHistorical/ElectionResults?year=2012,5419,10587,322,16328
IN,2012,Delaware County,Delaware County,Delaware County,in-historical-presidential-official-enr,county,indianaEnrHistoricalAjaxCountyRows,https://indianavoters.in.gov/ENRHistorical/ElectionResults?year=2012,22654,21251,1063,44968
IN,2012,Dubois County,Dubois County,Dubois County,in-historical-presidential-official-enr,county,indianaEnrHistoricalAjaxCountyRows,https://indianavoters.in.gov/ENRHistorical/ElectionResults?year=2012,6522,11654,366,18542
IN,2012,Elkhart County,Elkhart County,Elkhart County,in-historical-presidential-official-enr,county,indianaEnrHistoricalAjaxCountyRows,https://indianavoters.in.gov/ENRHistorical/ElectionResults?year=2012,24399,42378,1075,67852
IN,2012,Fayette County,Fayette County,Fayette County,in-historical-presidential-official-enr,county,indianaEnrHistoricalAjaxCountyRows,https://indianavoters.in.gov/ENRHistorical/ElectionResults?year=2012,3555,5045,237,8837
IN,2012,Floyd County,Floyd County,Floyd County,in-historical-presidential-official-enr,county,indianaEnrHistoricalAjaxCountyRows,https://indianavoters.in.gov/ENRHistorical/ElectionResults?year=2012,14812,19878,615,35305
IN,2012,Fountain County,Fountain County,Fountain County,in-historical-presidential-official-enr,county,indianaEnrHistoricalAjaxCountyRows,https://indianavoters.in.gov/ENRHistorical/ElectionResults?year=2012,2237,4664,210,7111
IN,2012,Franklin County,Franklin County,Franklin County,in-historical-presidential-official-enr,county,indianaEnrHistoricalAjaxCountyRows,https://indianavoters.in.gov/ENRHistorical/ElectionResults?year=2012,2909,7424,227,10560
IN,2012,Fulton County,Fulton County,Fulton County,in-historical-presidential-official-enr,county,indianaEnrHistoricalAjaxCountyRows,https://indianavoters.in.gov/ENRHistorical/ElectionResults?year=2012,2621,5317,188,8126
IN,2012,Gibson County,Gibson County,Gibson County,in-historical-presidential-official-enr,county,indianaEnrHistoricalAjaxCountyRows,https://indianavoters.in.gov/ENRHistorical/ElectionResults?year=2012,4928,9487,306,14721
IN,2012,Grant County,Grant County,Grant County,in-historical-presidential-official-enr,county,indianaEnrHistoricalAjaxCountyRows,https://indianavoters.in.gov/ENRHistorical/ElectionResults?year=2012,9589,15151,545,25285
IN,2012,Greene County,Greene County,Greene County,in-historical-presidential-official-enr,county,indianaEnrHistoricalAjaxCountyRows,https://indianavoters.in.gov/ENRHistorical/ElectionResults?year=2012,4350,8457,304,13111
IN,2012,Hamilton County,Hamilton County,Hamilton County,in-historical-presidential-official-enr,county,indianaEnrHistoricalAjaxCountyRows,https://indianavoters.in.gov/ENRHistorical/ElectionResults?year=2012,43796,90747,2320,136863
IN,2012,Hancock County,Hancock County,Hancock County,in-historical-presidential-official-enr,county,indianaEnrHistoricalAjaxCountyRows,https://indianavoters.in.gov/ENRHistorical/ElectionResults?year=2012,9319,22796,728,32843
IN,2012,Harrison County,Harrison County,Harrison County,in-historical-presidential-official-enr,county,indianaEnrHistoricalAjaxCountyRows,https://indianavoters.in.gov/ENRHistorical/ElectionResults?year=2012,6607,10640,424,17671
IN,2012,Hendricks County,Hendricks County,Hendricks County,in-historical-presidential-official-enr,county,indianaEnrHistoricalAjaxCountyRows,https://indianavoters.in.gov/ENRHistorical/ElectionResults?year=2012,21112,44312,1220,66644
IN,2012,Henry County,Henry County,Henry County,in-historical-presidential-official-enr,county,indianaEnrHistoricalAjaxCountyRows,https://indianavoters.in.gov/ENRHistorical/ElectionResults?year=2012,7613,10838,556,19007
IN,2012,Howard County,Howard County,Howard County,in-historical-presidential-official-enr,county,indianaEnrHistoricalAjaxCountyRows,https://indianavoters.in.gov/ENRHistorical/ElectionResults?year=2012,15135,20327,828,36290
IN,2012,Huntington County,Huntington County,Huntington County,in-historical-presidential-official-enr,county,indianaEnrHistoricalAjaxCountyRows,https://indianavoters.in.gov/ENRHistorical/ElectionResults?year=2012,4596,10862,307,15765
IN,2012,Jackson County,Jackson County,Jackson County,in-historical-presidential-official-enr,county,indianaEnrHistoricalAjaxCountyRows,https://indianavoters.in.gov/ENRHistorical/ElectionResults?year=2012,5838,10419,455,16712
IN,2012,Jasper County,Jasper County,Jasper County,in-historical-presidential-official-enr,county,indianaEnrHistoricalAjaxCountyRows,https://indianavoters.in.gov/ENRHistorical/ElectionResults?year=2012,4672,7955,269,12896
IN,2012,Jay County,Jay County,Jay County,in-historical-presidential-official-enr,county,indianaEnrHistoricalAjaxCountyRows,https://indianavoters.in.gov/ENRHistorical/ElectionResults?year=2012,3063,4645,193,7901
IN,2012,Jefferson County,Jefferson County,Jefferson County,in-historical-presidential-official-enr,county,indianaEnrHistoricalAjaxCountyRows,https://indianavoters.in.gov/ENRHistorical/ElectionResults?year=2012,5728,7096,302,13126
IN,2012,Jennings County,Jennings County,Jennings County,in-historical-presidential-official-enr,county,indianaEnrHistoricalAjaxCountyRows,https://indianavoters.in.gov/ENRHistorical/ElectionResults?year=2012,3821,6120,309,10250
IN,2012,Johnson County,Johnson County,Johnson County,in-historical-presidential-official-enr,county,indianaEnrHistoricalAjaxCountyRows,https://indianavoters.in.gov/ENRHistorical/ElectionResults?year=2012,17260,39513,1191,57964
IN,2012,Knox County,Knox County,Knox County,in-historical-presidential-official-enr,county,indianaEnrHistoricalAjaxCountyRows,https://indianavoters.in.gov/ENRHistorical/ElectionResults?year=2012,5228,9612,305,15145
IN,2012,Kosciusko County,Kosciusko County,Kosciusko County,in-historical-presidential-official-enr,county,indianaEnrHistoricalAjaxCountyRows,https://indianavoters.in.gov/ENRHistorical/ElectionResults?year=2012,6862,22558,640,30060
IN,2012,LaGrange County,LaGrange County,LaGrange County,in-historical-presidential-official-enr,county,indianaEnrHistoricalAjaxCountyRows,https://indianavoters.in.gov/ENRHistorical/ElectionResults?year=2012,2898,6231,187,9316
IN,2012,Lake County,Lake County,Lake County,in-historical-presidential-official-enr,county,indianaEnrHistoricalAjaxCountyRows,https://indianavoters.in.gov/ENRHistorical/ElectionResults?year=2012,130897,68431,2430,201758
IN,2012,LaPorte County,LaPorte County,LaPorte County,in-historical-presidential-official-enr,county,indianaEnrHistoricalAjaxCountyRows,https://indianavoters.in.gov/ENRHistorical/ElectionResults?year=2012,24107,18615,959,43681
IN,2012,Lawrence County,Lawrence County,Lawrence County,in-historical-presidential-official-enr,county,indianaEnrHistoricalAjaxCountyRows,https://indianavoters.in.gov/ENRHistorical/ElectionResults?year=2012,5779,11622,421,17822
IN,2012,Madison County,Madison County,Madison County,in-historical-presidential-official-enr,county,indianaEnrHistoricalAjaxCountyRows,https://indianavoters.in.gov/ENRHistorical/ElectionResults?year=2012,24407,26769,1194,52370
IN,2012,Marion County,Marion County,Marion County,in-historical-presidential-official-enr,county,indianaEnrHistoricalAjaxCountyRows,https://indianavoters.in.gov/ENRHistorical/ElectionResults?year=2012,216336,136509,6164,359009
IN,2012,Marshall County,Marshall County,Marshall County,in-historical-presidential-official-enr,county,indianaEnrHistoricalAjaxCountyRows,https://indianavoters.in.gov/ENRHistorical/ElectionResults?year=2012,6137,11260,368,17765
IN,2012,Martin County,Martin County,Martin County,in-historical-presidential-official-enr,county,indianaEnrHistoricalAjaxCountyRows,https://indianavoters.in.gov/ENRHistorical/ElectionResults?year=2012,1351,3262,130,4743
IN,2012,Miami County,Miami County,Miami County,in-historical-presidential-official-enr,county,indianaEnrHistoricalAjaxCountyRows,https://indianavoters.in.gov/ENRHistorical/ElectionResults?year=2012,4222,8174,385,12781
IN,2012,Monroe County,Monroe County,Monroe County,in-historical-presidential-official-enr,county,indianaEnrHistoricalAjaxCountyRows,https://indianavoters.in.gov/ENRHistorical/ElectionResults?year=2012,33436,22481,1306,57223
IN,2012,Montgomery County,Montgomery County,Montgomery County,in-historical-presidential-official-enr,county,indianaEnrHistoricalAjaxCountyRows,https://indianavoters.in.gov/ENRHistorical/ElectionResults?year=2012,4271,9824,345,14440
IN,2012,Morgan County,Morgan County,Morgan County,in-historical-presidential-official-enr,county,indianaEnrHistoricalAjaxCountyRows,https://indianavoters.in.gov/ENRHistorical/ElectionResults?year=2012,7969,19591,706,28266
IN,2012,Newton County,Newton County,Newton County,in-historical-presidential-official-enr,county,indianaEnrHistoricalAjaxCountyRows,https://indianavoters.in.gov/ENRHistorical/ElectionResults?year=2012,2212,3291,151,5654
IN,2012,Noble County,Noble County,Noble County,in-historical-presidential-official-enr,county,indianaEnrHistoricalAjaxCountyRows,https://indianavoters.in.gov/ENRHistorical/ElectionResults?year=2012,5229,10680,335,16244
IN,2012,Ohio County,Ohio County,Ohio County,in-historical-presidential-official-enr,county,indianaEnrHistoricalAjaxCountyRows,https://indianavoters.in.gov/ENRHistorical/ElectionResults?year=2012,994,1759,66,2819
IN,2012,Orange County,Orange County,Orange County,in-historical-presidential-official-enr,county,indianaEnrHistoricalAjaxCountyRows,https://indianavoters.in.gov/ENRHistorical/ElectionResults?year=2012,2939,4617,220,7776
IN,2012,Owen County,Owen County,Owen County,in-historical-presidential-official-enr,county,indianaEnrHistoricalAjaxCountyRows,https://indianavoters.in.gov/ENRHistorical/ElectionResults?year=2012,2823,5062,228,8113
IN,2012,Parke County,Parke County,Parke County,in-historical-presidential-official-enr,county,indianaEnrHistoricalAjaxCountyRows,https://indianavoters.in.gov/ENRHistorical/ElectionResults?year=2012,2110,4234,171,6515
IN,2012,Perry County,Perry County,Perry County,in-historical-presidential-official-enr,county,indianaEnrHistoricalAjaxCountyRows,https://indianavoters.in.gov/ENRHistorical/ElectionResults?year=2012,4316,3403,156,7875
IN,2012,Pike County,Pike County,Pike County,in-historical-presidential-official-enr,county,indianaEnrHistoricalAjaxCountyRows,https://indianavoters.in.gov/ENRHistorical/ElectionResults?year=2012,2125,3627,174,5926
IN,2012,Porter County,Porter County,Porter County,in-historical-presidential-official-enr,county,indianaEnrHistoricalAjaxCountyRows,https://indianavoters.in.gov/ENRHistorical/ElectionResults?year=2012,37252,34406,1381,73039
IN,2012,Posey County,Posey County,Posey County,in-historical-presidential-official-enr,county,indianaEnrHistoricalAjaxCountyRows,https://indianavoters.in.gov/ENRHistorical/ElectionResults?year=2012,4533,7430,263,12226
IN,2012,Pulaski County,Pulaski County,Pulaski County,in-historical-presidential-official-enr,county,indianaEnrHistoricalAjaxCountyRows,https://indianavoters.in.gov/ENRHistorical/ElectionResults?year=2012,1899,3366,134,5399
IN,2012,Putnam County,Putnam County,Putnam County,in-historical-presidential-official-enr,county,indianaEnrHistoricalAjaxCountyRows,https://indianavoters.in.gov/ENRHistorical/ElectionResults?year=2012,4507,9005,317,13829
IN,2012,Randolph County,Randolph County,Randolph County,in-historical-presidential-official-enr,county,indianaEnrHistoricalAjaxCountyRows,https://indianavoters.in.gov/ENRHistorical/ElectionResults?year=2012,3769,6218,202,10189
IN,2012,Ripley County,Ripley County,Ripley County,in-historical-presidential-official-enr,county,indianaEnrHistoricalAjaxCountyRows,https://indianavoters.in.gov/ENRHistorical/ElectionResults?year=2012,3241,7484,258,10983
IN,2012,Rush County,Rush County,Rush County,in-historical-presidential-official-enr,county,indianaEnrHistoricalAjaxCountyRows,https://indianavoters.in.gov/ENRHistorical/ElectionResults?year=2012,2221,4633,172,7026
IN,2012,Scott County,Scott County,Scott County,in-historical-presidential-official-enr,county,indianaEnrHistoricalAjaxCountyRows,https://indianavoters.in.gov/ENRHistorical/ElectionResults?year=2012,3998,4539,183,8720
IN,2012,Shelby County,Shelby County,Shelby County,in-historical-presidential-official-enr,county,indianaEnrHistoricalAjaxCountyRows,https://indianavoters.in.gov/ENRHistorical/ElectionResults?year=2012,5359,10978,423,16760
IN,2012,Spencer County,Spencer County,Spencer County,in-historical-presidential-official-enr,county,indianaEnrHistoricalAjaxCountyRows,https://indianavoters.in.gov/ENRHistorical/ElectionResults?year=2012,4026,5515,187,9728
IN,2012,St. Joseph County,St. Joseph County,St. Joseph County,in-historical-presidential-official-enr,county,indianaEnrHistoricalAjaxCountyRows,https://indianavoters.in.gov/ENRHistorical/ElectionResults?year=2012,56460,52578,1666,110704
IN,2012,Starke County,Starke County,Starke County,in-historical-presidential-official-enr,county,indianaEnrHistoricalAjaxCountyRows,https://indianavoters.in.gov/ENRHistorical/ElectionResults?year=2012,3809,4738,207,8754
IN,2012,Steuben County,Steuben County,Steuben County,in-historical-presidential-official-enr,county,indianaEnrHistoricalAjaxCountyRows,https://indianavoters.in.gov/ENRHistorical/ElectionResults?year=2012,4853,8547,295,13695
IN,2012,Sullivan County,Sullivan County,Sullivan County,in-historical-presidential-official-enr,county,indianaEnrHistoricalAjaxCountyRows,https://indianavoters.in.gov/ENRHistorical/ElectionResults?year=2012,3191,4902,197,8290
IN,2012,Switzerland County,Switzerland County,Switzerland County,in-historical-presidential-official-enr,county,indianaEnrHistoricalAjaxCountyRows,https://indianavoters.in.gov/ENRHistorical/ElectionResults?year=2012,1437,1872,88,3397
IN,2012,Tippecanoe County,Tippecanoe County,Tippecanoe County,in-historical-presidential-official-enr,county,indianaEnrHistoricalAjaxCountyRows,https://indianavoters.in.gov/ENRHistorical/ElectionResults?year=2012,26711,28757,1428,56896
IN,2012,Tipton County,Tipton County,Tipton County,in-historical-presidential-official-enr,county,indianaEnrHistoricalAjaxCountyRows,https://indianavoters.in.gov/ENRHistorical/ElectionResults?year=2012,2432,4773,160,7365
IN,2012,Union County,Union County,Union County,in-historical-presidential-official-enr,county,indianaEnrHistoricalAjaxCountyRows,https://indianavoters.in.gov/ENRHistorical/ElectionResults?year=2012,1018,2022,60,3100
IN,2012,Vanderburgh County,Vanderburgh County,Vanderburgh County,in-historical-presidential-official-enr,county,indianaEnrHistoricalAjaxCountyRows,https://indianavoters.in.gov/ENRHistorical/ElectionResults?year=2012,31725,39389,1290,72404
IN,2012,Vermillion County,Vermillion County,Vermillion County,in-historical-presidential-official-enr,county,indianaEnrHistoricalAjaxCountyRows,https://indianavoters.in.gov/ENRHistorical/ElectionResults?year=2012,2979,3426,176,6581
IN,2012,Vigo County,Vigo County,Vigo County,in-historical-presidential-official-enr,county,indianaEnrHistoricalAjaxCountyRows,https://indianavoters.in.gov/ENRHistorical/ElectionResults?year=2012,19712,19369,796,39877
IN,2012,Wabash County,Wabash County,Wabash County,in-historical-presidential-official-enr,county,indianaEnrHistoricalAjaxCountyRows,https://indianavoters.in.gov/ENRHistorical/ElectionResults?year=2012,3973,8644,257,12874
IN,2012,Warren County,Warren County,Warren County,in-historical-presidential-official-enr,county,indianaEnrHistoricalAjaxCountyRows,https://indianavoters.in.gov/ENRHistorical/ElectionResults?year=2012,1324,2377,99,3800
IN,2012,Warrick County,Warrick County,Warrick County,in-historical-presidential-official-enr,county,indianaEnrHistoricalAjaxCountyRows,https://indianavoters.in.gov/ENRHistorical/ElectionResults?year=2012,8793,15351,486,24630
IN,2012,Washington County,Washington County,Washington County,in-historical-presidential-official-enr,county,indianaEnrHistoricalAjaxCountyRows,https://indianavoters.in.gov/ENRHistorical/ElectionResults?year=2012,3909,6533,295,10737
IN,2012,Wayne County,Wayne County,Wayne County,in-historical-presidential-official-enr,county,indianaEnrHistoricalAjaxCountyRows,https://indianavoters.in.gov/ENRHistorical/ElectionResults?year=2012,10591,14321,565,25477
IN,2012,Wells County,Wells County,Wells County,in-historical-presidential-official-enr,county,indianaEnrHistoricalAjaxCountyRows,https://indianavoters.in.gov/ENRHistorical/ElectionResults?year=2012,3436,9256,243,12935
IN,2012,White County,White County,White County,in-historical-presidential-official-enr,county,indianaEnrHistoricalAjaxCountyRows,https://indianavoters.in.gov/ENRHistorical/ElectionResults?year=2012,3637,5970,296,9903
IN,2012,Whitley County,Whitley County,Whitley County,in-historical-presidential-official-enr,county,indianaEnrHistoricalAjaxCountyRows,https://indianavoters.in.gov/ENRHistorical/ElectionResults?year=2012,4420,10258,333,15011
IN,2016,Adams County,Adams County,Adams County,in-historical-presidential-official-enr,county,indianaEnrHistoricalCountyRaceJson,https://enr.indianavoters.in.gov/archive/2016General/data/OffCatC_1767_A.json,2802,9642,637,13081
IN,2016,Allen County,Allen County,Allen County,in-historical-presidential-official-enr,county,indianaEnrHistoricalCountyRaceJson,https://enr.indianavoters.in.gov/archive/2016General/data/OffCatC_1767_A.json,55222,83801,7786,146809
IN,2016,Bartholomew County,Bartholomew County,Bartholomew County,in-historical-presidential-official-enr,county,indianaEnrHistoricalCountyRaceJson,https://enr.indianavoters.in.gov/archive/2016General/data/OffCatC_1767_A.json,9841,20639,2009,32489
IN,2016,Benton County,Benton County,Benton County,in-historical-presidential-official-enr,county,indianaEnrHistoricalCountyRaceJson,https://enr.indianavoters.in.gov/archive/2016General/data/OffCatC_1767_A.json,860,2579,227,3666
IN,2016,Blackford County,Blackford County,Blackford County,in-historical-presidential-official-enr,county,indianaEnrHistoricalCountyRaceJson,https://enr.indianavoters.in.gov/archive/2016General/data/OffCatC_1767_A.json,1243,3350,247,4840
IN,2016,Boone County,Boone County,Boone County,in-historical-presidential-official-enr,county,indianaEnrHistoricalCountyRaceJson,https://enr.indianavoters.in.gov/archive/2016General/data/OffCatC_1767_A.json,10181,19654,2343,32178
IN,2016,Brown County,Brown County,Brown County,in-historical-presidential-official-enr,county,indianaEnrHistoricalCountyRaceJson,https://enr.indianavoters.in.gov/archive/2016General/data/OffCatC_1767_A.json,2518,5015,411,7944
IN,2016,Carroll County,Carroll County,Carroll County,in-historical-presidential-official-enr,county,indianaEnrHistoricalCountyRaceJson,https://enr.indianavoters.in.gov/archive/2016General/data/OffCatC_1767_A.json,1891,6273,478,8642
IN,2016,Cass County,Cass County,Cass County,in-historical-presidential-official-enr,county,indianaEnrHistoricalCountyRaceJson,https://enr.indianavoters.in.gov/archive/2016General/data/OffCatC_1767_A.json,3758,9697,749,14204
IN,2016,Clark County,Clark County,Clark County,in-historical-presidential-official-enr,county,indianaEnrHistoricalCountyRaceJson,https://enr.indianavoters.in.gov/archive/2016General/data/OffCatC_1767_A.json,18791,30012,2301,51104
IN,2016,Clay County,Clay County,Clay County,in-historical-presidential-official-enr,county,indianaEnrHistoricalCountyRaceJson,https://enr.indianavoters.in.gov/archive/2016General/data/OffCatC_1767_A.json,2306,8528,445,11279
IN,2016,Clinton County,Clinton County,Clinton County,in-historical-presidential-official-enr,county,indianaEnrHistoricalCountyRaceJson,https://enr.indianavoters.in.gov/archive/2016General/data/OffCatC_1767_A.json,2819,8531,586,11936
IN,2016,Crawford County,Crawford County,Crawford County,in-historical-presidential-official-enr,county,indianaEnrHistoricalCountyRaceJson,https://enr.indianavoters.in.gov/archive/2016General/data/OffCatC_1767_A.json,1323,3013,255,4591
IN,2016,Daviess County,Daviess County,Daviess County,in-historical-presidential-official-enr,county,indianaEnrHistoricalCountyRaceJson,https://enr.indianavoters.in.gov/archive/2016General/data/OffCatC_1767_A.json,1800,8545,423,10768
IN,2016,Dearborn County,Dearborn County,Dearborn County,in-historical-presidential-official-enr,county,indianaEnrHistoricalCountyRaceJson,https://enr.indianavoters.in.gov/archive/2016General/data/OffCatC_1767_A.json,4883,18110,991,23984
IN,2016,Decatur County,Decatur County,Decatur County,in-historical-presidential-official-enr,county,indianaEnrHistoricalCountyRaceJson,https://enr.indianavoters.in.gov/archive/2016General/data/OffCatC_1767_A.json,2121,8790,516,11427
IN,2016,Dekalb County,Dekalb County,Dekalb County,in-historical-presidential-official-enr,county,indianaEnrHistoricalCountyRaceJson,https://enr.indianavoters.in.gov/archive/2016General/data/OffCatC_1767_A.json,3941,12054,906,16901
IN,2016,Delaware County,Delaware County,Delaware County,in-historical-presidential-official-enr,county,indianaEnrHistoricalCountyRaceJson,https://enr.indianavoters.in.gov/archive/2016General/data/OffCatC_1767_A.json,18100,24217,2382,44699
IN,2016,Dubois County,Dubois County,Dubois County,in-historical-presidential-official-enr,county,indianaEnrHistoricalCountyRaceJson,https://enr.indianavoters.in.gov/archive/2016General/data/OffCatC_1767_A.json,5389,13365,1230,19984
IN,2016,Elkhart County,Elkhart County,Elkhart County,in-historical-presidential-official-enr,county,indianaEnrHistoricalCountyRaceJson,https://enr.indianavoters.in.gov/archive/2016General/data/OffCatC_1767_A.json,20667,41810,2921,65398
IN,2016,Fayette County,Fayette County,Fayette County,in-historical-presidential-official-enr,county,indianaEnrHistoricalCountyRaceJson,https://enr.indianavoters.in.gov/archive/2016General/data/OffCatC_1767_A.json,2252,6839,439,9530
IN,2016,Floyd County,Floyd County,Floyd County,in-historical-presidential-official-enr,county,indianaEnrHistoricalCountyRaceJson,https://enr.indianavoters.in.gov/archive/2016General/data/OffCatC_1767_A.json,13939,21427,1859,37225
IN,2016,Fountain County,Fountain County,Fountain County,in-historical-presidential-official-enr,county,indianaEnrHistoricalCountyRaceJson,https://enr.indianavoters.in.gov/archive/2016General/data/OffCatC_1767_A.json,1476,5661,338,7475
IN,2016,Franklin County,Franklin County,Franklin County,in-historical-presidential-official-enr,county,indianaEnrHistoricalCountyRaceJson,https://enr.indianavoters.in.gov/archive/2016General/data/OffCatC_1767_A.json,1967,8665,375,11007
IN,2016,Fulton County,Fulton County,Fulton County,in-historical-presidential-official-enr,county,indianaEnrHistoricalCountyRaceJson,https://enr.indianavoters.in.gov/archive/2016General/data/OffCatC_1767_A.json,1960,6010,404,8374
IN,2016,Gibson County,Gibson County,Gibson County,in-historical-presidential-official-enr,county,indianaEnrHistoricalCountyRaceJson,https://enr.indianavoters.in.gov/archive/2016General/data/OffCatC_1767_A.json,3720,11079,682,15481
IN,2016,Grant County,Grant County,Grant County,in-historical-presidential-official-enr,county,indianaEnrHistoricalCountyRaceJson,https://enr.indianavoters.in.gov/archive/2016General/data/OffCatC_1767_A.json,7029,17009,1297,25335
IN,2016,Greene County,Greene County,Greene County,in-historical-presidential-official-enr,county,indianaEnrHistoricalCountyRaceJson,https://enr.indianavoters.in.gov/archive/2016General/data/OffCatC_1767_A.json,2929,10277,595,13801
IN,2016,Hamilton County,Hamilton County,Hamilton County,in-historical-presidential-official-enr,county,indianaEnrHistoricalCountyRaceJson,https://enr.indianavoters.in.gov/archive/2016General/data/OffCatC_1767_A.json,57214,87299,9117,153630
IN,2016,Hancock County,Hancock County,Hancock County,in-historical-presidential-official-enr,county,indianaEnrHistoricalCountyRaceJson,https://enr.indianavoters.in.gov/archive/2016General/data/OffCatC_1767_A.json,8903,25067,2201,36171
IN,2016,Harrison County,Harrison County,Harrison County,in-historical-presidential-official-enr,county,indianaEnrHistoricalCountyRaceJson,https://enr.indianavoters.in.gov/archive/2016General/data/OffCatC_1767_A.json,4776,12933,832,18541
IN,2016,Hendricks County,Hendricks County,Hendricks County,in-historical-presidential-official-enr,county,indianaEnrHistoricalCountyRaceJson,https://enr.indianavoters.in.gov/archive/2016General/data/OffCatC_1767_A.json,22595,48326,4337,75258
IN,2016,Henry County,Henry County,Henry County,in-historical-presidential-official-enr,county,indianaEnrHistoricalCountyRaceJson,https://enr.indianavoters.in.gov/archive/2016General/data/OffCatC_1767_A.json,5124,13895,1136,20155
IN,2016,Howard County,Howard County,Howard County,in-historical-presidential-official-enr,county,indianaEnrHistoricalCountyRaceJson,https://enr.indianavoters.in.gov/archive/2016General/data/OffCatC_1767_A.json,11215,23675,1864,36754
IN,2016,Huntington County,Huntington County,Huntington County,in-historical-presidential-official-enr,county,indianaEnrHistoricalCountyRaceJson,https://enr.indianavoters.in.gov/archive/2016General/data/OffCatC_1767_A.json,3506,11649,888,16043
IN,2016,Jackson County,Jackson County,Jackson County,in-historical-presidential-official-enr,county,indianaEnrHistoricalCountyRaceJson,https://enr.indianavoters.in.gov/archive/2016General/data/OffCatC_1767_A.json,3843,12857,866,17566
IN,2016,Jasper County,Jasper County,Jasper County,in-historical-presidential-official-enr,county,indianaEnrHistoricalCountyRaceJson,https://enr.indianavoters.in.gov/archive/2016General/data/OffCatC_1767_A.json,3329,9382,667,13378
IN,2016,Jay County,Jay County,Jay County,in-historical-presidential-official-enr,county,indianaEnrHistoricalCountyRaceJson,https://enr.indianavoters.in.gov/archive/2016General/data/OffCatC_1767_A.json,1889,5697,400,7986
IN,2016,Jefferson County,Jefferson County,Jefferson County,in-historical-presidential-official-enr,county,indianaEnrHistoricalCountyRaceJson,https://enr.indianavoters.in.gov/archive/2016General/data/OffCatC_1767_A.json,4325,8538,672,13535
IN,2016,Jennings County,Jennings County,Jennings County,in-historical-presidential-official-enr,county,indianaEnrHistoricalCountyRaceJson,https://enr.indianavoters.in.gov/archive/2016General/data/OffCatC_1767_A.json,2364,8222,562,11148
IN,2016,Johnson County,Johnson County,Johnson County,in-historical-presidential-official-enr,county,indianaEnrHistoricalCountyRaceJson,https://enr.indianavoters.in.gov/archive/2016General/data/OffCatC_1767_A.json,17318,45456,3726,66500
IN,2016,Knox County,Knox County,Knox County,in-historical-presidential-official-enr,county,indianaEnrHistoricalCountyRaceJson,https://enr.indianavoters.in.gov/archive/2016General/data/OffCatC_1767_A.json,3772,11077,667,15516
IN,2016,Kosciusko County,Kosciusko County,Kosciusko County,in-historical-presidential-official-enr,county,indianaEnrHistoricalCountyRaceJson,https://enr.indianavoters.in.gov/archive/2016General/data/OffCatC_1767_A.json,6311,23927,1836,32074
IN,2016,Lagrange County,Lagrange County,Lagrange County,in-historical-presidential-official-enr,county,indianaEnrHistoricalCountyRaceJson,https://enr.indianavoters.in.gov/archive/2016General/data/OffCatC_1767_A.json,2080,7025,461,9566
IN,2016,Lake County,Lake County,Lake County,in-historical-presidential-official-enr,county,indianaEnrHistoricalCountyRaceJson,https://enr.indianavoters.in.gov/archive/2016General/data/OffCatC_1767_A.json,116896,75565,7786,200247
IN,2016,Laporte County,Laporte County,Laporte County,in-historical-presidential-official-enr,county,indianaEnrHistoricalCountyRaceJson,https://enr.indianavoters.in.gov/archive/2016General/data/OffCatC_1767_A.json,19795,22678,2718,45191
IN,2016,Lawrence County,Lawrence County,Lawrence County,in-historical-presidential-official-enr,county,indianaEnrHistoricalCountyRaceJson,https://enr.indianavoters.in.gov/archive/2016General/data/OffCatC_1767_A.json,4210,14035,907,19152
IN,2016,Madison County,Madison County,Madison County,in-historical-presidential-official-enr,county,indianaEnrHistoricalCountyRaceJson,https://enr.indianavoters.in.gov/archive/2016General/data/OffCatC_1767_A.json,18595,32376,2689,53660
IN,2016,Marion County,Marion County,Marion County,in-historical-presidential-official-enr,county,indianaEnrHistoricalCountyRaceJson,https://enr.indianavoters.in.gov/archive/2016General/data/OffCatC_1767_A.json,212676,130228,18166,361070
IN,2016,Marshall County,Marshall County,Marshall County,in-historical-presidential-official-enr,county,indianaEnrHistoricalCountyRaceJson,https://enr.indianavoters.in.gov/archive/2016General/data/OffCatC_1767_A.json,4798,12286,996,18080
IN,2016,Martin County,Martin County,Martin County,in-historical-presidential-official-enr,county,indianaEnrHistoricalCountyRaceJson,https://enr.indianavoters.in.gov/archive/2016General/data/OffCatC_1767_A.json,881,3697,231,4809
IN,2016,Miami County,Miami County,Miami County,in-historical-presidential-official-enr,county,indianaEnrHistoricalCountyRaceJson,https://enr.indianavoters.in.gov/archive/2016General/data/OffCatC_1767_A.json,2766,9975,741,13482
IN,2016,Monroe County,Monroe County,Monroe County,in-historical-presidential-official-enr,county,indianaEnrHistoricalCountyRaceJson,https://enr.indianavoters.in.gov/archive/2016General/data/OffCatC_1767_A.json,34183,20527,3639,58349
IN,2016,Montgomery County,Montgomery County,Montgomery County,in-historical-presidential-official-enr,county,indianaEnrHistoricalCountyRaceJson,https://enr.indianavoters.in.gov/archive/2016General/data/OffCatC_1767_A.json,3362,11051,688,15101
IN,2016,Morgan County,Morgan County,Morgan County,in-historical-presidential-official-enr,county,indianaEnrHistoricalCountyRaceJson,https://enr.indianavoters.in.gov/archive/2016General/data/OffCatC_1767_A.json,10037,23671,1742,35450
IN,2016,Newton County,Newton County,Newton County,in-historical-presidential-official-enr,county,indianaEnrHistoricalCountyRaceJson,https://enr.indianavoters.in.gov/archive/2016General/data/OffCatC_1767_A.json,1404,4077,328,5809
IN,2016,Noble County,Noble County,Noble County,in-historical-presidential-official-enr,county,indianaEnrHistoricalCountyRaceJson,https://enr.indianavoters.in.gov/archive/2016General/data/OffCatC_1767_A.json,3904,12198,788,16890
IN,2016,Ohio County,Ohio County,Ohio County,in-historical-presidential-official-enr,county,indianaEnrHistoricalCountyRaceJson,https://enr.indianavoters.in.gov/archive/2016General/data/OffCatC_1767_A.json,686,2118,113,2917
IN,2016,Orange County,Orange County,Orange County,in-historical-presidential-official-enr,county,indianaEnrHistoricalCountyRaceJson,https://enr.indianavoters.in.gov/archive/2016General/data/OffCatC_1767_A.json,2048,5803,342,8193
IN,2016,Owen County,Owen County,Owen County,in-historical-presidential-official-enr,county,indianaEnrHistoricalCountyRaceJson,https://enr.indianavoters.in.gov/archive/2016General/data/OffCatC_1767_A.json,1946,6151,458,8555
IN,2016,Parke County,Parke County,Parke County,in-historical-presidential-official-enr,county,indianaEnrHistoricalCountyRaceJson,https://enr.indianavoters.in.gov/archive/2016General/data/OffCatC_1767_A.json,1441,4863,278,6582
IN,2016,Perry County,Perry County,Perry County,in-historical-presidential-official-enr,county,indianaEnrHistoricalCountyRaceJson,https://enr.indianavoters.in.gov/archive/2016General/data/OffCatC_1767_A.json,3062,4556,437,8055
IN,2016,Pike County,Pike County,Pike County,in-historical-presidential-official-enr,county,indianaEnrHistoricalCountyRaceJson,https://enr.indianavoters.in.gov/archive/2016General/data/OffCatC_1767_A.json,1297,4398,282,5977
IN,2016,Porter County,Porter County,Porter County,in-historical-presidential-official-enr,county,indianaEnrHistoricalCountyRaceJson,https://enr.indianavoters.in.gov/archive/2016General/data/OffCatC_1767_A.json,33531,38719,4242,76492
IN,2016,Posey County,Posey County,Posey County,in-historical-presidential-official-enr,county,indianaEnrHistoricalCountyRaceJson,https://enr.indianavoters.in.gov/archive/2016General/data/OffCatC_1767_A.json,3515,8393,540,12448
IN,2016,Pulaski County,Pulaski County,Pulaski County,in-historical-presidential-official-enr,county,indianaEnrHistoricalCountyRaceJson,https://enr.indianavoters.in.gov/archive/2016General/data/OffCatC_1767_A.json,1327,3854,278,5459
IN,2016,Putnam County,Putnam County,Putnam County,in-historical-presidential-official-enr,county,indianaEnrHistoricalCountyRaceJson,https://enr.indianavoters.in.gov/archive/2016General/data/OffCatC_1767_A.json,3356,10637,722,14715
IN,2016,Randolph County,Randolph County,Randolph County,in-historical-presidential-official-enr,county,indianaEnrHistoricalCountyRaceJson,https://enr.indianavoters.in.gov/archive/2016General/data/OffCatC_1767_A.json,2446,7515,495,10456
IN,2016,Ripley County,Ripley County,Ripley County,in-historical-presidential-official-enr,county,indianaEnrHistoricalCountyRaceJson,https://enr.indianavoters.in.gov/archive/2016General/data/OffCatC_1767_A.json,2471,9806,533,12810
IN,2016,Rush County,Rush County,Rush County,in-historical-presidential-official-enr,county,indianaEnrHistoricalCountyRaceJson,https://enr.indianavoters.in.gov/archive/2016General/data/OffCatC_1767_A.json,1525,5292,397,7214
IN,2016,Scott County,Scott County,Scott County,in-historical-presidential-official-enr,county,indianaEnrHistoricalCountyRaceJson,https://enr.indianavoters.in.gov/archive/2016General/data/OffCatC_1767_A.json,2642,6074,385,9101
IN,2016,Shelby County,Shelby County,Shelby County,in-historical-presidential-official-enr,county,indianaEnrHistoricalCountyRaceJson,https://enr.indianavoters.in.gov/archive/2016General/data/OffCatC_1767_A.json,4247,12718,1029,17994
IN,2016,Spencer County,Spencer County,Spencer County,in-historical-presidential-official-enr,county,indianaEnrHistoricalCountyRaceJson,https://enr.indianavoters.in.gov/archive/2016General/data/OffCatC_1767_A.json,2861,6572,546,9979
IN,2016,St. Joseph County,St. Joseph County,St. Joseph County,in-historical-presidential-official-enr,county,indianaEnrHistoricalCountyRaceJson,https://enr.indianavoters.in.gov/archive/2016General/data/OffCatC_1767_A.json,52247,52019,5186,109452
IN,2016,Starke County,Starke County,Starke County,in-historical-presidential-official-enr,county,indianaEnrHistoricalCountyRaceJson,https://enr.indianavoters.in.gov/archive/2016General/data/OffCatC_1767_A.json,2489,6367,370,9226
IN,2016,Steuben County,Steuben County,Steuben County,in-historical-presidential-official-enr,county,indianaEnrHistoricalCountyRaceJson,https://enr.indianavoters.in.gov/archive/2016General/data/OffCatC_1767_A.json,3741,10127,689,14557
IN,2016,Sullivan County,Sullivan County,Sullivan County,in-historical-presidential-official-enr,county,indianaEnrHistoricalCountyRaceJson,https://enr.indianavoters.in.gov/archive/2016General/data/OffCatC_1767_A.json,2113,6138,308,8559
IN,2016,Switzerland County,Switzerland County,Switzerland County,in-historical-presidential-official-enr,county,indianaEnrHistoricalCountyRaceJson,https://enr.indianavoters.in.gov/archive/2016General/data/OffCatC_1767_A.json,930,2558,211,3699
IN,2016,Tippecanoe County,Tippecanoe County,Tippecanoe County,in-historical-presidential-official-enr,county,indianaEnrHistoricalCountyRaceJson,https://enr.indianavoters.in.gov/archive/2016General/data/OffCatC_1767_A.json,27207,30711,399,58317
IN,2016,Tipton County,Tipton County,Tipton County,in-historical-presidential-official-enr,county,indianaEnrHistoricalCountyRaceJson,https://enr.indianavoters.in.gov/archive/2016General/data/OffCatC_1767_A.json,1587,5589,334,7510
IN,2016,Union County,Union County,Union County,in-historical-presidential-official-enr,county,indianaEnrHistoricalCountyRaceJson,https://enr.indianavoters.in.gov/archive/2016General/data/OffCatC_1767_A.json,715,2445,131,3291
IN,2016,Vanderburgh County,Vanderburgh County,Vanderburgh County,in-historical-presidential-official-enr,county,indianaEnrHistoricalCountyRaceJson,https://enr.indianavoters.in.gov/archive/2016General/data/OffCatC_1767_A.json,28296,40422,3239,71957
IN,2016,Vermillion County,Vermillion County,Vermillion County,in-historical-presidential-official-enr,county,indianaEnrHistoricalCountyRaceJson,https://enr.indianavoters.in.gov/archive/2016General/data/OffCatC_1767_A.json,2081,4513,345,6939
IN,2016,Vigo County,Vigo County,Vigo County,in-historical-presidential-official-enr,county,indianaEnrHistoricalCountyRaceJson,https://enr.indianavoters.in.gov/archive/2016General/data/OffCatC_1767_A.json,15922,21924,1950,39796
IN,2016,Wabash County,Wabash County,Wabash County,in-historical-presidential-official-enr,county,indianaEnrHistoricalCountyRaceJson,https://enr.indianavoters.in.gov/archive/2016General/data/OffCatC_1767_A.json,3018,9819,629,13466
IN,2016,Warren County,Warren County,Warren County,in-historical-presidential-official-enr,county,indianaEnrHistoricalCountyRaceJson,https://enr.indianavoters.in.gov/archive/2016General/data/OffCatC_1767_A.json,839,2898,193,3930
IN,2016,Warrick County,Warrick County,Warrick County,in-historical-presidential-official-enr,county,indianaEnrHistoricalCountyRaceJson,https://enr.indianavoters.in.gov/archive/2016General/data/OffCatC_1767_A.json,9086,19133,1390,29609
IN,2016,Washington County,Washington County,Washington County,in-historical-presidential-official-enr,county,indianaEnrHistoricalCountyRaceJson,https://enr.indianavoters.in.gov/archive/2016General/data/OffCatC_1767_A.json,2636,8204,499,11339
IN,2016,Wayne County,Wayne County,Wayne County,in-historical-presidential-official-enr,county,indianaEnrHistoricalCountyRaceJson,https://enr.indianavoters.in.gov/archive/2016General/data/OffCatC_1767_A.json,8322,16028,1229,25579
IN,2016,Wells County,Wells County,Wells County,in-historical-presidential-official-enr,county,indianaEnrHistoricalCountyRaceJson,https://enr.indianavoters.in.gov/archive/2016General/data/OffCatC_1767_A.json,2585,9999,594,13178
IN,2016,White County,White County,White County,in-historical-presidential-official-enr,county,indianaEnrHistoricalCountyRaceJson,https://enr.indianavoters.in.gov/archive/2016General/data/OffCatC_1767_A.json,2563,6813,526,9902
IN,2016,Whitley County,Whitley County,Whitley County,in-historical-presidential-official-enr,county,indianaEnrHistoricalCountyRaceJson,https://enr.indianavoters.in.gov/archive/2016General/data/OffCatC_1767_A.json,3379,11357,886,15622
IN,2020,Adams County,Adams County,Adams County,in-historical-presidential-official-enr,county,indianaEnrHistoricalCountyRaceJson,https://enr.indianavoters.in.gov/archive/2020General/data/OffCatC_1019_A.json,3236,10686,287,14209
IN,2020,Allen County,Allen County,Allen County,in-historical-presidential-official-enr,county,indianaEnrHistoricalCountyRaceJson,https://enr.indianavoters.in.gov/archive/2020General/data/OffCatC_1019_A.json,73189,92083,3810,169082
IN,2020,Bartholomew County,Bartholomew County,Bartholomew County,in-historical-presidential-official-enr,county,indianaEnrHistoricalCountyRaceJson,https://enr.indianavoters.in.gov/archive/2020General/data/OffCatC_1019_A.json,12934,22410,891,36235
IN,2020,Benton County,Benton County,Benton County,in-historical-presidential-official-enr,county,indianaEnrHistoricalCountyRaceJson,https://enr.indianavoters.in.gov/archive/2020General/data/OffCatC_1019_A.json,1009,3007,98,4114
IN,2020,Blackford County,Blackford County,Blackford County,in-historical-presidential-official-enr,county,indianaEnrHistoricalCountyRaceJson,https://enr.indianavoters.in.gov/archive/2020General/data/OffCatC_1019_A.json,1376,3841,134,5351
IN,2020,Boone County,Boone County,Boone County,in-historical-presidential-official-enr,county,indianaEnrHistoricalCountyRaceJson,https://enr.indianavoters.in.gov/archive/2020General/data/OffCatC_1019_A.json,15244,22351,925,38520
IN,2020,Brown County,Brown County,Brown County,in-historical-presidential-official-enr,county,indianaEnrHistoricalCountyRaceJson,https://enr.indianavoters.in.gov/archive/2020General/data/OffCatC_1019_A.json,3036,5777,168,8981
IN,2020,Carroll County,Carroll County,Carroll County,in-historical-presidential-official-enr,county,indianaEnrHistoricalCountyRaceJson,https://enr.indianavoters.in.gov/archive/2020General/data/OffCatC_1019_A.json,2224,7086,185,9495
IN,2020,Cass County,Cass County,Cass County,in-historical-presidential-official-enr,county,indianaEnrHistoricalCountyRaceJson,https://enr.indianavoters.in.gov/archive/2020General/data/OffCatC_1019_A.json,4304,10552,342,15198
IN,2020,Clark County,Clark County,Clark County,in-historical-presidential-official-enr,county,indianaEnrHistoricalCountyRaceJson,https://enr.indianavoters.in.gov/archive/2020General/data/OffCatC_1019_A.json,23093,33668,1108,57869
IN,2020,Clay County,Clay County,Clay County,in-historical-presidential-official-enr,county,indianaEnrHistoricalCountyRaceJson,https://enr.indianavoters.in.gov/archive/2020General/data/OffCatC_1019_A.json,2552,9499,216,12267
IN,2020,Clinton County,Clinton County,Clinton County,in-historical-presidential-official-enr,county,indianaEnrHistoricalCountyRaceJson,https://enr.indianavoters.in.gov/archive/2020General/data/OffCatC_1019_A.json,3361,9334,254,12949
IN,2020,Crawford County,Crawford County,Crawford County,in-historical-presidential-official-enr,county,indianaEnrHistoricalCountyRaceJson,https://enr.indianavoters.in.gov/archive/2020General/data/OffCatC_1019_A.json,1355,3483,106,4944
IN,2020,Daviess County,Daviess County,Daviess County,in-historical-presidential-official-enr,county,indianaEnrHistoricalCountyRaceJson,https://enr.indianavoters.in.gov/archive/2020General/data/OffCatC_1019_A.json,2169,9576,209,11954
IN,2020,Dearborn County,Dearborn County,Dearborn County,in-historical-presidential-official-enr,county,indianaEnrHistoricalCountyRaceJson,https://enr.indianavoters.in.gov/archive/2020General/data/OffCatC_1019_A.json,5446,19528,409,25383
IN,2020,Decatur County,Decatur County,Decatur County,in-historical-presidential-official-enr,county,indianaEnrHistoricalCountyRaceJson,https://enr.indianavoters.in.gov/archive/2020General/data/OffCatC_1019_A.json,2439,9575,273,12287
IN,2020,Dekalb County,Dekalb County,Dekalb County,in-historical-presidential-official-enr,county,indianaEnrHistoricalCountyRaceJson,https://enr.indianavoters.in.gov/archive/2020General/data/OffCatC_1019_A.json,4966,14237,425,19628
IN,2020,Delaware County,Delaware County,Delaware County,in-historical-presidential-official-enr,county,indianaEnrHistoricalCountyRaceJson,https://enr.indianavoters.in.gov/archive/2020General/data/OffCatC_1019_A.json,20474,26827,890,48191
IN,2020,Dubois County,Dubois County,Dubois County,in-historical-presidential-official-enr,county,indianaEnrHistoricalCountyRaceJson,https://enr.indianavoters.in.gov/archive/2020General/data/OffCatC_1019_A.json,6292,15033,445,21770
IN,2020,Elkhart County,Elkhart County,Elkhart County,in-historical-presidential-official-enr,county,indianaEnrHistoricalCountyRaceJson,https://enr.indianavoters.in.gov/archive/2020General/data/OffCatC_1019_A.json,26108,46972,1307,74387
IN,2020,Fayette County,Fayette County,Fayette County,in-historical-presidential-official-enr,county,indianaEnrHistoricalCountyRaceJson,https://enr.indianavoters.in.gov/archive/2020General/data/OffCatC_1019_A.json,2237,7755,144,10136
IN,2020,Floyd County,Floyd County,Floyd County,in-historical-presidential-official-enr,county,indianaEnrHistoricalCountyRaceJson,https://enr.indianavoters.in.gov/archive/2020General/data/OffCatC_1019_A.json,17511,23400,891,41802
IN,2020,Fountain County,Fountain County,Fountain County,in-historical-presidential-official-enr,county,indianaEnrHistoricalCountyRaceJson,https://enr.indianavoters.in.gov/archive/2020General/data/OffCatC_1019_A.json,1629,6154,203,7986
IN,2020,Franklin County,Franklin County,Franklin County,in-historical-presidential-official-enr,county,indianaEnrHistoricalCountyRaceJson,https://enr.indianavoters.in.gov/archive/2020General/data/OffCatC_1019_A.json,2137,9691,172,12000
IN,2020,Fulton County,Fulton County,Fulton County,in-historical-presidential-official-enr,county,indianaEnrHistoricalCountyRaceJson,https://enr.indianavoters.in.gov/archive/2020General/data/OffCatC_1019_A.json,2280,6694,173,9147
IN,2020,Gibson County,Gibson County,Gibson County,in-historical-presidential-official-enr,county,indianaEnrHistoricalCountyRaceJson,https://enr.indianavoters.in.gov/archive/2020General/data/OffCatC_1019_A.json,4023,11817,321,16161
IN,2020,Grant County,Grant County,Grant County,in-historical-presidential-official-enr,county,indianaEnrHistoricalCountyRaceJson,https://enr.indianavoters.in.gov/archive/2020General/data/OffCatC_1019_A.json,8015,18543,601,27159
IN,2020,Greene County,Greene County,Greene County,in-historical-presidential-official-enr,county,indianaEnrHistoricalCountyRaceJson,https://enr.indianavoters.in.gov/archive/2020General/data/OffCatC_1019_A.json,3389,11103,292,14784
IN,2020,Hamilton County,Hamilton County,Hamilton County,in-historical-presidential-official-enr,county,indianaEnrHistoricalCountyRaceJson,https://enr.indianavoters.in.gov/archive/2020General/data/OffCatC_1019_A.json,88390,101587,4022,193999
IN,2020,Hancock County,Hancock County,Hancock County,in-historical-presidential-official-enr,county,indianaEnrHistoricalCountyRaceJson,https://enr.indianavoters.in.gov/archive/2020General/data/OffCatC_1019_A.json,12895,28996,1020,42911
IN,2020,Harrison County,Harrison County,Harrison County,in-historical-presidential-official-enr,county,indianaEnrHistoricalCountyRaceJson,https://enr.indianavoters.in.gov/archive/2020General/data/OffCatC_1019_A.json,5343,14565,328,20236
IN,2020,Hendricks County,Hendricks County,Hendricks County,in-historical-presidential-official-enr,county,indianaEnrHistoricalCountyRaceJson,https://enr.indianavoters.in.gov/archive/2020General/data/OffCatC_1019_A.json,32604,53802,2099,88505
IN,2020,Henry County,Henry County,Henry County,in-historical-presidential-official-enr,county,indianaEnrHistoricalCountyRaceJson,https://enr.indianavoters.in.gov/archive/2020General/data/OffCatC_1019_A.json,5544,15043,443,21030
IN,2020,Howard County,Howard County,Howard County,in-historical-presidential-official-enr,county,indianaEnrHistoricalCountyRaceJson,https://enr.indianavoters.in.gov/archive/2020General/data/OffCatC_1019_A.json,13303,26449,878,40630
IN,2020,Huntington County,Huntington County,Huntington County,in-historical-presidential-official-enr,county,indianaEnrHistoricalCountyRaceJson,https://enr.indianavoters.in.gov/archive/2020General/data/OffCatC_1019_A.json,4255,13147,427,17829
IN,2020,Jackson County,Jackson County,Jackson County,in-historical-presidential-official-enr,county,indianaEnrHistoricalCountyRaceJson,https://enr.indianavoters.in.gov/archive/2020General/data/OffCatC_1019_A.json,4302,14555,381,19238
IN,2020,Jasper County,Jasper County,Jasper County,in-historical-presidential-official-enr,county,indianaEnrHistoricalCountyRaceJson,https://enr.indianavoters.in.gov/archive/2020General/data/OffCatC_1019_A.json,3798,11383,294,15475
IN,2020,Jay County,Jay County,Jay County,in-historical-presidential-official-enr,county,indianaEnrHistoricalCountyRaceJson,https://enr.indianavoters.in.gov/archive/2020General/data/OffCatC_1019_A.json,1926,6361,174,8461
IN,2020,Jefferson County,Jefferson County,Jefferson County,in-historical-presidential-official-enr,county,indianaEnrHistoricalCountyRaceJson,https://enr.indianavoters.in.gov/archive/2020General/data/OffCatC_1019_A.json,4731,9663,303,14697
IN,2020,Jennings County,Jennings County,Jennings County,in-historical-presidential-official-enr,county,indianaEnrHistoricalCountyRaceJson,https://enr.indianavoters.in.gov/archive/2020General/data/OffCatC_1019_A.json,2523,9490,238,12251
IN,2020,Johnson County,Johnson County,Johnson County,in-historical-presidential-official-enr,county,indianaEnrHistoricalCountyRaceJson,https://enr.indianavoters.in.gov/archive/2020General/data/OffCatC_1019_A.json,24736,51219,1663,77618
IN,2020,Knox County,Knox County,Knox County,in-historical-presidential-official-enr,county,indianaEnrHistoricalCountyRaceJson,https://enr.indianavoters.in.gov/archive/2020General/data/OffCatC_1019_A.json,4067,11655,289,16011
IN,2020,Kosciusko County,Kosciusko County,Kosciusko County,in-historical-presidential-official-enr,county,indianaEnrHistoricalCountyRaceJson,https://enr.indianavoters.in.gov/archive/2020General/data/OffCatC_1019_A.json,8364,26499,924,35787
IN,2020,Lagrange County,Lagrange County,Lagrange County,in-historical-presidential-official-enr,county,indianaEnrHistoricalCountyRaceJson,https://enr.indianavoters.in.gov/archive/2020General/data/OffCatC_1019_A.json,2355,8110,168,10633
IN,2020,Lake County,Lake County,Lake County,in-historical-presidential-official-enr,county,indianaEnrHistoricalCountyRaceJson,https://enr.indianavoters.in.gov/archive/2020General/data/OffCatC_1019_A.json,124870,91760,3326,219956
IN,2020,Laporte County,Laporte County,Laporte County,in-historical-presidential-official-enr,county,indianaEnrHistoricalCountyRaceJson,https://enr.indianavoters.in.gov/archive/2020General/data/OffCatC_1019_A.json,22427,25997,968,49392
IN,2020,Lawrence County,Lawrence County,Lawrence County,in-historical-presidential-official-enr,county,indianaEnrHistoricalCountyRaceJson,https://enr.indianavoters.in.gov/archive/2020General/data/OffCatC_1019_A.json,4961,15601,463,21025
IN,2020,Madison County,Madison County,Madison County,in-historical-presidential-official-enr,county,indianaEnrHistoricalCountyRaceJson,https://enr.indianavoters.in.gov/archive/2020General/data/OffCatC_1019_A.json,19524,31215,1054,51793
IN,2020,Marion County,Marion County,Marion County,in-historical-presidential-official-enr,county,indianaEnrHistoricalCountyRaceJson,https://enr.indianavoters.in.gov/archive/2020General/data/OffCatC_1019_A.json,247772,134175,7672,389619
IN,2020,Marshall County,Marshall County,Marshall County,in-historical-presidential-official-enr,county,indianaEnrHistoricalCountyRaceJson,https://enr.indianavoters.in.gov/archive/2020General/data/OffCatC_1019_A.json,5712,13844,371,19927
IN,2020,Martin County,Martin County,Martin County,in-historical-presidential-official-enr,county,indianaEnrHistoricalCountyRaceJson,https://enr.indianavoters.in.gov/archive/2020General/data/OffCatC_1019_A.json,1011,4029,104,5144
IN,2020,Miami County,Miami County,Miami County,in-historical-presidential-official-enr,county,indianaEnrHistoricalCountyRaceJson,https://enr.indianavoters.in.gov/archive/2020General/data/OffCatC_1019_A.json,3235,10925,313,14473
IN,2020,Monroe County,Monroe County,Monroe County,in-historical-presidential-official-enr,county,indianaEnrHistoricalCountyRaceJson,https://enr.indianavoters.in.gov/archive/2020General/data/OffCatC_1019_A.json,39861,22071,1219,63151
IN,2020,Montgomery County,Montgomery County,Montgomery County,in-historical-presidential-official-enr,county,indianaEnrHistoricalCountyRaceJson,https://enr.indianavoters.in.gov/archive/2020General/data/OffCatC_1019_A.json,4213,12659,326,17198
IN,2020,Morgan County,Morgan County,Morgan County,in-historical-presidential-official-enr,county,indianaEnrHistoricalCountyRaceJson,https://enr.indianavoters.in.gov/archive/2020General/data/OffCatC_1019_A.json,7781,27512,866,36159
IN,2020,Newton County,Newton County,Newton County,in-historical-presidential-official-enr,county,indianaEnrHistoricalCountyRaceJson,https://enr.indianavoters.in.gov/archive/2020General/data/OffCatC_1019_A.json,1509,4942,140,6591
IN,2020,Noble County,Noble County,Noble County,in-historical-presidential-official-enr,county,indianaEnrHistoricalCountyRaceJson,https://enr.indianavoters.in.gov/archive/2020General/data/OffCatC_1019_A.json,4660,14195,335,19190
IN,2020,Ohio County,Ohio County,Ohio County,in-historical-presidential-official-enr,county,indianaEnrHistoricalCountyRaceJson,https://enr.indianavoters.in.gov/archive/2020General/data/OffCatC_1019_A.json,668,2054,353,3075
IN,2020,Orange County,Orange County,Orange County,in-historical-presidential-official-enr,county,indianaEnrHistoricalCountyRaceJson,https://enr.indianavoters.in.gov/archive/2020General/data/OffCatC_1019_A.json,2224,6432,176,8832
IN,2020,Owen County,Owen County,Owen County,in-historical-presidential-official-enr,county,indianaEnrHistoricalCountyRaceJson,https://enr.indianavoters.in.gov/archive/2020General/data/OffCatC_1019_A.json,2420,7286,198,9904
IN,2020,Parke County,Parke County,Parke County,in-historical-presidential-official-enr,county,indianaEnrHistoricalCountyRaceJson,https://enr.indianavoters.in.gov/archive/2020General/data/OffCatC_1019_A.json,1503,5400,110,7013
IN,2020,Perry County,Perry County,Perry County,in-historical-presidential-official-enr,county,indianaEnrHistoricalCountyRaceJson,https://enr.indianavoters.in.gov/archive/2020General/data/OffCatC_1019_A.json,3203,5345,174,8722
IN,2020,Pike County,Pike County,Pike County,in-historical-presidential-official-enr,county,indianaEnrHistoricalCountyRaceJson,https://enr.indianavoters.in.gov/archive/2020General/data/OffCatC_1019_A.json,1415,4692,113,6220
IN,2020,Porter County,Porter County,Porter County,in-historical-presidential-official-enr,county,indianaEnrHistoricalCountyRaceJson,https://enr.indianavoters.in.gov/archive/2020General/data/OffCatC_1019_A.json,39746,45008,1755,86509
IN,2020,Posey County,Posey County,Posey County,in-historical-presidential-official-enr,county,indianaEnrHistoricalCountyRaceJson,https://enr.indianavoters.in.gov/archive/2020General/data/OffCatC_1019_A.json,3811,9206,219,13236
IN,2020,Pulaski County,Pulaski County,Pulaski County,in-historical-presidential-official-enr,county,indianaEnrHistoricalCountyRaceJson,https://enr.indianavoters.in.gov/archive/2020General/data/OffCatC_1019_A.json,1463,4246,97,5806
IN,2020,Putnam County,Putnam County,Putnam County,in-historical-presidential-official-enr,county,indianaEnrHistoricalCountyRaceJson,https://enr.indianavoters.in.gov/archive/2020General/data/OffCatC_1019_A.json,3946,12278,373,16597
IN,2020,Randolph County,Randolph County,Randolph County,in-historical-presidential-official-enr,county,indianaEnrHistoricalCountyRaceJson,https://enr.indianavoters.in.gov/archive/2020General/data/OffCatC_1019_A.json,2513,8312,245,11070
IN,2020,Ripley County,Ripley County,Ripley County,in-historical-presidential-official-enr,county,indianaEnrHistoricalCountyRaceJson,https://enr.indianavoters.in.gov/archive/2020General/data/OffCatC_1019_A.json,2774,11261,236,14271
IN,2020,Rush County,Rush County,Rush County,in-historical-presidential-official-enr,county,indianaEnrHistoricalCountyRaceJson,https://enr.indianavoters.in.gov/archive/2020General/data/OffCatC_1019_A.json,1754,6035,143,7932
IN,2020,Scott County,Scott County,Scott County,in-historical-presidential-official-enr,county,indianaEnrHistoricalCountyRaceJson,https://enr.indianavoters.in.gov/archive/2020General/data/OffCatC_1019_A.json,2701,7331,135,10167
IN,2020,Shelby County,Shelby County,Shelby County,in-historical-presidential-official-enr,county,indianaEnrHistoricalCountyRaceJson,https://enr.indianavoters.in.gov/archive/2020General/data/OffCatC_1019_A.json,5023,14568,400,19991
IN,2020,Spencer County,Spencer County,Spencer County,in-historical-presidential-official-enr,county,indianaEnrHistoricalCountyRaceJson,https://enr.indianavoters.in.gov/archive/2020General/data/OffCatC_1019_A.json,3213,7357,199,10769
IN,2020,St. Joseph County,St. Joseph County,St. Joseph County,in-historical-presidential-official-enr,county,indianaEnrHistoricalCountyRaceJson,https://enr.indianavoters.in.gov/archive/2020General/data/OffCatC_1019_A.json,59896,53164,2178,115238
IN,2020,Starke County,Starke County,Starke County,in-historical-presidential-official-enr,county,indianaEnrHistoricalCountyRaceJson,https://enr.indianavoters.in.gov/archive/2020General/data/OffCatC_1019_A.json,2650,7466,174,10290
IN,2020,Steuben County,Steuben County,Steuben County,in-historical-presidential-official-enr,county,indianaEnrHistoricalCountyRaceJson,https://enr.indianavoters.in.gov/archive/2020General/data/OffCatC_1019_A.json,4513,11327,322,16162
IN,2020,Sullivan County,Sullivan County,Sullivan County,in-historical-presidential-official-enr,county,indianaEnrHistoricalCountyRaceJson,https://enr.indianavoters.in.gov/archive/2020General/data/OffCatC_1019_A.json,2153,6691,150,8994
IN,2020,Switzerland County,Switzerland County,Switzerland County,in-historical-presidential-official-enr,county,indianaEnrHistoricalCountyRaceJson,https://enr.indianavoters.in.gov/archive/2020General/data/OffCatC_1019_A.json,964,3133,57,4154
IN,2020,Tippecanoe County,Tippecanoe County,Tippecanoe County,in-historical-presidential-official-enr,county,indianaEnrHistoricalCountyRaceJson,https://enr.indianavoters.in.gov/archive/2020General/data/OffCatC_1019_A.json,35017,34581,1850,71448
IN,2020,Tipton County,Tipton County,Tipton County,in-historical-presidential-official-enr,county,indianaEnrHistoricalCountyRaceJson,https://enr.indianavoters.in.gov/archive/2020General/data/OffCatC_1019_A.json,1834,6110,172,8116
IN,2020,Union County,Union County,Union County,in-historical-presidential-official-enr,county,indianaEnrHistoricalCountyRaceJson,https://enr.indianavoters.in.gov/archive/2020General/data/OffCatC_1019_A.json,736,2688,59,3483
IN,2020,Vanderburgh County,Vanderburgh County,Vanderburgh County,in-historical-presidential-official-enr,county,indianaEnrHistoricalCountyRaceJson,https://enr.indianavoters.in.gov/archive/2020General/data/OffCatC_1019_A.json,34415,41844,1403,77662
IN,2020,Vermillion County,Vermillion County,Vermillion County,in-historical-presidential-official-enr,county,indianaEnrHistoricalCountyRaceJson,https://enr.indianavoters.in.gov/archive/2020General/data/OffCatC_1019_A.json,2145,5184,152,7481
IN,2020,Vigo County,Vigo County,Vigo County,in-historical-presidential-official-enr,county,indianaEnrHistoricalCountyRaceJson,https://enr.indianavoters.in.gov/archive/2020General/data/OffCatC_1019_A.json,18123,24545,926,43594
IN,2020,Wabash County,Wabash County,Wabash County,in-historical-presidential-official-enr,county,indianaEnrHistoricalCountyRaceJson,https://enr.indianavoters.in.gov/archive/2020General/data/OffCatC_1019_A.json,3494,10762,320,14576
IN,2020,Warren County,Warren County,Warren County,in-historical-presidential-official-enr,county,indianaEnrHistoricalCountyRaceJson,https://enr.indianavoters.in.gov/archive/2020General/data/OffCatC_1019_A.json,974,3401,97,4472
IN,2020,Warrick County,Warrick County,Warrick County,in-historical-presidential-official-enr,county,indianaEnrHistoricalCountyRaceJson,https://enr.indianavoters.in.gov/archive/2020General/data/OffCatC_1019_A.json,11923,21326,580,33829
IN,2020,Washington County,Washington County,Washington County,in-historical-presidential-official-enr,county,indianaEnrHistoricalCountyRaceJson,https://enr.indianavoters.in.gov/archive/2020General/data/OffCatC_1019_A.json,2784,9114,241,12139
IN,2020,Wayne County,Wayne County,Wayne County,in-historical-presidential-official-enr,county,indianaEnrHistoricalCountyRaceJson,https://enr.indianavoters.in.gov/archive/2020General/data/OffCatC_1019_A.json,9524,17567,588,27679
IN,2020,Wells County,Wells County,Wells County,in-historical-presidential-official-enr,county,indianaEnrHistoricalCountyRaceJson,https://enr.indianavoters.in.gov/archive/2020General/data/OffCatC_1019_A.json,2928,10855,267,14050
IN,2020,White County,White County,White County,in-historical-presidential-official-enr,county,indianaEnrHistoricalCountyRaceJson,https://enr.indianavoters.in.gov/archive/2020General/data/OffCatC_1019_A.json,3032,7957,177,11166
IN,2020,Whitley County,Whitley County,Whitley County,in-historical-presidential-official-enr,county,indianaEnrHistoricalCountyRaceJson,https://enr.indianavoters.in.gov/archive/2020General/data/OffCatC_1019_A.json,4234,12862,460,17556
