Office,Parish,"Hillary Clinton, Timothy Kaine Democratic (DEM)","Jill Stein, Ajamu Baraka Green (GRN)","Gary Johnson, Bill Weld Libertarian (LBT)","Donald Trump, Michael Pence Republican (REP)","Darrell Castle, Scott Bradley Constitution Party Nominee (OTH)","Evan McMullin, Nathan Johnson Courage Character Service (OTH)","Laurence Kotlikoff, Edward Lea It's Our Children (OTH)","Tom Hoefling, Steve Schulin Life, Family, Constitution (OTH)","Princess Jacob, Milton Fambro Loyal Trustworthy Compassion (OTH)","Gloria La Riva, Eugene Puryear Socialism and Liberation (OTH)","Jerry White, Niles Niemuth Socialism Equality Anti-War (OTH)","Alyson Kennedy, Osborne Hart Socialist Workers Party (OTH)","Chris Keniston, Deacon Taylor Veterans Party (OTH)"
"Presidential Electors","Acadia","5638","106","281","21162","50","74","13","10","9","5","5","8","28"
"Presidential Electors","Allen","2106","50","102","6867","26","45","12","8","6","3","1","4","15"
"Presidential Electors","Ascension","16476","324","1184","36143","83","263","31","56","31","11","3","13","60"
"Presidential Electors","Assumption","3931","39","127","6714","23","22","10","16","2","5","4","4","7"
"Presidential Electors","Avoyelles","5035","69","188","11165","28","28","13","14","5","3","6","7","25"
"Presidential Electors","Beauregard","2393","64","225","12238","30","63","9","15","8","3","2","6","22"
"Presidential Electors","Bienville","3129","23","54","3756","9","14","5","5","4","1","0","1","4"
"Presidential Electors","Bossier","12641","263","1024","35474","79","237","18","35","14","8","4","7","44"
"Presidential Electors","Caddo","53483","665","1861","49006","106","392","59","64","24","25","20","20","79"
"Presidential Electors","Calcasieu","26296","551","1786","54191","185","457","45","70","36","17","19","19","113"
"Presidential Electors","Caldwell","788","14","28","3822","9","18","1","2","3","0","0","2","5"
"Presidential Electors","Cameron","323","16","57","3256","6","17","1","3","1","0","0","3","9"
"Presidential Electors","Catahoula","1322","14","17","3479","7","6","1","3","0","0","2","0","5"
"Presidential Electors","Claiborne","2717","25","45","3585","10","8","5","6","1","1","3","3","12"
"Presidential Electors","Concordia","3272","14","68","5477","9","8","4","4","3","3","0","4","6"
"Presidential Electors","De Soto","5165","33","128","8068","16","51","8","7","10","0","3","2","9"
"Presidential Electors","East Baton Rouge","102828","1643","4959","84660","318","1364","115","199","79","49","44","42","191"
"Presidential Electors","East Carroll","1838","6","16","1059","4","3","3","4","2","1","0","2","1"
"Presidential Electors","East Feliciana","4235","38","102","5569","19","40","7","10","5","1","3","1","12"
"Presidential Electors","Evangeline","4208","66","116","10360","34","37","10","10","14","2","4","1","20"
"Presidential Electors","Franklin","2506","28","68","6514","9","14","4","4","1","1","1","3","9"
"Presidential Electors","Grant","1181","34","126","7408","16","31","0","6","0","1","0","5","13"
"Presidential Electors","Iberia","10698","170","443","20903","51","72","15","33","10","12","7","8","32"
"Presidential Electors","Iberville","8324","92","165","7320","28","44","13","14","12","4","4","5","18"
"Presidential Electors","Jackson","2139","20","74","5169","16","24","1","7","0","2","3","2","7"
"Presidential Electors","Jefferson","73670","1611","4306","100398","235","871","89","126","83","32","31","38","149"
"Presidential Electors","Jefferson Davis","3080","71","185","10775","29","58","10","17","7","6","1","4","34"
"Presidential Electors","Lafayette","32726","851","2833","68195","167","522","53","81","36","24","17","20","78"
"Presidential Electors","Lafourche","8423","233","734","31959","53","107","15","30","12","7","10","18","44"
"Presidential Electors","Lasalle","605","19","53","5836","13","21","3","4","3","0","1","2","9"
"Presidential Electors","Lincoln","7107","120","440","10761","40","146","13","14","7","3","3","4","11"
"Presidential Electors","Livingston","6950","292","1151","48824","135","214","19","50","22","6","6","9","52"
"Presidential Electors","Madison","2744","15","17","1927","4","6","5","3","3","2","1","0","5"
"Presidential Electors","Morehouse","5155","46","73","6502","15","25","10","7","7","1","4","1","6"
"Presidential Electors","Natchitoches","7144","91","260","8968","35","49","8","18","8","5","3","5","27"
"Presidential Electors","Orleans","133996","2546","3638","24292","127","698","92","86","63","86","49","59","80"
"Presidential Electors","Ouachita","24428","343","980","41734","101","266","17","50","22","5","9","13","49"
"Presidential Electors","Plaquemines","3347","74","179","6900","14","19","7","8","6","3","3","1","12"
"Presidential Electors","Pointe Coupee","4764","35","86","6789","16","34","4","13","1","2","2","2","13"
"Presidential Electors","Rapides","18322","314","858","36816","100","265","29","50","13","10","6","9","52"
"Presidential Electors","Red River","1938","11","47","2391","4","12","3","4","2","2","0","3","5"
"Presidential Electors","Richland","3157","35","67","6287","12","20","5","4","2","0","1","3","4"
"Presidential Electors","Sabine","1703","24","97","7879","18","25","8","7","2","2","1","2","19"
"Presidential Electors","St. Bernard","4960","169","308","10237","31","41","13","14","13","3","3","1","22"
"Presidential Electors","St. Charles","8559","186","592","16621","29","116","9","29","14","3","4","4","26"
"Presidential Electors","St. Helena","3353","18","43","2497","16","18","3","6","1","2","1","1","5"
"Presidential Electors","St. James","6418","44","98","5456","14","22","10","4","0","5","3","5","6"
"Presidential Electors","St. John The Baptist","12661","122","228","7569","36","45","20","13","12","6","7","7","17"
"Presidential Electors","St. Landry","17209","181","350","21971","71","87","13","25","10","12","11","8","29"
"Presidential Electors","St. Martin","8266","121","303","16873","42","66","16","14","8","6","4","3","28"
"Presidential Electors","St. Mary","8050","85","245","14359","27","51","10","19","5","2","4","4","16"
"Presidential Electors","St. Tammany","27717","1019","3409","90915","206","777","54","96","41","18","10","24","106"
"Presidential Electors","Tangipahoa","16878","286","843","33959","85","184","33","48","14","11","12","16","47"
"Presidential Electors","Tensas","1332","8","13","1182","1","1","1","2","3","0","2","2","1"
"Presidential Electors","Terrebonne","10665","215","808","31902","77","119","10","31","9","8","3","8","41"
"Presidential Electors","Union","2691","32","108","7972","38","25","6","4","1","1","1","3","12"
"Presidential Electors","Vermilion","4857","116","396","20063","48","71","10","23","10","2","6","4","26"
"Presidential Electors","Vernon","2665","72","265","13471","39","54","8","13","4","2","2","3","35"
"Presidential Electors","Washington","5692","68","185","12556","29","35","8","15","6","4","2","7","21"
"Presidential Electors","Webster","6260","63","166","11542","14","41","13","15","6","4","3","3","15"
"Presidential Electors","West Baton Rouge","5383","72","206","6927","13","53","11","16","3","2","4","7","15"
"Presidential Electors","West Carroll","715","10","27","3970","5","11","4","5","4","1","0","2","5"
"Presidential Electors","West Feliciana","2248","17","97","3390","6","25","3","4","2","0","2","0","5"
"Presidential Electors","Winn","1644","29","40","4608","13","15","0","8","4","0","0","3","8"