state,electionYear,jurisdictionCode,jurisdictionName,level,vendor,systemName,equipmentType,usage,paperRecord,standardSystem,accessibleSystem,absenteeSystem,pollBookSystem,tabulation,registeredVoters,precincts,pollingPlaces,sourceGranularity,uniformityWarningRequired,uniformityNote,configurationSignals,sourceDocumentId,sourceUrl,caveat
ND,2024,ND-001,Adams County,county,ES&S,ES&S ExpressVote +,Optical Scan,county_context,hand_marked_paper,"Hand marked paper ballots, BMDs for accessibility",Ballot Marking Devices for all voters,Batch-Fed Optical Scanners,Commercial Electronic Poll Book,Optical Scan,1725,1,1,county,true,"Verifier row is a county-level summary. polling-place system reports multiple values: Hand marked paper ballots, BMDs for accessibility; accessible voting system differs from standard polling-place system; absentee system differs from standard polling-place system. Do not infer every precinct or ballot mode used one identical setup.","polling-place system reports multiple values: Hand marked paper ballots, BMDs for accessibility | accessible voting system differs from standard polling-place system | absentee system differs from standard polling-place system",verified-voting-verifier-nd-2024-equipment,https://verifiedvoting.org/verifier/#mode/navigate/map/voteEquip/mapType/ppEquip/year/2024/state/38,"Verified Voting Verifier data is jurisdiction-level election-administration context. Most rows are counties, but some states report state-level rows and some county rows can summarize mixed tabulation, accessible-device, absentee, poll-book, or other configurations. Treat it as source-linked context, not proof every precinct in a county used one identical setup, and not a turnout or vote-result source."
ND,2024,ND-003,Barnes County,county,ES&S,ES&S ExpressVote +,Optical Scan,county_context,hand_marked_paper,"Hand marked paper ballots, BMDs for accessibility",Ballot Marking Devices for all voters,Batch-Fed Optical Scanners,Commercial Electronic Poll Book,Optical Scan,8380,15,1,county,true,"Verifier row is a county-level summary. polling-place system reports multiple values: Hand marked paper ballots, BMDs for accessibility; accessible voting system differs from standard polling-place system; absentee system differs from standard polling-place system. Do not infer every precinct or ballot mode used one identical setup.","polling-place system reports multiple values: Hand marked paper ballots, BMDs for accessibility | accessible voting system differs from standard polling-place system | absentee system differs from standard polling-place system",verified-voting-verifier-nd-2024-equipment,https://verifiedvoting.org/verifier/#mode/navigate/map/voteEquip/mapType/ppEquip/year/2024/state/38,"Verified Voting Verifier data is jurisdiction-level election-administration context. Most rows are counties, but some states report state-level rows and some county rows can summarize mixed tabulation, accessible-device, absentee, poll-book, or other configurations. Treat it as source-linked context, not proof every precinct in a county used one identical setup, and not a turnout or vote-result source."
ND,2024,ND-005,Benson County,county,ES&S,ES&S ExpressVote +,Optical Scan,county_context,hand_marked_paper,"Hand marked paper ballots, BMDs for accessibility",Ballot Marking Devices for all voters,Batch-Fed Optical Scanners,Commercial Electronic Poll Book,Optical Scan,4510,8,3,county,true,"Verifier row is a county-level summary. polling-place system reports multiple values: Hand marked paper ballots, BMDs for accessibility; accessible voting system differs from standard polling-place system; absentee system differs from standard polling-place system. Do not infer every precinct or ballot mode used one identical setup.","polling-place system reports multiple values: Hand marked paper ballots, BMDs for accessibility | accessible voting system differs from standard polling-place system | absentee system differs from standard polling-place system",verified-voting-verifier-nd-2024-equipment,https://verifiedvoting.org/verifier/#mode/navigate/map/voteEquip/mapType/ppEquip/year/2024/state/38,"Verified Voting Verifier data is jurisdiction-level election-administration context. Most rows are counties, but some states report state-level rows and some county rows can summarize mixed tabulation, accessible-device, absentee, poll-book, or other configurations. Treat it as source-linked context, not proof every precinct in a county used one identical setup, and not a turnout or vote-result source."
ND,2024,ND-007,Billings County,county,ES&S,ES&S ExpressVote +,Optical Scan,county_context,hand_marked_paper,"Hand marked paper ballots, BMDs for accessibility",Ballot Marking Devices for all voters,Batch-Fed Optical Scanners,Commercial Electronic Poll Book,Optical Scan,675,3,2,county,true,"Verifier row is a county-level summary. polling-place system reports multiple values: Hand marked paper ballots, BMDs for accessibility; accessible voting system differs from standard polling-place system; absentee system differs from standard polling-place system. Do not infer every precinct or ballot mode used one identical setup.","polling-place system reports multiple values: Hand marked paper ballots, BMDs for accessibility | accessible voting system differs from standard polling-place system | absentee system differs from standard polling-place system",verified-voting-verifier-nd-2024-equipment,https://verifiedvoting.org/verifier/#mode/navigate/map/voteEquip/mapType/ppEquip/year/2024/state/38,"Verified Voting Verifier data is jurisdiction-level election-administration context. Most rows are counties, but some states report state-level rows and some county rows can summarize mixed tabulation, accessible-device, absentee, poll-book, or other configurations. Treat it as source-linked context, not proof every precinct in a county used one identical setup, and not a turnout or vote-result source."
ND,2024,ND-009,Bottineau County,county,ES&S,ES&S ExpressVote +,Optical Scan,county_context,hand_marked_paper,"Hand marked paper ballots, BMDs for accessibility",Ballot Marking Devices for all voters,Batch-Fed Optical Scanners,Commercial Electronic Poll Book,Optical Scan,4955,5,3,county,true,"Verifier row is a county-level summary. polling-place system reports multiple values: Hand marked paper ballots, BMDs for accessibility; accessible voting system differs from standard polling-place system; absentee system differs from standard polling-place system. Do not infer every precinct or ballot mode used one identical setup.","polling-place system reports multiple values: Hand marked paper ballots, BMDs for accessibility | accessible voting system differs from standard polling-place system | absentee system differs from standard polling-place system",verified-voting-verifier-nd-2024-equipment,https://verifiedvoting.org/verifier/#mode/navigate/map/voteEquip/mapType/ppEquip/year/2024/state/38,"Verified Voting Verifier data is jurisdiction-level election-administration context. Most rows are counties, but some states report state-level rows and some county rows can summarize mixed tabulation, accessible-device, absentee, poll-book, or other configurations. Treat it as source-linked context, not proof every precinct in a county used one identical setup, and not a turnout or vote-result source."
ND,2024,ND-011,Bowman County,county,ES&S,ES&S ExpressVote +,Optical Scan,county_context,hand_marked_paper,"Hand marked paper ballots, BMDs for accessibility",Ballot Marking Devices for all voters,Batch-Fed Optical Scanners,Commercial Electronic Poll Book,Optical Scan,2315,4,4,county,true,"Verifier row is a county-level summary. polling-place system reports multiple values: Hand marked paper ballots, BMDs for accessibility; accessible voting system differs from standard polling-place system; absentee system differs from standard polling-place system. Do not infer every precinct or ballot mode used one identical setup.","polling-place system reports multiple values: Hand marked paper ballots, BMDs for accessibility | accessible voting system differs from standard polling-place system | absentee system differs from standard polling-place system",verified-voting-verifier-nd-2024-equipment,https://verifiedvoting.org/verifier/#mode/navigate/map/voteEquip/mapType/ppEquip/year/2024/state/38,"Verified Voting Verifier data is jurisdiction-level election-administration context. Most rows are counties, but some states report state-level rows and some county rows can summarize mixed tabulation, accessible-device, absentee, poll-book, or other configurations. Treat it as source-linked context, not proof every precinct in a county used one identical setup, and not a turnout or vote-result source."
ND,2024,ND-013,Burke County,county,ES&S,ES&S ExpressVote +,Optical Scan,county_context,hand_marked_paper,"Hand marked paper ballots, BMDs for accessibility",Ballot Marking Devices for all voters,Batch-Fed Optical Scanners,Commercial Electronic Poll Book,Optical Scan,1580,6,1,county,true,"Verifier row is a county-level summary. polling-place system reports multiple values: Hand marked paper ballots, BMDs for accessibility; accessible voting system differs from standard polling-place system; absentee system differs from standard polling-place system. Do not infer every precinct or ballot mode used one identical setup.","polling-place system reports multiple values: Hand marked paper ballots, BMDs for accessibility | accessible voting system differs from standard polling-place system | absentee system differs from standard polling-place system",verified-voting-verifier-nd-2024-equipment,https://verifiedvoting.org/verifier/#mode/navigate/map/voteEquip/mapType/ppEquip/year/2024/state/38,"Verified Voting Verifier data is jurisdiction-level election-administration context. Most rows are counties, but some states report state-level rows and some county rows can summarize mixed tabulation, accessible-device, absentee, poll-book, or other configurations. Treat it as source-linked context, not proof every precinct in a county used one identical setup, and not a turnout or vote-result source."
ND,2024,ND-015,Burleigh County,county,ES&S,ES&S ExpressVote +,Optical Scan,county_context,hand_marked_paper,"Hand marked paper ballots, BMDs for accessibility",Ballot Marking Devices for all voters,Batch-Fed Optical Scanners,Commercial Electronic Poll Book,Optical Scan,72005,30,18,county,true,"Verifier row is a county-level summary. polling-place system reports multiple values: Hand marked paper ballots, BMDs for accessibility; accessible voting system differs from standard polling-place system; absentee system differs from standard polling-place system. Do not infer every precinct or ballot mode used one identical setup.","polling-place system reports multiple values: Hand marked paper ballots, BMDs for accessibility | accessible voting system differs from standard polling-place system | absentee system differs from standard polling-place system",verified-voting-verifier-nd-2024-equipment,https://verifiedvoting.org/verifier/#mode/navigate/map/voteEquip/mapType/ppEquip/year/2024/state/38,"Verified Voting Verifier data is jurisdiction-level election-administration context. Most rows are counties, but some states report state-level rows and some county rows can summarize mixed tabulation, accessible-device, absentee, poll-book, or other configurations. Treat it as source-linked context, not proof every precinct in a county used one identical setup, and not a turnout or vote-result source."
ND,2024,ND-017,Cass County,county,ES&S,ES&S ExpressVote +,Optical Scan,county_context,hand_marked_paper,"Hand marked paper ballots, BMDs for accessibility",Ballot Marking Devices for all voters,Batch-Fed Optical Scanners,Commercial Electronic Poll Book,Optical Scan,131950,34,20,county,true,"Verifier row is a county-level summary. polling-place system reports multiple values: Hand marked paper ballots, BMDs for accessibility; accessible voting system differs from standard polling-place system; absentee system differs from standard polling-place system. Do not infer every precinct or ballot mode used one identical setup.","polling-place system reports multiple values: Hand marked paper ballots, BMDs for accessibility | accessible voting system differs from standard polling-place system | absentee system differs from standard polling-place system",verified-voting-verifier-nd-2024-equipment,https://verifiedvoting.org/verifier/#mode/navigate/map/voteEquip/mapType/ppEquip/year/2024/state/38,"Verified Voting Verifier data is jurisdiction-level election-administration context. Most rows are counties, but some states report state-level rows and some county rows can summarize mixed tabulation, accessible-device, absentee, poll-book, or other configurations. Treat it as source-linked context, not proof every precinct in a county used one identical setup, and not a turnout or vote-result source."
ND,2024,ND-019,Cavalier County,county,ES&S,ES&S ExpressVote +,Optical Scan,county_context,hand_marked_paper,"Hand marked paper ballots, BMDs for accessibility",Ballot Marking Devices for all voters,Batch-Fed Optical Scanners,Commercial Electronic Poll Book,Optical Scan,2975,3,1,county,true,"Verifier row is a county-level summary. polling-place system reports multiple values: Hand marked paper ballots, BMDs for accessibility; accessible voting system differs from standard polling-place system; absentee system differs from standard polling-place system. Do not infer every precinct or ballot mode used one identical setup.","polling-place system reports multiple values: Hand marked paper ballots, BMDs for accessibility | accessible voting system differs from standard polling-place system | absentee system differs from standard polling-place system",verified-voting-verifier-nd-2024-equipment,https://verifiedvoting.org/verifier/#mode/navigate/map/voteEquip/mapType/ppEquip/year/2024/state/38,"Verified Voting Verifier data is jurisdiction-level election-administration context. Most rows are counties, but some states report state-level rows and some county rows can summarize mixed tabulation, accessible-device, absentee, poll-book, or other configurations. Treat it as source-linked context, not proof every precinct in a county used one identical setup, and not a turnout or vote-result source."
ND,2024,ND-021,Dickey County,county,ES&S,ES&S ExpressVote +,Optical Scan,county_context,hand_marked_paper,"Hand marked paper ballots, BMDs for accessibility",Ballot Marking Devices for all voters,Batch-Fed Optical Scanners,Commercial Electronic Poll Book,Optical Scan,3630,1,2,county,true,"Verifier row is a county-level summary. polling-place system reports multiple values: Hand marked paper ballots, BMDs for accessibility; accessible voting system differs from standard polling-place system; absentee system differs from standard polling-place system. Do not infer every precinct or ballot mode used one identical setup.","polling-place system reports multiple values: Hand marked paper ballots, BMDs for accessibility | accessible voting system differs from standard polling-place system | absentee system differs from standard polling-place system",verified-voting-verifier-nd-2024-equipment,https://verifiedvoting.org/verifier/#mode/navigate/map/voteEquip/mapType/ppEquip/year/2024/state/38,"Verified Voting Verifier data is jurisdiction-level election-administration context. Most rows are counties, but some states report state-level rows and some county rows can summarize mixed tabulation, accessible-device, absentee, poll-book, or other configurations. Treat it as source-linked context, not proof every precinct in a county used one identical setup, and not a turnout or vote-result source."
ND,2024,ND-023,Divide County,county,ES&S,ES&S ExpressVote +,Optical Scan,county_context,hand_marked_paper,"Hand marked paper ballots, BMDs for accessibility",Ballot Marking Devices for all voters,Batch-Fed Optical Scanners,Commercial Electronic Poll Book,Optical Scan,1785,4,1,county,true,"Verifier row is a county-level summary. polling-place system reports multiple values: Hand marked paper ballots, BMDs for accessibility; accessible voting system differs from standard polling-place system; absentee system differs from standard polling-place system. Do not infer every precinct or ballot mode used one identical setup.","polling-place system reports multiple values: Hand marked paper ballots, BMDs for accessibility | accessible voting system differs from standard polling-place system | absentee system differs from standard polling-place system",verified-voting-verifier-nd-2024-equipment,https://verifiedvoting.org/verifier/#mode/navigate/map/voteEquip/mapType/ppEquip/year/2024/state/38,"Verified Voting Verifier data is jurisdiction-level election-administration context. Most rows are counties, but some states report state-level rows and some county rows can summarize mixed tabulation, accessible-device, absentee, poll-book, or other configurations. Treat it as source-linked context, not proof every precinct in a county used one identical setup, and not a turnout or vote-result source."
ND,2024,ND-025,Dunn County,county,ES&S,ES&S ExpressVote +,Optical Scan,county_context,hand_marked_paper,"Hand marked paper ballots, BMDs for accessibility",Ballot Marking Devices for all voters,Batch-Fed Optical Scanners,Commercial Electronic Poll Book,Optical Scan,3235,10,4,county,true,"Verifier row is a county-level summary. polling-place system reports multiple values: Hand marked paper ballots, BMDs for accessibility; accessible voting system differs from standard polling-place system; absentee system differs from standard polling-place system. Do not infer every precinct or ballot mode used one identical setup.","polling-place system reports multiple values: Hand marked paper ballots, BMDs for accessibility | accessible voting system differs from standard polling-place system | absentee system differs from standard polling-place system",verified-voting-verifier-nd-2024-equipment,https://verifiedvoting.org/verifier/#mode/navigate/map/voteEquip/mapType/ppEquip/year/2024/state/38,"Verified Voting Verifier data is jurisdiction-level election-administration context. Most rows are counties, but some states report state-level rows and some county rows can summarize mixed tabulation, accessible-device, absentee, poll-book, or other configurations. Treat it as source-linked context, not proof every precinct in a county used one identical setup, and not a turnout or vote-result source."
ND,2024,ND-027,Eddy County,county,ES&S,ES&S ExpressVote +,Optical Scan,county_context,hand_marked_paper,"Hand marked paper ballots, BMDs for accessibility",Ballot Marking Devices for all voters,Batch-Fed Optical Scanners,Commercial Electronic Poll Book,Optical Scan,1755,3,1,county,true,"Verifier row is a county-level summary. polling-place system reports multiple values: Hand marked paper ballots, BMDs for accessibility; accessible voting system differs from standard polling-place system; absentee system differs from standard polling-place system. Do not infer every precinct or ballot mode used one identical setup.","polling-place system reports multiple values: Hand marked paper ballots, BMDs for accessibility | accessible voting system differs from standard polling-place system | absentee system differs from standard polling-place system",verified-voting-verifier-nd-2024-equipment,https://verifiedvoting.org/verifier/#mode/navigate/map/voteEquip/mapType/ppEquip/year/2024/state/38,"Verified Voting Verifier data is jurisdiction-level election-administration context. Most rows are counties, but some states report state-level rows and some county rows can summarize mixed tabulation, accessible-device, absentee, poll-book, or other configurations. Treat it as source-linked context, not proof every precinct in a county used one identical setup, and not a turnout or vote-result source."
ND,2024,ND-029,Emmons County,county,ES&S,ES&S ExpressVote +,Optical Scan,county_context,hand_marked_paper,"Hand marked paper ballots, BMDs for accessibility",Ballot Marking Devices for all voters,Batch-Fed Optical Scanners,Commercial Electronic Poll Book,Optical Scan,2600,5,3,county,true,"Verifier row is a county-level summary. polling-place system reports multiple values: Hand marked paper ballots, BMDs for accessibility; accessible voting system differs from standard polling-place system; absentee system differs from standard polling-place system. Do not infer every precinct or ballot mode used one identical setup.","polling-place system reports multiple values: Hand marked paper ballots, BMDs for accessibility | accessible voting system differs from standard polling-place system | absentee system differs from standard polling-place system",verified-voting-verifier-nd-2024-equipment,https://verifiedvoting.org/verifier/#mode/navigate/map/voteEquip/mapType/ppEquip/year/2024/state/38,"Verified Voting Verifier data is jurisdiction-level election-administration context. Most rows are counties, but some states report state-level rows and some county rows can summarize mixed tabulation, accessible-device, absentee, poll-book, or other configurations. Treat it as source-linked context, not proof every precinct in a county used one identical setup, and not a turnout or vote-result source."
ND,2024,ND-031,Foster County,county,ES&S,ES&S ExpressVote +,Optical Scan,county_context,hand_marked_paper,"Hand marked paper ballots, BMDs for accessibility",Ballot Marking Devices for all voters,Batch-Fed Optical Scanners,Commercial Electronic Poll Book,Optical Scan,2510,1,1,county,true,"Verifier row is a county-level summary. polling-place system reports multiple values: Hand marked paper ballots, BMDs for accessibility; accessible voting system differs from standard polling-place system; absentee system differs from standard polling-place system. Do not infer every precinct or ballot mode used one identical setup.","polling-place system reports multiple values: Hand marked paper ballots, BMDs for accessibility | accessible voting system differs from standard polling-place system | absentee system differs from standard polling-place system",verified-voting-verifier-nd-2024-equipment,https://verifiedvoting.org/verifier/#mode/navigate/map/voteEquip/mapType/ppEquip/year/2024/state/38,"Verified Voting Verifier data is jurisdiction-level election-administration context. Most rows are counties, but some states report state-level rows and some county rows can summarize mixed tabulation, accessible-device, absentee, poll-book, or other configurations. Treat it as source-linked context, not proof every precinct in a county used one identical setup, and not a turnout or vote-result source."
ND,2024,ND-033,Golden Valley County,county,ES&S,ES&S ExpressVote +,Optical Scan,county_context,hand_marked_paper,"Hand marked paper ballots, BMDs for accessibility",Ballot Marking Devices for all voters,Batch-Fed Optical Scanners,Commercial Electronic Poll Book,Optical Scan,1435,1,1,county,true,"Verifier row is a county-level summary. polling-place system reports multiple values: Hand marked paper ballots, BMDs for accessibility; accessible voting system differs from standard polling-place system; absentee system differs from standard polling-place system. Do not infer every precinct or ballot mode used one identical setup.","polling-place system reports multiple values: Hand marked paper ballots, BMDs for accessibility | accessible voting system differs from standard polling-place system | absentee system differs from standard polling-place system",verified-voting-verifier-nd-2024-equipment,https://verifiedvoting.org/verifier/#mode/navigate/map/voteEquip/mapType/ppEquip/year/2024/state/38,"Verified Voting Verifier data is jurisdiction-level election-administration context. Most rows are counties, but some states report state-level rows and some county rows can summarize mixed tabulation, accessible-device, absentee, poll-book, or other configurations. Treat it as source-linked context, not proof every precinct in a county used one identical setup, and not a turnout or vote-result source."
ND,2024,ND-035,Grand Forks County,county,ES&S,ES&S ExpressVote +,Optical Scan,county_context,hand_marked_paper,"Hand marked paper ballots, BMDs for accessibility",Ballot Marking Devices for all voters,Batch-Fed Optical Scanners,Commercial Electronic Poll Book,Optical Scan,53255,20,10,county,true,"Verifier row is a county-level summary. polling-place system reports multiple values: Hand marked paper ballots, BMDs for accessibility; accessible voting system differs from standard polling-place system; absentee system differs from standard polling-place system. Do not infer every precinct or ballot mode used one identical setup.","polling-place system reports multiple values: Hand marked paper ballots, BMDs for accessibility | accessible voting system differs from standard polling-place system | absentee system differs from standard polling-place system",verified-voting-verifier-nd-2024-equipment,https://verifiedvoting.org/verifier/#mode/navigate/map/voteEquip/mapType/ppEquip/year/2024/state/38,"Verified Voting Verifier data is jurisdiction-level election-administration context. Most rows are counties, but some states report state-level rows and some county rows can summarize mixed tabulation, accessible-device, absentee, poll-book, or other configurations. Treat it as source-linked context, not proof every precinct in a county used one identical setup, and not a turnout or vote-result source."
ND,2024,ND-037,Grant County,county,ES&S,ES&S ExpressVote +,Optical Scan,county_context,hand_marked_paper,"Hand marked paper ballots, BMDs for accessibility",Ballot Marking Devices for all voters,Batch-Fed Optical Scanners,Commercial Electronic Poll Book,Optical Scan,1785,5,2,county,true,"Verifier row is a county-level summary. polling-place system reports multiple values: Hand marked paper ballots, BMDs for accessibility; accessible voting system differs from standard polling-place system; absentee system differs from standard polling-place system. Do not infer every precinct or ballot mode used one identical setup.","polling-place system reports multiple values: Hand marked paper ballots, BMDs for accessibility | accessible voting system differs from standard polling-place system | absentee system differs from standard polling-place system",verified-voting-verifier-nd-2024-equipment,https://verifiedvoting.org/verifier/#mode/navigate/map/voteEquip/mapType/ppEquip/year/2024/state/38,"Verified Voting Verifier data is jurisdiction-level election-administration context. Most rows are counties, but some states report state-level rows and some county rows can summarize mixed tabulation, accessible-device, absentee, poll-book, or other configurations. Treat it as source-linked context, not proof every precinct in a county used one identical setup, and not a turnout or vote-result source."
ND,2024,ND-039,Griggs County,county,ES&S,ES&S ExpressVote +,Optical Scan,county_context,hand_marked_paper,"Hand marked paper ballots, BMDs for accessibility",Ballot Marking Devices for all voters,Batch-Fed Optical Scanners,Commercial Electronic Poll Book,Optical Scan,1845,5,1,county,true,"Verifier row is a county-level summary. polling-place system reports multiple values: Hand marked paper ballots, BMDs for accessibility; accessible voting system differs from standard polling-place system; absentee system differs from standard polling-place system. Do not infer every precinct or ballot mode used one identical setup.","polling-place system reports multiple values: Hand marked paper ballots, BMDs for accessibility | accessible voting system differs from standard polling-place system | absentee system differs from standard polling-place system",verified-voting-verifier-nd-2024-equipment,https://verifiedvoting.org/verifier/#mode/navigate/map/voteEquip/mapType/ppEquip/year/2024/state/38,"Verified Voting Verifier data is jurisdiction-level election-administration context. Most rows are counties, but some states report state-level rows and some county rows can summarize mixed tabulation, accessible-device, absentee, poll-book, or other configurations. Treat it as source-linked context, not proof every precinct in a county used one identical setup, and not a turnout or vote-result source."
ND,2024,ND-041,Hettinger County,county,ES&S,ES&S ExpressVote +,Optical Scan,county_context,hand_marked_paper,"Hand marked paper ballots, BMDs for accessibility",Ballot Marking Devices for all voters,Batch-Fed Optical Scanners,Commercial Electronic Poll Book,Optical Scan,2020,2,3,county,true,"Verifier row is a county-level summary. polling-place system reports multiple values: Hand marked paper ballots, BMDs for accessibility; accessible voting system differs from standard polling-place system; absentee system differs from standard polling-place system. Do not infer every precinct or ballot mode used one identical setup.","polling-place system reports multiple values: Hand marked paper ballots, BMDs for accessibility | accessible voting system differs from standard polling-place system | absentee system differs from standard polling-place system",verified-voting-verifier-nd-2024-equipment,https://verifiedvoting.org/verifier/#mode/navigate/map/voteEquip/mapType/ppEquip/year/2024/state/38,"Verified Voting Verifier data is jurisdiction-level election-administration context. Most rows are counties, but some states report state-level rows and some county rows can summarize mixed tabulation, accessible-device, absentee, poll-book, or other configurations. Treat it as source-linked context, not proof every precinct in a county used one identical setup, and not a turnout or vote-result source."
ND,2024,ND-043,Kidder County,county,ES&S,ES&S ExpressVote +,Optical Scan,county_context,hand_marked_paper,"Hand marked paper ballots, BMDs for accessibility",Ballot Marking Devices for all voters,Batch-Fed Optical Scanners,Commercial Electronic Poll Book,Optical Scan,1895,6,1,county,true,"Verifier row is a county-level summary. polling-place system reports multiple values: Hand marked paper ballots, BMDs for accessibility; accessible voting system differs from standard polling-place system; absentee system differs from standard polling-place system. Do not infer every precinct or ballot mode used one identical setup.","polling-place system reports multiple values: Hand marked paper ballots, BMDs for accessibility | accessible voting system differs from standard polling-place system | absentee system differs from standard polling-place system",verified-voting-verifier-nd-2024-equipment,https://verifiedvoting.org/verifier/#mode/navigate/map/voteEquip/mapType/ppEquip/year/2024/state/38,"Verified Voting Verifier data is jurisdiction-level election-administration context. Most rows are counties, but some states report state-level rows and some county rows can summarize mixed tabulation, accessible-device, absentee, poll-book, or other configurations. Treat it as source-linked context, not proof every precinct in a county used one identical setup, and not a turnout or vote-result source."
ND,2024,ND-045,LaMoure County,county,ES&S,ES&S ExpressVote +,Optical Scan,county_context,hand_marked_paper,"Hand marked paper ballots, BMDs for accessibility",Ballot Marking Devices for all voters,Batch-Fed Optical Scanners,Commercial Electronic Poll Book,Optical Scan,3240,4,2,county,true,"Verifier row is a county-level summary. polling-place system reports multiple values: Hand marked paper ballots, BMDs for accessibility; accessible voting system differs from standard polling-place system; absentee system differs from standard polling-place system. Do not infer every precinct or ballot mode used one identical setup.","polling-place system reports multiple values: Hand marked paper ballots, BMDs for accessibility | accessible voting system differs from standard polling-place system | absentee system differs from standard polling-place system",verified-voting-verifier-nd-2024-equipment,https://verifiedvoting.org/verifier/#mode/navigate/map/voteEquip/mapType/ppEquip/year/2024/state/38,"Verified Voting Verifier data is jurisdiction-level election-administration context. Most rows are counties, but some states report state-level rows and some county rows can summarize mixed tabulation, accessible-device, absentee, poll-book, or other configurations. Treat it as source-linked context, not proof every precinct in a county used one identical setup, and not a turnout or vote-result source."
ND,2024,ND-047,Logan County,county,ES&S,ES&S ExpressVote +,Optical Scan,county_context,hand_marked_paper,"Hand marked paper ballots, BMDs for accessibility",Ballot Marking Devices for all voters,Batch-Fed Optical Scanners,Commercial Electronic Poll Book,Optical Scan,1405,5,1,county,true,"Verifier row is a county-level summary. polling-place system reports multiple values: Hand marked paper ballots, BMDs for accessibility; accessible voting system differs from standard polling-place system; absentee system differs from standard polling-place system. Do not infer every precinct or ballot mode used one identical setup.","polling-place system reports multiple values: Hand marked paper ballots, BMDs for accessibility | accessible voting system differs from standard polling-place system | absentee system differs from standard polling-place system",verified-voting-verifier-nd-2024-equipment,https://verifiedvoting.org/verifier/#mode/navigate/map/voteEquip/mapType/ppEquip/year/2024/state/38,"Verified Voting Verifier data is jurisdiction-level election-administration context. Most rows are counties, but some states report state-level rows and some county rows can summarize mixed tabulation, accessible-device, absentee, poll-book, or other configurations. Treat it as source-linked context, not proof every precinct in a county used one identical setup, and not a turnout or vote-result source."
ND,2024,ND-049,McHenry County,county,ES&S,ES&S ExpressVote +,Optical Scan,county_context,hand_marked_paper,"Hand marked paper ballots, BMDs for accessibility",Ballot Marking Devices for all voters,Batch-Fed Optical Scanners,Commercial Electronic Poll Book,Optical Scan,4415,8,1,county,true,"Verifier row is a county-level summary. polling-place system reports multiple values: Hand marked paper ballots, BMDs for accessibility; accessible voting system differs from standard polling-place system; absentee system differs from standard polling-place system. Do not infer every precinct or ballot mode used one identical setup.","polling-place system reports multiple values: Hand marked paper ballots, BMDs for accessibility | accessible voting system differs from standard polling-place system | absentee system differs from standard polling-place system",verified-voting-verifier-nd-2024-equipment,https://verifiedvoting.org/verifier/#mode/navigate/map/voteEquip/mapType/ppEquip/year/2024/state/38,"Verified Voting Verifier data is jurisdiction-level election-administration context. Most rows are counties, but some states report state-level rows and some county rows can summarize mixed tabulation, accessible-device, absentee, poll-book, or other configurations. Treat it as source-linked context, not proof every precinct in a county used one identical setup, and not a turnout or vote-result source."
ND,2024,ND-051,McIntosh County,county,ES&S,ES&S ExpressVote +,Optical Scan,county_context,hand_marked_paper,"Hand marked paper ballots, BMDs for accessibility",Ballot Marking Devices for all voters,Batch-Fed Optical Scanners,Commercial Electronic Poll Book,Optical Scan,2065,6,2,county,true,"Verifier row is a county-level summary. polling-place system reports multiple values: Hand marked paper ballots, BMDs for accessibility; accessible voting system differs from standard polling-place system; absentee system differs from standard polling-place system. Do not infer every precinct or ballot mode used one identical setup.","polling-place system reports multiple values: Hand marked paper ballots, BMDs for accessibility | accessible voting system differs from standard polling-place system | absentee system differs from standard polling-place system",verified-voting-verifier-nd-2024-equipment,https://verifiedvoting.org/verifier/#mode/navigate/map/voteEquip/mapType/ppEquip/year/2024/state/38,"Verified Voting Verifier data is jurisdiction-level election-administration context. Most rows are counties, but some states report state-level rows and some county rows can summarize mixed tabulation, accessible-device, absentee, poll-book, or other configurations. Treat it as source-linked context, not proof every precinct in a county used one identical setup, and not a turnout or vote-result source."
ND,2024,ND-053,McKenzie County,county,ES&S,ES&S ExpressVote +,Optical Scan,county_context,hand_marked_paper,"Hand marked paper ballots, BMDs for accessibility",Ballot Marking Devices for all voters,Batch-Fed Optical Scanners,Commercial Electronic Poll Book,Optical Scan,9360,11,3,county,true,"Verifier row is a county-level summary. polling-place system reports multiple values: Hand marked paper ballots, BMDs for accessibility; accessible voting system differs from standard polling-place system; absentee system differs from standard polling-place system. Do not infer every precinct or ballot mode used one identical setup.","polling-place system reports multiple values: Hand marked paper ballots, BMDs for accessibility | accessible voting system differs from standard polling-place system | absentee system differs from standard polling-place system",verified-voting-verifier-nd-2024-equipment,https://verifiedvoting.org/verifier/#mode/navigate/map/voteEquip/mapType/ppEquip/year/2024/state/38,"Verified Voting Verifier data is jurisdiction-level election-administration context. Most rows are counties, but some states report state-level rows and some county rows can summarize mixed tabulation, accessible-device, absentee, poll-book, or other configurations. Treat it as source-linked context, not proof every precinct in a county used one identical setup, and not a turnout or vote-result source."
ND,2024,ND-055,McLean County,county,ES&S,ES&S ExpressVote +,Optical Scan,county_context,hand_marked_paper,"Hand marked paper ballots, BMDs for accessibility",Ballot Marking Devices for all voters,Batch-Fed Optical Scanners,Commercial Electronic Poll Book,Optical Scan,7370,6,4,county,true,"Verifier row is a county-level summary. polling-place system reports multiple values: Hand marked paper ballots, BMDs for accessibility; accessible voting system differs from standard polling-place system; absentee system differs from standard polling-place system. Do not infer every precinct or ballot mode used one identical setup.","polling-place system reports multiple values: Hand marked paper ballots, BMDs for accessibility | accessible voting system differs from standard polling-place system | absentee system differs from standard polling-place system",verified-voting-verifier-nd-2024-equipment,https://verifiedvoting.org/verifier/#mode/navigate/map/voteEquip/mapType/ppEquip/year/2024/state/38,"Verified Voting Verifier data is jurisdiction-level election-administration context. Most rows are counties, but some states report state-level rows and some county rows can summarize mixed tabulation, accessible-device, absentee, poll-book, or other configurations. Treat it as source-linked context, not proof every precinct in a county used one identical setup, and not a turnout or vote-result source."
ND,2024,ND-057,Mercer County,county,ES&S,ES&S ExpressVote +,Optical Scan,county_context,hand_marked_paper,"Hand marked paper ballots, BMDs for accessibility",Ballot Marking Devices for all voters,Batch-Fed Optical Scanners,Commercial Electronic Poll Book,Optical Scan,6420,14,1,county,true,"Verifier row is a county-level summary. polling-place system reports multiple values: Hand marked paper ballots, BMDs for accessibility; accessible voting system differs from standard polling-place system; absentee system differs from standard polling-place system. Do not infer every precinct or ballot mode used one identical setup.","polling-place system reports multiple values: Hand marked paper ballots, BMDs for accessibility | accessible voting system differs from standard polling-place system | absentee system differs from standard polling-place system",verified-voting-verifier-nd-2024-equipment,https://verifiedvoting.org/verifier/#mode/navigate/map/voteEquip/mapType/ppEquip/year/2024/state/38,"Verified Voting Verifier data is jurisdiction-level election-administration context. Most rows are counties, but some states report state-level rows and some county rows can summarize mixed tabulation, accessible-device, absentee, poll-book, or other configurations. Treat it as source-linked context, not proof every precinct in a county used one identical setup, and not a turnout or vote-result source."
ND,2024,ND-059,Morton County,county,ES&S,ES&S ExpressVote +,Optical Scan,county_context,hand_marked_paper,"Hand marked paper ballots, BMDs for accessibility",Ballot Marking Devices for all voters,Batch-Fed Optical Scanners,Commercial Electronic Poll Book,Optical Scan,23860,17,12,county,true,"Verifier row is a county-level summary. polling-place system reports multiple values: Hand marked paper ballots, BMDs for accessibility; accessible voting system differs from standard polling-place system; absentee system differs from standard polling-place system. Do not infer every precinct or ballot mode used one identical setup.","polling-place system reports multiple values: Hand marked paper ballots, BMDs for accessibility | accessible voting system differs from standard polling-place system | absentee system differs from standard polling-place system",verified-voting-verifier-nd-2024-equipment,https://verifiedvoting.org/verifier/#mode/navigate/map/voteEquip/mapType/ppEquip/year/2024/state/38,"Verified Voting Verifier data is jurisdiction-level election-administration context. Most rows are counties, but some states report state-level rows and some county rows can summarize mixed tabulation, accessible-device, absentee, poll-book, or other configurations. Treat it as source-linked context, not proof every precinct in a county used one identical setup, and not a turnout or vote-result source."
ND,2024,ND-061,Mountrail County,county,ES&S,ES&S ExpressVote +,Optical Scan,county_context,hand_marked_paper,"Hand marked paper ballots, BMDs for accessibility",Ballot Marking Devices for all voters,Batch-Fed Optical Scanners,Commercial Electronic Poll Book,Optical Scan,7325,6,7,county,true,"Verifier row is a county-level summary. polling-place system reports multiple values: Hand marked paper ballots, BMDs for accessibility; accessible voting system differs from standard polling-place system; absentee system differs from standard polling-place system. Do not infer every precinct or ballot mode used one identical setup.","polling-place system reports multiple values: Hand marked paper ballots, BMDs for accessibility | accessible voting system differs from standard polling-place system | absentee system differs from standard polling-place system",verified-voting-verifier-nd-2024-equipment,https://verifiedvoting.org/verifier/#mode/navigate/map/voteEquip/mapType/ppEquip/year/2024/state/38,"Verified Voting Verifier data is jurisdiction-level election-administration context. Most rows are counties, but some states report state-level rows and some county rows can summarize mixed tabulation, accessible-device, absentee, poll-book, or other configurations. Treat it as source-linked context, not proof every precinct in a county used one identical setup, and not a turnout or vote-result source."
ND,2024,ND-063,Nelson County,county,ES&S,ES&S ExpressVote +,Optical Scan,county_context,hand_marked_paper,"Hand marked paper ballots, BMDs for accessibility",Ballot Marking Devices for all voters,Batch-Fed Optical Scanners,Commercial Electronic Poll Book,Optical Scan,2255,2,1,county,true,"Verifier row is a county-level summary. polling-place system reports multiple values: Hand marked paper ballots, BMDs for accessibility; accessible voting system differs from standard polling-place system; absentee system differs from standard polling-place system. Do not infer every precinct or ballot mode used one identical setup.","polling-place system reports multiple values: Hand marked paper ballots, BMDs for accessibility | accessible voting system differs from standard polling-place system | absentee system differs from standard polling-place system",verified-voting-verifier-nd-2024-equipment,https://verifiedvoting.org/verifier/#mode/navigate/map/voteEquip/mapType/ppEquip/year/2024/state/38,"Verified Voting Verifier data is jurisdiction-level election-administration context. Most rows are counties, but some states report state-level rows and some county rows can summarize mixed tabulation, accessible-device, absentee, poll-book, or other configurations. Treat it as source-linked context, not proof every precinct in a county used one identical setup, and not a turnout or vote-result source."
ND,2024,ND-065,Oliver County,county,ES&S,ES&S ExpressVote +,Optical Scan,county_context,hand_marked_paper,"Hand marked paper ballots, BMDs for accessibility",Ballot Marking Devices for all voters,Batch-Fed Optical Scanners,Commercial Electronic Poll Book,Optical Scan,1465,1,1,county,true,"Verifier row is a county-level summary. polling-place system reports multiple values: Hand marked paper ballots, BMDs for accessibility; accessible voting system differs from standard polling-place system; absentee system differs from standard polling-place system. Do not infer every precinct or ballot mode used one identical setup.","polling-place system reports multiple values: Hand marked paper ballots, BMDs for accessibility | accessible voting system differs from standard polling-place system | absentee system differs from standard polling-place system",verified-voting-verifier-nd-2024-equipment,https://verifiedvoting.org/verifier/#mode/navigate/map/voteEquip/mapType/ppEquip/year/2024/state/38,"Verified Voting Verifier data is jurisdiction-level election-administration context. Most rows are counties, but some states report state-level rows and some county rows can summarize mixed tabulation, accessible-device, absentee, poll-book, or other configurations. Treat it as source-linked context, not proof every precinct in a county used one identical setup, and not a turnout or vote-result source."
ND,2024,ND-067,Pembina County,county,ES&S,ES&S ExpressVote +,Optical Scan,county_context,hand_marked_paper,"Hand marked paper ballots, BMDs for accessibility",Ballot Marking Devices for all voters,Batch-Fed Optical Scanners,Commercial Electronic Poll Book,Optical Scan,5310,6,1,county,true,"Verifier row is a county-level summary. polling-place system reports multiple values: Hand marked paper ballots, BMDs for accessibility; accessible voting system differs from standard polling-place system; absentee system differs from standard polling-place system. Do not infer every precinct or ballot mode used one identical setup.","polling-place system reports multiple values: Hand marked paper ballots, BMDs for accessibility | accessible voting system differs from standard polling-place system | absentee system differs from standard polling-place system",verified-voting-verifier-nd-2024-equipment,https://verifiedvoting.org/verifier/#mode/navigate/map/voteEquip/mapType/ppEquip/year/2024/state/38,"Verified Voting Verifier data is jurisdiction-level election-administration context. Most rows are counties, but some states report state-level rows and some county rows can summarize mixed tabulation, accessible-device, absentee, poll-book, or other configurations. Treat it as source-linked context, not proof every precinct in a county used one identical setup, and not a turnout or vote-result source."
ND,2024,ND-069,Pierce County,county,ES&S,ES&S ExpressVote +,Optical Scan,county_context,hand_marked_paper,"Hand marked paper ballots, BMDs for accessibility",Ballot Marking Devices for all voters,Batch-Fed Optical Scanners,Commercial Electronic Poll Book,Optical Scan,3140,9,1,county,true,"Verifier row is a county-level summary. polling-place system reports multiple values: Hand marked paper ballots, BMDs for accessibility; accessible voting system differs from standard polling-place system; absentee system differs from standard polling-place system. Do not infer every precinct or ballot mode used one identical setup.","polling-place system reports multiple values: Hand marked paper ballots, BMDs for accessibility | accessible voting system differs from standard polling-place system | absentee system differs from standard polling-place system",verified-voting-verifier-nd-2024-equipment,https://verifiedvoting.org/verifier/#mode/navigate/map/voteEquip/mapType/ppEquip/year/2024/state/38,"Verified Voting Verifier data is jurisdiction-level election-administration context. Most rows are counties, but some states report state-level rows and some county rows can summarize mixed tabulation, accessible-device, absentee, poll-book, or other configurations. Treat it as source-linked context, not proof every precinct in a county used one identical setup, and not a turnout or vote-result source."
ND,2024,ND-071,Ramsey County,county,ES&S,ES&S ExpressVote +,Optical Scan,county_context,hand_marked_paper,"Hand marked paper ballots, BMDs for accessibility",Ballot Marking Devices for all voters,Batch-Fed Optical Scanners,Commercial Electronic Poll Book,Optical Scan,8690,5,1,county,true,"Verifier row is a county-level summary. polling-place system reports multiple values: Hand marked paper ballots, BMDs for accessibility; accessible voting system differs from standard polling-place system; absentee system differs from standard polling-place system. Do not infer every precinct or ballot mode used one identical setup.","polling-place system reports multiple values: Hand marked paper ballots, BMDs for accessibility | accessible voting system differs from standard polling-place system | absentee system differs from standard polling-place system",verified-voting-verifier-nd-2024-equipment,https://verifiedvoting.org/verifier/#mode/navigate/map/voteEquip/mapType/ppEquip/year/2024/state/38,"Verified Voting Verifier data is jurisdiction-level election-administration context. Most rows are counties, but some states report state-level rows and some county rows can summarize mixed tabulation, accessible-device, absentee, poll-book, or other configurations. Treat it as source-linked context, not proof every precinct in a county used one identical setup, and not a turnout or vote-result source."
ND,2024,ND-073,Ransom County,county,ES&S,ES&S ExpressVote +,Optical Scan,county_context,hand_marked_paper,"Hand marked paper ballots, BMDs for accessibility",Ballot Marking Devices for all voters,Batch-Fed Optical Scanners,Commercial Electronic Poll Book,Optical Scan,3985,1,2,county,true,"Verifier row is a county-level summary. polling-place system reports multiple values: Hand marked paper ballots, BMDs for accessibility; accessible voting system differs from standard polling-place system; absentee system differs from standard polling-place system. Do not infer every precinct or ballot mode used one identical setup.","polling-place system reports multiple values: Hand marked paper ballots, BMDs for accessibility | accessible voting system differs from standard polling-place system | absentee system differs from standard polling-place system",verified-voting-verifier-nd-2024-equipment,https://verifiedvoting.org/verifier/#mode/navigate/map/voteEquip/mapType/ppEquip/year/2024/state/38,"Verified Voting Verifier data is jurisdiction-level election-administration context. Most rows are counties, but some states report state-level rows and some county rows can summarize mixed tabulation, accessible-device, absentee, poll-book, or other configurations. Treat it as source-linked context, not proof every precinct in a county used one identical setup, and not a turnout or vote-result source."
ND,2024,ND-075,Renville County,county,ES&S,ES&S ExpressVote +,Optical Scan,county_context,hand_marked_paper,"Hand marked paper ballots, BMDs for accessibility",Ballot Marking Devices for all voters,Batch-Fed Optical Scanners,Commercial Electronic Poll Book,Optical Scan,1800,5,1,county,true,"Verifier row is a county-level summary. polling-place system reports multiple values: Hand marked paper ballots, BMDs for accessibility; accessible voting system differs from standard polling-place system; absentee system differs from standard polling-place system. Do not infer every precinct or ballot mode used one identical setup.","polling-place system reports multiple values: Hand marked paper ballots, BMDs for accessibility | accessible voting system differs from standard polling-place system | absentee system differs from standard polling-place system",verified-voting-verifier-nd-2024-equipment,https://verifiedvoting.org/verifier/#mode/navigate/map/voteEquip/mapType/ppEquip/year/2024/state/38,"Verified Voting Verifier data is jurisdiction-level election-administration context. Most rows are counties, but some states report state-level rows and some county rows can summarize mixed tabulation, accessible-device, absentee, poll-book, or other configurations. Treat it as source-linked context, not proof every precinct in a county used one identical setup, and not a turnout or vote-result source."
ND,2024,ND-077,Richland County,county,ES&S,ES&S ExpressVote +,Optical Scan,county_context,hand_marked_paper,"Hand marked paper ballots, BMDs for accessibility",Ballot Marking Devices for all voters,Batch-Fed Optical Scanners,Commercial Electronic Poll Book,Optical Scan,12645,13,7,county,true,"Verifier row is a county-level summary. polling-place system reports multiple values: Hand marked paper ballots, BMDs for accessibility; accessible voting system differs from standard polling-place system; absentee system differs from standard polling-place system. Do not infer every precinct or ballot mode used one identical setup.","polling-place system reports multiple values: Hand marked paper ballots, BMDs for accessibility | accessible voting system differs from standard polling-place system | absentee system differs from standard polling-place system",verified-voting-verifier-nd-2024-equipment,https://verifiedvoting.org/verifier/#mode/navigate/map/voteEquip/mapType/ppEquip/year/2024/state/38,"Verified Voting Verifier data is jurisdiction-level election-administration context. Most rows are counties, but some states report state-level rows and some county rows can summarize mixed tabulation, accessible-device, absentee, poll-book, or other configurations. Treat it as source-linked context, not proof every precinct in a county used one identical setup, and not a turnout or vote-result source."
ND,2024,ND-079,Rolette County,county,ES&S,ES&S ExpressVote +,Optical Scan,county_context,hand_marked_paper,"Hand marked paper ballots, BMDs for accessibility",Ballot Marking Devices for all voters,Batch-Fed Optical Scanners,Commercial Electronic Poll Book,Optical Scan,9500,5,5,county,true,"Verifier row is a county-level summary. polling-place system reports multiple values: Hand marked paper ballots, BMDs for accessibility; accessible voting system differs from standard polling-place system; absentee system differs from standard polling-place system. Do not infer every precinct or ballot mode used one identical setup.","polling-place system reports multiple values: Hand marked paper ballots, BMDs for accessibility | accessible voting system differs from standard polling-place system | absentee system differs from standard polling-place system",verified-voting-verifier-nd-2024-equipment,https://verifiedvoting.org/verifier/#mode/navigate/map/voteEquip/mapType/ppEquip/year/2024/state/38,"Verified Voting Verifier data is jurisdiction-level election-administration context. Most rows are counties, but some states report state-level rows and some county rows can summarize mixed tabulation, accessible-device, absentee, poll-book, or other configurations. Treat it as source-linked context, not proof every precinct in a county used one identical setup, and not a turnout or vote-result source."
ND,2024,ND-081,Sargent County,county,ES&S,ES&S ExpressVote +,Optical Scan,county_context,hand_marked_paper,"Hand marked paper ballots, BMDs for accessibility",Ballot Marking Devices for all voters,Batch-Fed Optical Scanners,Commercial Electronic Poll Book,Optical Scan,3100,2,1,county,true,"Verifier row is a county-level summary. polling-place system reports multiple values: Hand marked paper ballots, BMDs for accessibility; accessible voting system differs from standard polling-place system; absentee system differs from standard polling-place system. Do not infer every precinct or ballot mode used one identical setup.","polling-place system reports multiple values: Hand marked paper ballots, BMDs for accessibility | accessible voting system differs from standard polling-place system | absentee system differs from standard polling-place system",verified-voting-verifier-nd-2024-equipment,https://verifiedvoting.org/verifier/#mode/navigate/map/voteEquip/mapType/ppEquip/year/2024/state/38,"Verified Voting Verifier data is jurisdiction-level election-administration context. Most rows are counties, but some states report state-level rows and some county rows can summarize mixed tabulation, accessible-device, absentee, poll-book, or other configurations. Treat it as source-linked context, not proof every precinct in a county used one identical setup, and not a turnout or vote-result source."
ND,2024,ND-083,Sheridan County,county,ES&S,ES&S ExpressVote +,Optical Scan,county_context,hand_marked_paper,"Hand marked paper ballots, BMDs for accessibility",Ballot Marking Devices for all voters,Batch-Fed Optical Scanners,Commercial Electronic Poll Book,Optical Scan,1080,1,1,county,true,"Verifier row is a county-level summary. polling-place system reports multiple values: Hand marked paper ballots, BMDs for accessibility; accessible voting system differs from standard polling-place system; absentee system differs from standard polling-place system. Do not infer every precinct or ballot mode used one identical setup.","polling-place system reports multiple values: Hand marked paper ballots, BMDs for accessibility | accessible voting system differs from standard polling-place system | absentee system differs from standard polling-place system",verified-voting-verifier-nd-2024-equipment,https://verifiedvoting.org/verifier/#mode/navigate/map/voteEquip/mapType/ppEquip/year/2024/state/38,"Verified Voting Verifier data is jurisdiction-level election-administration context. Most rows are counties, but some states report state-level rows and some county rows can summarize mixed tabulation, accessible-device, absentee, poll-book, or other configurations. Treat it as source-linked context, not proof every precinct in a county used one identical setup, and not a turnout or vote-result source."
ND,2024,ND-085,Sioux County,county,ES&S,ES&S ExpressVote +,Optical Scan,county_context,hand_marked_paper,"Hand marked paper ballots, BMDs for accessibility",Ballot Marking Devices for all voters,Batch-Fed Optical Scanners,Commercial Electronic Poll Book,Optical Scan,2825,3,1,county,true,"Verifier row is a county-level summary. polling-place system reports multiple values: Hand marked paper ballots, BMDs for accessibility; accessible voting system differs from standard polling-place system; absentee system differs from standard polling-place system. Do not infer every precinct or ballot mode used one identical setup.","polling-place system reports multiple values: Hand marked paper ballots, BMDs for accessibility | accessible voting system differs from standard polling-place system | absentee system differs from standard polling-place system",verified-voting-verifier-nd-2024-equipment,https://verifiedvoting.org/verifier/#mode/navigate/map/voteEquip/mapType/ppEquip/year/2024/state/38,"Verified Voting Verifier data is jurisdiction-level election-administration context. Most rows are counties, but some states report state-level rows and some county rows can summarize mixed tabulation, accessible-device, absentee, poll-book, or other configurations. Treat it as source-linked context, not proof every precinct in a county used one identical setup, and not a turnout or vote-result source."
ND,2024,ND-087,Slope County,county,ES&S,ES&S ExpressVote +,Optical Scan,county_context,hand_marked_paper,"Hand marked paper ballots, BMDs for accessibility",Ballot Marking Devices for all voters,Batch-Fed Optical Scanners,Commercial Electronic Poll Book,Optical Scan,610,3,3,county,true,"Verifier row is a county-level summary. polling-place system reports multiple values: Hand marked paper ballots, BMDs for accessibility; accessible voting system differs from standard polling-place system; absentee system differs from standard polling-place system. Do not infer every precinct or ballot mode used one identical setup.","polling-place system reports multiple values: Hand marked paper ballots, BMDs for accessibility | accessible voting system differs from standard polling-place system | absentee system differs from standard polling-place system",verified-voting-verifier-nd-2024-equipment,https://verifiedvoting.org/verifier/#mode/navigate/map/voteEquip/mapType/ppEquip/year/2024/state/38,"Verified Voting Verifier data is jurisdiction-level election-administration context. Most rows are counties, but some states report state-level rows and some county rows can summarize mixed tabulation, accessible-device, absentee, poll-book, or other configurations. Treat it as source-linked context, not proof every precinct in a county used one identical setup, and not a turnout or vote-result source."
ND,2024,ND-089,Stark County,county,ES&S,ES&S ExpressVote +,Optical Scan,county_context,hand_marked_paper,"Hand marked paper ballots, BMDs for accessibility",Ballot Marking Devices for all voters,Batch-Fed Optical Scanners,Commercial Electronic Poll Book,Optical Scan,22365,8,5,county,true,"Verifier row is a county-level summary. polling-place system reports multiple values: Hand marked paper ballots, BMDs for accessibility; accessible voting system differs from standard polling-place system; absentee system differs from standard polling-place system. Do not infer every precinct or ballot mode used one identical setup.","polling-place system reports multiple values: Hand marked paper ballots, BMDs for accessibility | accessible voting system differs from standard polling-place system | absentee system differs from standard polling-place system",verified-voting-verifier-nd-2024-equipment,https://verifiedvoting.org/verifier/#mode/navigate/map/voteEquip/mapType/ppEquip/year/2024/state/38,"Verified Voting Verifier data is jurisdiction-level election-administration context. Most rows are counties, but some states report state-level rows and some county rows can summarize mixed tabulation, accessible-device, absentee, poll-book, or other configurations. Treat it as source-linked context, not proof every precinct in a county used one identical setup, and not a turnout or vote-result source."
ND,2024,ND-091,Steele County,county,ES&S,ES&S ExpressVote +,Optical Scan,county_context,hand_marked_paper,"Hand marked paper ballots, BMDs for accessibility",Ballot Marking Devices for all voters,Batch-Fed Optical Scanners,Commercial Electronic Poll Book,Optical Scan,1410,5,1,county,true,"Verifier row is a county-level summary. polling-place system reports multiple values: Hand marked paper ballots, BMDs for accessibility; accessible voting system differs from standard polling-place system; absentee system differs from standard polling-place system. Do not infer every precinct or ballot mode used one identical setup.","polling-place system reports multiple values: Hand marked paper ballots, BMDs for accessibility | accessible voting system differs from standard polling-place system | absentee system differs from standard polling-place system",verified-voting-verifier-nd-2024-equipment,https://verifiedvoting.org/verifier/#mode/navigate/map/voteEquip/mapType/ppEquip/year/2024/state/38,"Verified Voting Verifier data is jurisdiction-level election-administration context. Most rows are counties, but some states report state-level rows and some county rows can summarize mixed tabulation, accessible-device, absentee, poll-book, or other configurations. Treat it as source-linked context, not proof every precinct in a county used one identical setup, and not a turnout or vote-result source."
ND,2024,ND-093,Stutsman County,county,ES&S,ES&S ExpressVote +,Optical Scan,county_context,hand_marked_paper,"Hand marked paper ballots, BMDs for accessibility",Ballot Marking Devices for all voters,Batch-Fed Optical Scanners,Commercial Electronic Poll Book,Optical Scan,16425,9,2,county,true,"Verifier row is a county-level summary. polling-place system reports multiple values: Hand marked paper ballots, BMDs for accessibility; accessible voting system differs from standard polling-place system; absentee system differs from standard polling-place system. Do not infer every precinct or ballot mode used one identical setup.","polling-place system reports multiple values: Hand marked paper ballots, BMDs for accessibility | accessible voting system differs from standard polling-place system | absentee system differs from standard polling-place system",verified-voting-verifier-nd-2024-equipment,https://verifiedvoting.org/verifier/#mode/navigate/map/voteEquip/mapType/ppEquip/year/2024/state/38,"Verified Voting Verifier data is jurisdiction-level election-administration context. Most rows are counties, but some states report state-level rows and some county rows can summarize mixed tabulation, accessible-device, absentee, poll-book, or other configurations. Treat it as source-linked context, not proof every precinct in a county used one identical setup, and not a turnout or vote-result source."
ND,2024,ND-095,Towner County,county,ES&S,ES&S ExpressVote +,Optical Scan,county_context,hand_marked_paper,"Hand marked paper ballots, BMDs for accessibility",Ballot Marking Devices for all voters,Batch-Fed Optical Scanners,Commercial Electronic Poll Book,Optical Scan,1650,3,1,county,true,"Verifier row is a county-level summary. polling-place system reports multiple values: Hand marked paper ballots, BMDs for accessibility; accessible voting system differs from standard polling-place system; absentee system differs from standard polling-place system. Do not infer every precinct or ballot mode used one identical setup.","polling-place system reports multiple values: Hand marked paper ballots, BMDs for accessibility | accessible voting system differs from standard polling-place system | absentee system differs from standard polling-place system",verified-voting-verifier-nd-2024-equipment,https://verifiedvoting.org/verifier/#mode/navigate/map/voteEquip/mapType/ppEquip/year/2024/state/38,"Verified Voting Verifier data is jurisdiction-level election-administration context. Most rows are counties, but some states report state-level rows and some county rows can summarize mixed tabulation, accessible-device, absentee, poll-book, or other configurations. Treat it as source-linked context, not proof every precinct in a county used one identical setup, and not a turnout or vote-result source."
ND,2024,ND-097,Traill County,county,ES&S,ES&S ExpressVote +,Optical Scan,county_context,hand_marked_paper,"Hand marked paper ballots, BMDs for accessibility",Ballot Marking Devices for all voters,Batch-Fed Optical Scanners,Commercial Electronic Poll Book,Optical Scan,6120,12,1,county,true,"Verifier row is a county-level summary. polling-place system reports multiple values: Hand marked paper ballots, BMDs for accessibility; accessible voting system differs from standard polling-place system; absentee system differs from standard polling-place system. Do not infer every precinct or ballot mode used one identical setup.","polling-place system reports multiple values: Hand marked paper ballots, BMDs for accessibility | accessible voting system differs from standard polling-place system | absentee system differs from standard polling-place system",verified-voting-verifier-nd-2024-equipment,https://verifiedvoting.org/verifier/#mode/navigate/map/voteEquip/mapType/ppEquip/year/2024/state/38,"Verified Voting Verifier data is jurisdiction-level election-administration context. Most rows are counties, but some states report state-level rows and some county rows can summarize mixed tabulation, accessible-device, absentee, poll-book, or other configurations. Treat it as source-linked context, not proof every precinct in a county used one identical setup, and not a turnout or vote-result source."
ND,2024,ND-099,Walsh County,county,ES&S,ES&S ExpressVote +,Optical Scan,county_context,hand_marked_paper,"Hand marked paper ballots, BMDs for accessibility",Ballot Marking Devices for all voters,Batch-Fed Optical Scanners,Commercial Electronic Poll Book,Optical Scan,7965,2,1,county,true,"Verifier row is a county-level summary. polling-place system reports multiple values: Hand marked paper ballots, BMDs for accessibility; accessible voting system differs from standard polling-place system; absentee system differs from standard polling-place system. Do not infer every precinct or ballot mode used one identical setup.","polling-place system reports multiple values: Hand marked paper ballots, BMDs for accessibility | accessible voting system differs from standard polling-place system | absentee system differs from standard polling-place system",verified-voting-verifier-nd-2024-equipment,https://verifiedvoting.org/verifier/#mode/navigate/map/voteEquip/mapType/ppEquip/year/2024/state/38,"Verified Voting Verifier data is jurisdiction-level election-administration context. Most rows are counties, but some states report state-level rows and some county rows can summarize mixed tabulation, accessible-device, absentee, poll-book, or other configurations. Treat it as source-linked context, not proof every precinct in a county used one identical setup, and not a turnout or vote-result source."
ND,2024,ND-101,Ward County,county,ES&S,ES&S ExpressVote +,Optical Scan,county_context,hand_marked_paper,"Hand marked paper ballots, BMDs for accessibility",Ballot Marking Devices for all voters,Batch-Fed Optical Scanners,Commercial Electronic Poll Book,Optical Scan,50925,16,9,county,true,"Verifier row is a county-level summary. polling-place system reports multiple values: Hand marked paper ballots, BMDs for accessibility; accessible voting system differs from standard polling-place system; absentee system differs from standard polling-place system. Do not infer every precinct or ballot mode used one identical setup.","polling-place system reports multiple values: Hand marked paper ballots, BMDs for accessibility | accessible voting system differs from standard polling-place system | absentee system differs from standard polling-place system",verified-voting-verifier-nd-2024-equipment,https://verifiedvoting.org/verifier/#mode/navigate/map/voteEquip/mapType/ppEquip/year/2024/state/38,"Verified Voting Verifier data is jurisdiction-level election-administration context. Most rows are counties, but some states report state-level rows and some county rows can summarize mixed tabulation, accessible-device, absentee, poll-book, or other configurations. Treat it as source-linked context, not proof every precinct in a county used one identical setup, and not a turnout or vote-result source."
ND,2024,ND-103,Wells County,county,ES&S,ES&S ExpressVote +,Optical Scan,county_context,hand_marked_paper,"Hand marked paper ballots, BMDs for accessibility",Ballot Marking Devices for all voters,Batch-Fed Optical Scanners,Commercial Electronic Poll Book,Optical Scan,3095,1,3,county,true,"Verifier row is a county-level summary. polling-place system reports multiple values: Hand marked paper ballots, BMDs for accessibility; accessible voting system differs from standard polling-place system; absentee system differs from standard polling-place system. Do not infer every precinct or ballot mode used one identical setup.","polling-place system reports multiple values: Hand marked paper ballots, BMDs for accessibility | accessible voting system differs from standard polling-place system | absentee system differs from standard polling-place system",verified-voting-verifier-nd-2024-equipment,https://verifiedvoting.org/verifier/#mode/navigate/map/voteEquip/mapType/ppEquip/year/2024/state/38,"Verified Voting Verifier data is jurisdiction-level election-administration context. Most rows are counties, but some states report state-level rows and some county rows can summarize mixed tabulation, accessible-device, absentee, poll-book, or other configurations. Treat it as source-linked context, not proof every precinct in a county used one identical setup, and not a turnout or vote-result source."
ND,2024,ND-105,Williams County,county,ES&S,ES&S ExpressVote +,Optical Scan,county_context,hand_marked_paper,"Hand marked paper ballots, BMDs for accessibility",Ballot Marking Devices for all voters,Batch-Fed Optical Scanners,Commercial Electronic Poll Book,Optical Scan,24295,24,6,county,true,"Verifier row is a county-level summary. polling-place system reports multiple values: Hand marked paper ballots, BMDs for accessibility; accessible voting system differs from standard polling-place system; absentee system differs from standard polling-place system. Do not infer every precinct or ballot mode used one identical setup.","polling-place system reports multiple values: Hand marked paper ballots, BMDs for accessibility | accessible voting system differs from standard polling-place system | absentee system differs from standard polling-place system",verified-voting-verifier-nd-2024-equipment,https://verifiedvoting.org/verifier/#mode/navigate/map/voteEquip/mapType/ppEquip/year/2024/state/38,"Verified Voting Verifier data is jurisdiction-level election-administration context. Most rows are counties, but some states report state-level rows and some county rows can summarize mixed tabulation, accessible-device, absentee, poll-book, or other configurations. Treat it as source-linked context, not proof every precinct in a county used one identical setup, and not a turnout or vote-result source."
