state,election_year,county,local_unit,precinct_code,pres_harris,pres_trump,pres_other,pres_total,comparison_dem,comparison_rep,comparison_other,comparison_total,source_url
ND,2024,Adams,013901,003901,215,962,24,1201,259,933,5,1197,https://results.sos.nd.gov/ResultsSW.aspx?text=Race&type=SW&map=CTY
ND,2024,Barnes,022401,002401,157,206,17,380,156,222,0,378,https://results.sos.nd.gov/ResultsSW.aspx?text=Race&type=SW&map=CTY
ND,2024,Barnes,022402,002402,280,406,24,710,308,392,3,703,https://results.sos.nd.gov/ResultsSW.aspx?text=Race&type=SW&map=CTY
ND,2024,Barnes,022403,002403,127,218,12,357,131,226,0,357,https://results.sos.nd.gov/ResultsSW.aspx?text=Race&type=SW&map=CTY
ND,2024,Barnes,022404,002404,222,388,8,618,233,377,0,610,https://results.sos.nd.gov/ResultsSW.aspx?text=Race&type=SW&map=CTY
ND,2024,Barnes,022405,002405,296,537,29,862,336,521,2,859,https://results.sos.nd.gov/ResultsSW.aspx?text=Race&type=SW&map=CTY
ND,2024,Barnes,022406,002406,88,265,8,361,119,240,0,359,https://results.sos.nd.gov/ResultsSW.aspx?text=Race&type=SW&map=CTY
ND,2024,Barnes,022407,002407,38,100,4,142,43,96,2,141,https://results.sos.nd.gov/ResultsSW.aspx?text=Race&type=SW&map=CTY
ND,2024,Barnes,022408,002408,25,121,5,151,44,105,0,149,https://results.sos.nd.gov/ResultsSW.aspx?text=Race&type=SW&map=CTY
ND,2024,Barnes,022409,002409,46,173,5,224,69,157,2,228,https://results.sos.nd.gov/ResultsSW.aspx?text=Race&type=SW&map=CTY
ND,2024,Barnes,022410,002410,26,54,3,83,32,51,0,83,https://results.sos.nd.gov/ResultsSW.aspx?text=Race&type=SW&map=CTY
ND,2024,Barnes,022411,002411,174,463,13,650,196,452,5,653,https://results.sos.nd.gov/ResultsSW.aspx?text=Race&type=SW&map=CTY
ND,2024,Barnes,022412,002412,49,183,3,235,63,174,0,237,https://results.sos.nd.gov/ResultsSW.aspx?text=Race&type=SW&map=CTY
ND,2024,Barnes,022413,002413,77,190,14,281,99,178,1,278,https://results.sos.nd.gov/ResultsSW.aspx?text=Race&type=SW&map=CTY
ND,2024,Barnes,022414,002414,22,65,0,87,27,60,0,87,https://results.sos.nd.gov/ResultsSW.aspx?text=Race&type=SW&map=CTY
ND,2024,Barnes,022415,002415,34,162,2,198,45,152,1,198,https://results.sos.nd.gov/ResultsSW.aspx?text=Race&type=SW&map=CTY
ND,2024,Benson,031401,001401,54,188,8,250,76,167,1,244,https://results.sos.nd.gov/ResultsSW.aspx?text=Race&type=SW&map=CTY
ND,2024,Benson,031402,001402,77,201,5,283,94,181,0,275,https://results.sos.nd.gov/ResultsSW.aspx?text=Race&type=SW&map=CTY
ND,2024,Benson,031403,001403,12,15,1,28,14,14,0,28,https://results.sos.nd.gov/ResultsSW.aspx?text=Race&type=SW&map=CTY
ND,2024,Benson,030901,000901,121,276,10,407,145,257,1,403,https://results.sos.nd.gov/ResultsSW.aspx?text=Race&type=SW&map=CTY
ND,2024,Benson,030902,000902,93,113,4,210,105,100,0,205,https://results.sos.nd.gov/ResultsSW.aspx?text=Race&type=SW&map=CTY
ND,2024,Benson,030903,000903,143,161,7,311,151,155,1,307,https://results.sos.nd.gov/ResultsSW.aspx?text=Race&type=SW&map=CTY
ND,2024,Benson,030904,000904,153,48,7,208,145,47,0,192,https://results.sos.nd.gov/ResultsSW.aspx?text=Race&type=SW&map=CTY
ND,2024,Benson,030905,000905,142,161,2,305,143,150,0,293,https://results.sos.nd.gov/ResultsSW.aspx?text=Race&type=SW&map=CTY
ND,2024,Billings,043901,003901,56,149,7,212,65,144,0,209,https://results.sos.nd.gov/ResultsSW.aspx?text=Race&type=SW&map=CTY
ND,2024,Billings,043902,003902,24,300,4,328,38,291,4,333,https://results.sos.nd.gov/ResultsSW.aspx?text=Race&type=SW&map=CTY
ND,2024,Billings,043903,003903,13,94,0,107,14,94,0,108,https://results.sos.nd.gov/ResultsSW.aspx?text=Race&type=SW&map=CTY
ND,2024,Bottineau,050601,000601,167,435,22,624,205,412,2,619,https://results.sos.nd.gov/ResultsSW.aspx?text=Race&type=SW&map=CTY
ND,2024,Bottineau,050602,000602,179,612,18,809,198,607,1,806,https://results.sos.nd.gov/ResultsSW.aspx?text=Race&type=SW&map=CTY
ND,2024,Bottineau,050603,000603,130,463,22,615,169,439,3,611,https://results.sos.nd.gov/ResultsSW.aspx?text=Race&type=SW&map=CTY
ND,2024,Bottineau,050604,000604,156,574,14,744,179,554,5,738,https://results.sos.nd.gov/ResultsSW.aspx?text=Race&type=SW&map=CTY
ND,2024,Bottineau,050605,000605,103,544,8,655,144,499,2,645,https://results.sos.nd.gov/ResultsSW.aspx?text=Race&type=SW&map=CTY
ND,2024,Bowman,063901,003901,105,578,15,698,122,572,1,695,https://results.sos.nd.gov/ResultsSW.aspx?text=Race&type=SW&map=CTY
ND,2024,Bowman,063902,003902,43,365,4,412,54,351,2,407,https://results.sos.nd.gov/ResultsSW.aspx?text=Race&type=SW&map=CTY
ND,2024,Bowman,063903,003903,16,193,3,212,25,189,0,214,https://results.sos.nd.gov/ResultsSW.aspx?text=Race&type=SW&map=CTY
ND,2024,Bowman,063904,003904,43,248,5,296,62,237,0,299,https://results.sos.nd.gov/ResultsSW.aspx?text=Race&type=SW&map=CTY
ND,2024,Burke,070201,000201,3,34,2,39,6,30,1,37,https://results.sos.nd.gov/ResultsSW.aspx?text=Race&type=SW&map=CTY
ND,2024,Burke,070202,000202,50,255,8,313,69,245,1,315,https://results.sos.nd.gov/ResultsSW.aspx?text=Race&type=SW&map=CTY
ND,2024,Burke,070203,000203,39,308,1,348,47,294,2,343,https://results.sos.nd.gov/ResultsSW.aspx?text=Race&type=SW&map=CTY
ND,2024,Burke,070204,000204,12,133,2,147,23,125,1,149,https://results.sos.nd.gov/ResultsSW.aspx?text=Race&type=SW&map=CTY
ND,2024,Burke,070205,000205,16,112,3,131,17,113,2,132,https://results.sos.nd.gov/ResultsSW.aspx?text=Race&type=SW&map=CTY
ND,2024,Burke,070206,000206,10,67,1,78,13,61,1,75,https://results.sos.nd.gov/ResultsSW.aspx?text=Race&type=SW&map=CTY
ND,2024,Burleigh,081401,001401,52,284,6,342,86,247,4,337,https://results.sos.nd.gov/ResultsSW.aspx?text=Race&type=SW&map=CTY
ND,2024,Burleigh,081402,001402,25,145,1,171,42,122,1,165,https://results.sos.nd.gov/ResultsSW.aspx?text=Race&type=SW&map=CTY
ND,2024,Burleigh,081403,001403,39,257,7,303,57,236,4,297,https://results.sos.nd.gov/ResultsSW.aspx?text=Race&type=SW&map=CTY
ND,2024,Burleigh,083001,003001,404,1650,51,2105,506,1574,7,2087,https://results.sos.nd.gov/ResultsSW.aspx?text=Race&type=SW&map=CTY
ND,2024,Burleigh,083002,003002,9,38,0,47,12,34,0,46,https://results.sos.nd.gov/ResultsSW.aspx?text=Race&type=SW&map=CTY
ND,2024,Burleigh,083003,003003,745,1886,75,2706,831,1830,8,2669,https://results.sos.nd.gov/ResultsSW.aspx?text=Race&type=SW&map=CTY
ND,2024,Burleigh,083004,003004,756,2031,62,2849,842,1963,12,2817,https://results.sos.nd.gov/ResultsSW.aspx?text=Race&type=SW&map=CTY
ND,2024,Burleigh,083201,003201,350,769,36,1155,392,732,9,1133,https://results.sos.nd.gov/ResultsSW.aspx?text=Race&type=SW&map=CTY
ND,2024,Burleigh,083202,003202,612,949,62,1623,650,929,8,1587,https://results.sos.nd.gov/ResultsSW.aspx?text=Race&type=SW&map=CTY
ND,2024,Burleigh,083203,003203,455,977,41,1473,504,930,9,1443,https://results.sos.nd.gov/ResultsSW.aspx?text=Race&type=SW&map=CTY
ND,2024,Burleigh,083204,003204,969,2291,99,3359,1073,2248,8,3329,https://results.sos.nd.gov/ResultsSW.aspx?text=Race&type=SW&map=CTY
ND,2024,Burleigh,083501,003501,828,1297,73,2198,835,1330,9,2174,https://results.sos.nd.gov/ResultsSW.aspx?text=Race&type=SW&map=CTY
ND,2024,Burleigh,083502,003502,1127,1716,91,2934,1196,1676,20,2892,https://results.sos.nd.gov/ResultsSW.aspx?text=Race&type=SW&map=CTY
ND,2024,Burleigh,083503,003503,609,1038,75,1722,672,1026,8,1706,https://results.sos.nd.gov/ResultsSW.aspx?text=Race&type=SW&map=CTY
ND,2024,Burleigh,083504,003504,582,1179,59,1820,617,1185,8,1810,https://results.sos.nd.gov/ResultsSW.aspx?text=Race&type=SW&map=CTY
ND,2024,Burleigh,084701,004701,978,2449,93,3520,987,2512,14,3513,https://results.sos.nd.gov/ResultsSW.aspx?text=Race&type=SW&map=CTY
ND,2024,Burleigh,084702,004702,991,1886,81,2958,1059,1867,9,2935,https://results.sos.nd.gov/ResultsSW.aspx?text=Race&type=SW&map=CTY
ND,2024,Burleigh,084703,004703,529,1089,51,1669,559,1095,7,1661,https://results.sos.nd.gov/ResultsSW.aspx?text=Race&type=SW&map=CTY
ND,2024,Burleigh,084704,004704,363,892,33,1288,365,917,3,1285,https://results.sos.nd.gov/ResultsSW.aspx?text=Race&type=SW&map=CTY
ND,2024,Burleigh,080701,000701,220,856,31,1107,270,829,3,1102,https://results.sos.nd.gov/ResultsSW.aspx?text=Race&type=SW&map=CTY
ND,2024,Burleigh,080702,000702,481,1515,52,2048,520,1500,7,2027,https://results.sos.nd.gov/ResultsSW.aspx?text=Race&type=SW&map=CTY
ND,2024,Burleigh,080703,000703,478,1478,42,1998,534,1437,7,1978,https://results.sos.nd.gov/ResultsSW.aspx?text=Race&type=SW&map=CTY
ND,2024,Burleigh,080704,000704,926,2136,82,3144,1019,2095,6,3120,https://results.sos.nd.gov/ResultsSW.aspx?text=Race&type=SW&map=CTY
ND,2024,Burleigh,080705,000705,230,1147,29,1406,266,1130,11,1407,https://results.sos.nd.gov/ResultsSW.aspx?text=Race&type=SW&map=CTY
ND,2024,Burleigh,080801,000801,30,137,9,176,37,138,1,176,https://results.sos.nd.gov/ResultsSW.aspx?text=Race&type=SW&map=CTY
ND,2024,Burleigh,080802,000802,340,1474,51,1865,430,1404,11,1845,https://results.sos.nd.gov/ResultsSW.aspx?text=Race&type=SW&map=CTY
ND,2024,Burleigh,080803,000803,63,263,7,333,81,245,0,326,https://results.sos.nd.gov/ResultsSW.aspx?text=Race&type=SW&map=CTY
ND,2024,Burleigh,080804,000804,543,2735,88,3366,678,2615,28,3321,https://results.sos.nd.gov/ResultsSW.aspx?text=Race&type=SW&map=CTY
ND,2024,Burleigh,080805,000805,421,1667,58,2146,514,1579,11,2104,https://results.sos.nd.gov/ResultsSW.aspx?text=Race&type=SW&map=CTY
ND,2024,Burleigh,080806,000806,60,364,8,432,80,330,7,417,https://results.sos.nd.gov/ResultsSW.aspx?text=Race&type=SW&map=CTY
ND,2024,Cass,091001,001001,1149,968,73,2190,1178,969,8,2155,https://results.sos.nd.gov/ResultsSW.aspx?text=Race&type=SW&map=CTY
ND,2024,Cass,091002,001002,1006,958,37,2001,965,1004,1,1970,https://results.sos.nd.gov/ResultsSW.aspx?text=Race&type=SW&map=CTY
ND,2024,Cass,091003,001003,931,1100,59,2090,919,1145,2,2066,https://results.sos.nd.gov/ResultsSW.aspx?text=Race&type=SW&map=CTY
ND,2024,Cass,091101,001101,2489,1920,133,4542,2553,1945,10,4508,https://results.sos.nd.gov/ResultsSW.aspx?text=Race&type=SW&map=CTY
ND,2024,Cass,091102,001102,1705,1379,106,3190,1730,1433,9,3172,https://results.sos.nd.gov/ResultsSW.aspx?text=Race&type=SW&map=CTY
ND,2024,Cass,091301,001301,979,1406,71,2456,1028,1402,4,2434,https://results.sos.nd.gov/ResultsSW.aspx?text=Race&type=SW&map=CTY
ND,2024,Cass,091302,001302,1543,1739,92,3374,1588,1741,9,3338,https://results.sos.nd.gov/ResultsSW.aspx?text=Race&type=SW&map=CTY
ND,2024,Cass,091303,001303,1276,1661,75,3012,1293,1696,10,2999,https://results.sos.nd.gov/ResultsSW.aspx?text=Race&type=SW&map=CTY
ND,2024,Cass,091601,001601,1720,2462,118,4300,1739,2517,7,4263,https://results.sos.nd.gov/ResultsSW.aspx?text=Race&type=SW&map=CTY
ND,2024,Cass,091602,001602,1550,2274,92,3916,1564,2293,9,3866,https://results.sos.nd.gov/ResultsSW.aspx?text=Race&type=SW&map=CTY
ND,2024,Cass,092101,002101,1111,1186,78,2375,1152,1188,6,2346,https://results.sos.nd.gov/ResultsSW.aspx?text=Race&type=SW&map=CTY
ND,2024,Cass,092102,002102,2194,1397,109,3700,2264,1394,7,3665,https://results.sos.nd.gov/ResultsSW.aspx?text=Race&type=SW&map=CTY
ND,2024,Cass,092201,002201,210,445,22,677,257,424,1,682,https://results.sos.nd.gov/ResultsSW.aspx?text=Race&type=SW&map=CTY
ND,2024,Cass,092202,002202,126,282,11,419,140,281,0,421,https://results.sos.nd.gov/ResultsSW.aspx?text=Race&type=SW&map=CTY
ND,2024,Cass,092203,002203,189,388,18,595,222,376,0,598,https://results.sos.nd.gov/ResultsSW.aspx?text=Race&type=SW&map=CTY
ND,2024,Cass,092204,002204,752,1605,102,2459,832,1611,4,2447,https://results.sos.nd.gov/ResultsSW.aspx?text=Race&type=SW&map=CTY
ND,2024,Cass,092205,002205,1306,2280,115,3701,1316,2360,15,3691,https://results.sos.nd.gov/ResultsSW.aspx?text=Race&type=SW&map=CTY
ND,2024,Cass,092206,002206,433,1025,50,1508,513,987,5,1505,https://results.sos.nd.gov/ResultsSW.aspx?text=Race&type=SW&map=CTY
ND,2024,Cass,092207,002207,98,270,12,380,142,241,0,383,https://results.sos.nd.gov/ResultsSW.aspx?text=Race&type=SW&map=CTY
ND,2024,Cass,092701,002701,1998,2470,134,4602,2016,2510,10,4536,https://results.sos.nd.gov/ResultsSW.aspx?text=Race&type=SW&map=CTY
ND,2024,Cass,092702,002702,1436,2623,110,4169,1483,2650,9,4142,https://results.sos.nd.gov/ResultsSW.aspx?text=Race&type=SW&map=CTY
ND,2024,Cass,092703,002703,427,910,29,1366,445,905,2,1352,https://results.sos.nd.gov/ResultsSW.aspx?text=Race&type=SW&map=CTY
ND,2024,Cass,094101,004101,1791,1893,100,3784,1817,1936,8,3761,https://results.sos.nd.gov/ResultsSW.aspx?text=Race&type=SW&map=CTY
ND,2024,Cass,094102,004102,2283,2944,162,5389,2301,3041,18,5360,https://results.sos.nd.gov/ResultsSW.aspx?text=Race&type=SW&map=CTY
ND,2024,Cass,094401,004401,1767,1187,119,3073,1797,1215,11,3023,https://results.sos.nd.gov/ResultsSW.aspx?text=Race&type=SW&map=CTY
ND,2024,Cass,094402,004402,2047,1789,123,3959,2101,1849,4,3954,https://results.sos.nd.gov/ResultsSW.aspx?text=Race&type=SW&map=CTY
ND,2024,Cass,094501,004501,2283,2352,148,4783,2312,2435,11,4758,https://results.sos.nd.gov/ResultsSW.aspx?text=Race&type=SW&map=CTY
ND,2024,Cass,094502,004502,432,878,33,1343,436,893,2,1331,https://results.sos.nd.gov/ResultsSW.aspx?text=Race&type=SW&map=CTY
ND,2024,Cass,094503,004503,386,788,43,1217,422,792,2,1216,https://results.sos.nd.gov/ResultsSW.aspx?text=Race&type=SW&map=CTY
ND,2024,Cass,094504,004504,202,484,15,701,223,477,0,700,https://results.sos.nd.gov/ResultsSW.aspx?text=Race&type=SW&map=CTY
ND,2024,Cass,094601,004601,1072,940,83,2095,1106,958,9,2073,https://results.sos.nd.gov/ResultsSW.aspx?text=Race&type=SW&map=CTY
ND,2024,Cass,094602,004602,1334,1203,78,2615,1384,1220,1,2605,https://results.sos.nd.gov/ResultsSW.aspx?text=Race&type=SW&map=CTY
ND,2024,Cass,094603,004603,971,1238,57,2266,994,1261,2,2257,https://results.sos.nd.gov/ResultsSW.aspx?text=Race&type=SW&map=CTY
ND,2024,Cass,094604,004604,1108,1429,67,2604,1089,1488,3,2580,https://results.sos.nd.gov/ResultsSW.aspx?text=Race&type=SW&map=CTY
ND,2024,Cavalier,101501,001501,251,669,21,941,293,656,1,950,https://results.sos.nd.gov/ResultsSW.aspx?text=Race&type=SW&map=CTY
ND,2024,Cavalier,101502,001502,167,590,10,767,189,568,4,761,https://results.sos.nd.gov/ResultsSW.aspx?text=Race&type=SW&map=CTY
ND,2024,Cavalier,101903,001903,73,202,4,279,80,197,1,278,https://results.sos.nd.gov/ResultsSW.aspx?text=Race&type=SW&map=CTY
ND,2024,Dickey,112801,002801,557,1829,67,2453,706,1722,2,2430,https://results.sos.nd.gov/ResultsSW.aspx?text=Race&type=SW&map=CTY
ND,2024,Divide,120201,000201,136,415,20,571,154,413,1,568,https://results.sos.nd.gov/ResultsSW.aspx?text=Race&type=SW&map=CTY
ND,2024,Divide,120202,000202,74,223,6,303,90,213,1,304,https://results.sos.nd.gov/ResultsSW.aspx?text=Race&type=SW&map=CTY
ND,2024,Divide,120203,000203,25,141,3,169,35,131,1,167,https://results.sos.nd.gov/ResultsSW.aspx?text=Race&type=SW&map=CTY
ND,2024,Divide,120204,000204,18,135,5,158,30,130,1,161,https://results.sos.nd.gov/ResultsSW.aspx?text=Race&type=SW&map=CTY
ND,2024,Dunn,132601,002601,17,92,0,109,21,84,0,105,https://results.sos.nd.gov/ResultsSW.aspx?text=Race&type=SW&map=CTY
ND,2024,Dunn,132602,002602,12,120,3,135,16,116,1,133,https://results.sos.nd.gov/ResultsSW.aspx?text=Race&type=SW&map=CTY
ND,2024,Dunn,132603,002603,41,331,1,373,45,324,0,369,https://results.sos.nd.gov/ResultsSW.aspx?text=Race&type=SW&map=CTY
ND,2024,Dunn,132604,002604,22,258,6,286,38,243,2,283,https://results.sos.nd.gov/ResultsSW.aspx?text=Race&type=SW&map=CTY
ND,2024,Dunn,132605,002605,51,408,10,469,57,403,2,462,https://results.sos.nd.gov/ResultsSW.aspx?text=Race&type=SW&map=CTY
ND,2024,Dunn,132606,002606,24,267,4,295,36,255,1,292,https://results.sos.nd.gov/ResultsSW.aspx?text=Race&type=SW&map=CTY
ND,2024,Dunn,133601,003601,1,24,1,26,5,20,0,25,https://results.sos.nd.gov/ResultsSW.aspx?text=Race&type=SW&map=CTY
ND,2024,Dunn,133901,003901,11,63,2,76,11,62,1,74,https://results.sos.nd.gov/ResultsSW.aspx?text=Race&type=SW&map=CTY
ND,2024,Dunn,133902,003902,36,247,4,287,49,236,1,286,https://results.sos.nd.gov/ResultsSW.aspx?text=Race&type=SW&map=CTY
ND,2024,Dunn,130401,000401,117,67,2,186,117,62,0,179,https://results.sos.nd.gov/ResultsSW.aspx?text=Race&type=SW&map=CTY
ND,2024,Eddy,141401,001401,156,448,18,622,196,434,1,631,https://results.sos.nd.gov/ResultsSW.aspx?text=Race&type=SW&map=CTY
ND,2024,Eddy,141402,001402,139,373,9,521,162,359,3,524,https://results.sos.nd.gov/ResultsSW.aspx?text=Race&type=SW&map=CTY
ND,2024,Eddy,140903,000903,21,41,0,62,22,39,0,61,https://results.sos.nd.gov/ResultsSW.aspx?text=Race&type=SW&map=CTY
ND,2024,Emmons,150801,000801,52,349,4,405,83,306,3,392,https://results.sos.nd.gov/ResultsSW.aspx?text=Race&type=SW&map=CTY
ND,2024,Emmons,150802,000802,41,376,5,422,75,330,5,410,https://results.sos.nd.gov/ResultsSW.aspx?text=Race&type=SW&map=CTY
ND,2024,Emmons,150803,000803,42,322,12,376,77,304,0,381,https://results.sos.nd.gov/ResultsSW.aspx?text=Race&type=SW&map=CTY
ND,2024,Emmons,150804,000804,33,323,5,361,61,290,2,353,https://results.sos.nd.gov/ResultsSW.aspx?text=Race&type=SW&map=CTY
ND,2024,Emmons,150805,000805,37,327,2,366,59,304,2,365,https://results.sos.nd.gov/ResultsSW.aspx?text=Race&type=SW&map=CTY
ND,2024,Foster,162901,002901,335,1326,42,1703,408,1279,3,1690,https://results.sos.nd.gov/ResultsSW.aspx?text=Race&type=SW&map=CTY
ND,2024,Golden Valley,173901,003901,122,847,22,991,156,822,2,980,https://results.sos.nd.gov/ResultsSW.aspx?text=Race&type=SW&map=CTY
ND,2024,Grand Forks,181701,001701,166,439,11,616,154,446,4,604,https://results.sos.nd.gov/ResultsSW.aspx?text=Race&type=SW&map=CTY
ND,2024,Grand Forks,181702,001702,1255,1580,70,2905,1245,1624,7,2876,https://results.sos.nd.gov/ResultsSW.aspx?text=Race&type=SW&map=CTY
ND,2024,Grand Forks,181703,001703,1764,2682,116,4562,1730,2793,6,4529,https://results.sos.nd.gov/ResultsSW.aspx?text=Race&type=SW&map=CTY
ND,2024,Grand Forks,181704,001704,310,441,18,769,288,464,2,754,https://results.sos.nd.gov/ResultsSW.aspx?text=Race&type=SW&map=CTY
ND,2024,Grand Forks,181805,001805,154,382,11,547,166,379,0,545,https://results.sos.nd.gov/ResultsSW.aspx?text=Race&type=SW&map=CTY
ND,2024,Grand Forks,181807,001807,743,860,45,1648,753,865,4,1622,https://results.sos.nd.gov/ResultsSW.aspx?text=Race&type=SW&map=CTY
ND,2024,Grand Forks,181808,001808,1548,1746,108,3402,1588,1752,5,3345,https://results.sos.nd.gov/ResultsSW.aspx?text=Race&type=SW&map=CTY
ND,2024,Grand Forks,181809,001809,535,554,43,1132,543,576,4,1123,https://results.sos.nd.gov/ResultsSW.aspx?text=Race&type=SW&map=CTY
ND,2024,Grand Forks,182010,002010,109,272,14,395,128,266,2,396,https://results.sos.nd.gov/ResultsSW.aspx?text=Race&type=SW&map=CTY
ND,2024,Grand Forks,182011,002011,290,830,27,1147,324,807,8,1139,https://results.sos.nd.gov/ResultsSW.aspx?text=Race&type=SW&map=CTY
ND,2024,Grand Forks,182012,002012,28,86,3,117,29,87,0,116,https://results.sos.nd.gov/ResultsSW.aspx?text=Race&type=SW&map=CTY
ND,2024,Grand Forks,182013,002013,165,553,22,740,197,537,1,735,https://results.sos.nd.gov/ResultsSW.aspx?text=Race&type=SW&map=CTY
ND,2024,Grand Forks,182014,002014,91,321,8,420,100,310,3,413,https://results.sos.nd.gov/ResultsSW.aspx?text=Race&type=SW&map=CTY
ND,2024,Grand Forks,182015,002015,388,1099,41,1528,415,1105,4,1524,https://results.sos.nd.gov/ResultsSW.aspx?text=Race&type=SW&map=CTY
ND,2024,Grand Forks,184206,004206,706,943,50,1699,703,951,3,1657,https://results.sos.nd.gov/ResultsSW.aspx?text=Race&type=SW&map=CTY
ND,2024,Grand Forks,184216,004216,292,775,23,1090,306,770,2,1078,https://results.sos.nd.gov/ResultsSW.aspx?text=Race&type=SW&map=CTY
ND,2024,Grand Forks,184217,004217,1010,1247,61,2318,959,1290,3,2252,https://results.sos.nd.gov/ResultsSW.aspx?text=Race&type=SW&map=CTY
ND,2024,Grand Forks,184318,004318,174,235,10,419,164,246,1,411,https://results.sos.nd.gov/ResultsSW.aspx?text=Race&type=SW&map=CTY
ND,2024,Grand Forks,184319,004319,1189,1293,60,2542,1154,1346,5,2505,https://results.sos.nd.gov/ResultsSW.aspx?text=Race&type=SW&map=CTY
ND,2024,Grand Forks,184320,004320,1552,1785,78,3415,1472,1895,7,3374,https://results.sos.nd.gov/ResultsSW.aspx?text=Race&type=SW&map=CTY
ND,2024,Grant,193101,003101,91,641,14,746,136,610,2,748,https://results.sos.nd.gov/ResultsSW.aspx?text=Race&type=SW&map=CTY
ND,2024,Grant,193102,003102,32,114,2,148,40,107,1,148,https://results.sos.nd.gov/ResultsSW.aspx?text=Race&type=SW&map=CTY
ND,2024,Grant,193103,003103,60,204,8,272,72,199,0,271,https://results.sos.nd.gov/ResultsSW.aspx?text=Race&type=SW&map=CTY
ND,2024,Grant,193104,003104,22,102,1,125,19,105,0,124,https://results.sos.nd.gov/ResultsSW.aspx?text=Race&type=SW&map=CTY
ND,2024,Grant,193105,003105,0,15,0,15,0,14,0,14,https://results.sos.nd.gov/ResultsSW.aspx?text=Race&type=SW&map=CTY
ND,2024,Griggs,202901,002901,59,207,4,270,73,196,1,270,https://results.sos.nd.gov/ResultsSW.aspx?text=Race&type=SW&map=CTY
ND,2024,Griggs,202902,002902,61,205,3,269,70,195,0,265,https://results.sos.nd.gov/ResultsSW.aspx?text=Race&type=SW&map=CTY
ND,2024,Griggs,202903,002903,65,142,7,214,67,146,2,215,https://results.sos.nd.gov/ResultsSW.aspx?text=Race&type=SW&map=CTY
ND,2024,Griggs,202904,002904,43,229,3,275,47,230,1,278,https://results.sos.nd.gov/ResultsSW.aspx?text=Race&type=SW&map=CTY
ND,2024,Griggs,202905,002905,73,180,8,261,90,169,0,259,https://results.sos.nd.gov/ResultsSW.aspx?text=Race&type=SW&map=CTY
ND,2024,Hettinger,213101,003101,95,617,16,728,112,603,0,715,https://results.sos.nd.gov/ResultsSW.aspx?text=Race&type=SW&map=CTY
ND,2024,Hettinger,213901,003901,97,472,9,578,113,454,2,569,https://results.sos.nd.gov/ResultsSW.aspx?text=Race&type=SW&map=CTY
ND,2024,Kidder,221401,001401,34,81,2,117,45,69,0,114,https://results.sos.nd.gov/ResultsSW.aspx?text=Race&type=SW&map=CTY
ND,2024,Kidder,221402,001402,26,64,2,92,33,56,0,89,https://results.sos.nd.gov/ResultsSW.aspx?text=Race&type=SW&map=CTY
ND,2024,Kidder,221403,001403,13,62,4,79,17,62,0,79,https://results.sos.nd.gov/ResultsSW.aspx?text=Race&type=SW&map=CTY
ND,2024,Kidder,221404,001404,121,524,11,656,151,498,1,650,https://results.sos.nd.gov/ResultsSW.aspx?text=Race&type=SW&map=CTY
ND,2024,Kidder,221405,001405,12,153,3,168,27,138,0,165,https://results.sos.nd.gov/ResultsSW.aspx?text=Race&type=SW&map=CTY
ND,2024,Kidder,221406,001406,32,253,1,286,43,233,1,277,https://results.sos.nd.gov/ResultsSW.aspx?text=Race&type=SW&map=CTY
ND,2024,LaMoure,232801,002801,87,287,9,383,118,257,1,376,https://results.sos.nd.gov/ResultsSW.aspx?text=Race&type=SW&map=CTY
ND,2024,LaMoure,232802,002802,189,633,15,837,239,594,3,836,https://results.sos.nd.gov/ResultsSW.aspx?text=Race&type=SW&map=CTY
ND,2024,LaMoure,232803,002803,62,355,14,431,86,348,1,435,https://results.sos.nd.gov/ResultsSW.aspx?text=Race&type=SW&map=CTY
ND,2024,LaMoure,232804,002804,115,339,18,472,138,337,1,476,https://results.sos.nd.gov/ResultsSW.aspx?text=Race&type=SW&map=CTY
ND,2024,Logan,242801,002801,25,218,3,246,49,193,3,245,https://results.sos.nd.gov/ResultsSW.aspx?text=Race&type=SW&map=CTY
ND,2024,Logan,242802,002802,45,365,7,417,60,352,2,414,https://results.sos.nd.gov/ResultsSW.aspx?text=Race&type=SW&map=CTY
ND,2024,Logan,242803,002803,34,187,6,227,43,181,1,225,https://results.sos.nd.gov/ResultsSW.aspx?text=Race&type=SW&map=CTY
ND,2024,Logan,242804,002804,6,55,1,62,16,46,0,62,https://results.sos.nd.gov/ResultsSW.aspx?text=Race&type=SW&map=CTY
ND,2024,Logan,242805,002805,7,73,1,81,17,61,0,78,https://results.sos.nd.gov/ResultsSW.aspx?text=Race&type=SW&map=CTY
ND,2024,McHenry,250616,000616,19,173,3,195,29,158,1,188,https://results.sos.nd.gov/ResultsSW.aspx?text=Race&type=SW&map=CTY
ND,2024,McHenry,250618,000618,88,494,12,594,134,448,2,584,https://results.sos.nd.gov/ResultsSW.aspx?text=Race&type=SW&map=CTY
ND,2024,McHenry,250627,000627,32,111,6,149,37,109,0,146,https://results.sos.nd.gov/ResultsSW.aspx?text=Race&type=SW&map=CTY
ND,2024,McHenry,250641,000641,35,251,7,293,61,224,3,288,https://results.sos.nd.gov/ResultsSW.aspx?text=Race&type=SW&map=CTY
ND,2024,McHenry,250647,000647,188,678,13,879,222,653,4,879,https://results.sos.nd.gov/ResultsSW.aspx?text=Race&type=SW&map=CTY
ND,2024,McHenry,250655,000655,48,140,3,191,64,129,0,193,https://results.sos.nd.gov/ResultsSW.aspx?text=Race&type=SW&map=CTY
ND,2024,McHenry,250658,000658,37,180,4,221,51,166,0,217,https://results.sos.nd.gov/ResultsSW.aspx?text=Race&type=SW&map=CTY
ND,2024,McHenry,250662,000662,32,196,2,230,51,181,0,232,https://results.sos.nd.gov/ResultsSW.aspx?text=Race&type=SW&map=CTY
ND,2024,McIntosh,262801,002801,50,307,5,362,65,296,0,361,https://results.sos.nd.gov/ResultsSW.aspx?text=Race&type=SW&map=CTY
ND,2024,McIntosh,262802,002802,41,169,7,217,62,155,0,217,https://results.sos.nd.gov/ResultsSW.aspx?text=Race&type=SW&map=CTY
ND,2024,McIntosh,262803,002803,15,57,2,74,29,46,0,75,https://results.sos.nd.gov/ResultsSW.aspx?text=Race&type=SW&map=CTY
ND,2024,McIntosh,262804,002804,82,339,10,431,100,330,2,432,https://results.sos.nd.gov/ResultsSW.aspx?text=Race&type=SW&map=CTY
ND,2024,McIntosh,262805,002805,21,129,3,153,38,121,0,159,https://results.sos.nd.gov/ResultsSW.aspx?text=Race&type=SW&map=CTY
ND,2024,McIntosh,262806,002806,20,131,2,153,30,112,4,146,https://results.sos.nd.gov/ResultsSW.aspx?text=Race&type=SW&map=CTY
ND,2024,McKenzie,272603,002603,22,139,1,162,24,136,0,160,https://results.sos.nd.gov/ResultsSW.aspx?text=Race&type=SW&map=CTY
ND,2024,McKenzie,272604,002604,13,112,1,126,16,109,0,125,https://results.sos.nd.gov/ResultsSW.aspx?text=Race&type=SW&map=CTY
ND,2024,McKenzie,272605,002605,49,446,7,502,56,432,1,489,https://results.sos.nd.gov/ResultsSW.aspx?text=Race&type=SW&map=CTY
ND,2024,McKenzie,272606,002606,38,264,3,305,50,250,1,301,https://results.sos.nd.gov/ResultsSW.aspx?text=Race&type=SW&map=CTY
ND,2024,McKenzie,272607,002607,3,76,1,80,6,73,0,79,https://results.sos.nd.gov/ResultsSW.aspx?text=Race&type=SW&map=CTY
ND,2024,McKenzie,272608,002608,13,167,0,180,15,162,0,177,https://results.sos.nd.gov/ResultsSW.aspx?text=Race&type=SW&map=CTY
ND,2024,McKenzie,272609,002609,104,1391,34,1529,134,1361,11,1506,https://results.sos.nd.gov/ResultsSW.aspx?text=Race&type=SW&map=CTY
ND,2024,McKenzie,272611,002611,243,1723,27,1993,267,1697,6,1970,https://results.sos.nd.gov/ResultsSW.aspx?text=Race&type=SW&map=CTY
ND,2024,McKenzie,272612,002612,24,208,5,237,44,189,1,234,https://results.sos.nd.gov/ResultsSW.aspx?text=Race&type=SW&map=CTY
ND,2024,McKenzie,270401,000401,146,54,2,202,138,62,1,201,https://results.sos.nd.gov/ResultsSW.aspx?text=Race&type=SW&map=CTY
ND,2024,McKenzie,270402,000402,154,47,4,205,150,52,1,203,https://results.sos.nd.gov/ResultsSW.aspx?text=Race&type=SW&map=CTY
ND,2024,McLean,283301,003301,306,1424,30,1760,389,1348,11,1748,https://results.sos.nd.gov/ResultsSW.aspx?text=Race&type=SW&map=CTY
ND,2024,McLean,280401,000401,312,1289,28,1629,401,1213,4,1618,https://results.sos.nd.gov/ResultsSW.aspx?text=Race&type=SW&map=CTY
ND,2024,McLean,280402,000402,229,169,6,404,229,161,1,391,https://results.sos.nd.gov/ResultsSW.aspx?text=Race&type=SW&map=CTY
ND,2024,McLean,280601,000601,169,958,25,1152,243,899,2,1144,https://results.sos.nd.gov/ResultsSW.aspx?text=Race&type=SW&map=CTY
ND,2024,McLean,280602,000602,26,156,2,184,42,136,3,181,https://results.sos.nd.gov/ResultsSW.aspx?text=Race&type=SW&map=CTY
ND,2024,McLean,280801,000801,51,235,6,292,66,224,0,290,https://results.sos.nd.gov/ResultsSW.aspx?text=Race&type=SW&map=CTY
ND,2024,Mercer,293301,003301,75,233,9,317,118,191,2,311,https://results.sos.nd.gov/ResultsSW.aspx?text=Race&type=SW&map=CTY
ND,2024,Mercer,293303,003303,60,305,8,373,80,279,0,359,https://results.sos.nd.gov/ResultsSW.aspx?text=Race&type=SW&map=CTY
ND,2024,Mercer,293313,003313,44,333,5,382,69,303,1,373,https://results.sos.nd.gov/ResultsSW.aspx?text=Race&type=SW&map=CTY
ND,2024,Mercer,293314,003314,24,204,11,239,59,170,1,230,https://results.sos.nd.gov/ResultsSW.aspx?text=Race&type=SW&map=CTY
ND,2024,Mercer,293316,003316,40,143,7,190,52,134,1,187,https://results.sos.nd.gov/ResultsSW.aspx?text=Race&type=SW&map=CTY
ND,2024,Mercer,293320,003320,19,214,1,234,28,196,4,228,https://results.sos.nd.gov/ResultsSW.aspx?text=Race&type=SW&map=CTY
ND,2024,Mercer,293321,003321,44,390,8,442,66,361,4,431,https://results.sos.nd.gov/ResultsSW.aspx?text=Race&type=SW&map=CTY
ND,2024,Mercer,293322,003322,48,365,6,419,74,326,6,406,https://results.sos.nd.gov/ResultsSW.aspx?text=Race&type=SW&map=CTY
ND,2024,Mercer,293323,003323,49,353,6,408,88,315,4,407,https://results.sos.nd.gov/ResultsSW.aspx?text=Race&type=SW&map=CTY
ND,2024,Mercer,293324,003324,29,239,4,272,48,216,2,266,https://results.sos.nd.gov/ResultsSW.aspx?text=Race&type=SW&map=CTY
ND,2024,Mercer,293381,003381,70,271,6,347,99,238,4,341,https://results.sos.nd.gov/ResultsSW.aspx?text=Race&type=SW&map=CTY
ND,2024,Mercer,293382,003382,94,394,8,496,121,362,1,484,https://results.sos.nd.gov/ResultsSW.aspx?text=Race&type=SW&map=CTY
ND,2024,Mercer,293383,003383,69,351,6,426,103,318,1,422,https://results.sos.nd.gov/ResultsSW.aspx?text=Race&type=SW&map=CTY
ND,2024,Mercer,290401,000401,7,3,0,10,5,5,0,10,https://results.sos.nd.gov/ResultsSW.aspx?text=Race&type=SW&map=CTY
ND,2024,Morton,303105,003105,264,595,30,889,314,563,2,879,https://results.sos.nd.gov/ResultsSW.aspx?text=Race&type=SW&map=CTY
ND,2024,Morton,303117,003117,305,1167,40,1512,357,1125,7,1489,https://results.sos.nd.gov/ResultsSW.aspx?text=Race&type=SW&map=CTY
ND,2024,Morton,303118,003118,115,438,11,564,146,408,4,558,https://results.sos.nd.gov/ResultsSW.aspx?text=Race&type=SW&map=CTY
ND,2024,Morton,303120,003120,30,208,7,245,45,195,0,240,https://results.sos.nd.gov/ResultsSW.aspx?text=Race&type=SW&map=CTY
ND,2024,Morton,303123,003123,23,239,0,262,42,216,2,260,https://results.sos.nd.gov/ResultsSW.aspx?text=Race&type=SW&map=CTY
ND,2024,Morton,303124,003124,146,808,25,979,187,776,4,967,https://results.sos.nd.gov/ResultsSW.aspx?text=Race&type=SW&map=CTY
ND,2024,Morton,303332,003332,409,1842,49,2300,485,1763,10,2258,https://results.sos.nd.gov/ResultsSW.aspx?text=Race&type=SW&map=CTY
ND,2024,Morton,303401,003401,450,1497,56,2003,537,1431,7,1975,https://results.sos.nd.gov/ResultsSW.aspx?text=Race&type=SW&map=CTY
ND,2024,Morton,303402,003402,717,1942,74,2733,759,1931,9,2699,https://results.sos.nd.gov/ResultsSW.aspx?text=Race&type=SW&map=CTY
ND,2024,Morton,303403,003403,331,645,31,1007,360,617,3,980,https://results.sos.nd.gov/ResultsSW.aspx?text=Race&type=SW&map=CTY
ND,2024,Morton,303404,003404,239,589,27,855,272,572,1,845,https://results.sos.nd.gov/ResultsSW.aspx?text=Race&type=SW&map=CTY
ND,2024,Morton,303406,003406,369,854,40,1263,434,802,7,1243,https://results.sos.nd.gov/ResultsSW.aspx?text=Race&type=SW&map=CTY
ND,2024,Morton,303408,003408,138,358,21,517,173,321,5,499,https://results.sos.nd.gov/ResultsSW.aspx?text=Race&type=SW&map=CTY
ND,2024,Morton,303633,003633,106,688,21,815,152,643,8,803,https://results.sos.nd.gov/ResultsSW.aspx?text=Race&type=SW&map=CTY
ND,2024,Morton,303634,003634,11,130,3,144,19,121,0,140,https://results.sos.nd.gov/ResultsSW.aspx?text=Race&type=SW&map=CTY
ND,2024,Morton,303636,003636,48,471,6,525,81,430,4,515,https://results.sos.nd.gov/ResultsSW.aspx?text=Race&type=SW&map=CTY
ND,2024,Morton,303638,003638,47,368,8,423,68,349,2,419,https://results.sos.nd.gov/ResultsSW.aspx?text=Race&type=SW&map=CTY
ND,2024,Mountrail,310201,000201,122,871,12,1005,150,841,1,992,https://results.sos.nd.gov/ResultsSW.aspx?text=Race&type=SW&map=CTY
ND,2024,Mountrail,310206,000206,56,522,10,588,83,498,2,583,https://results.sos.nd.gov/ResultsSW.aspx?text=Race&type=SW&map=CTY
ND,2024,Mountrail,310402,000402,489,222,16,727,472,250,1,723,https://results.sos.nd.gov/ResultsSW.aspx?text=Race&type=SW&map=CTY
ND,2024,Mountrail,310403,000403,161,116,6,283,155,127,0,282,https://results.sos.nd.gov/ResultsSW.aspx?text=Race&type=SW&map=CTY
ND,2024,Mountrail,310404,000404,113,755,17,885,154,726,6,886,https://results.sos.nd.gov/ResultsSW.aspx?text=Race&type=SW&map=CTY
ND,2024,Mountrail,310405,000405,184,391,10,585,194,382,0,576,https://results.sos.nd.gov/ResultsSW.aspx?text=Race&type=SW&map=CTY
ND,2024,Nelson,322901,002901,580,1139,40,1759,657,1089,3,1749,https://results.sos.nd.gov/ResultsSW.aspx?text=Race&type=SW&map=CTY
ND,2024,Nelson,320902,000902,0,2,0,2,0,2,0,2,https://results.sos.nd.gov/ResultsSW.aspx?text=Race&type=SW&map=CTY
ND,2024,Oliver,333301,003301,156,909,22,1087,217,846,6,1069,https://results.sos.nd.gov/ResultsSW.aspx?text=Race&type=SW&map=CTY
ND,2024,Pembina,341901,001901,117,422,8,547,121,421,0,542,https://results.sos.nd.gov/ResultsSW.aspx?text=Race&type=SW&map=CTY
ND,2024,Pembina,341902,001902,120,502,14,636,150,485,1,636,https://results.sos.nd.gov/ResultsSW.aspx?text=Race&type=SW&map=CTY
ND,2024,Pembina,341903,001903,163,528,18,709,203,505,0,708,https://results.sos.nd.gov/ResultsSW.aspx?text=Race&type=SW&map=CTY
ND,2024,Pembina,341904,001904,151,517,13,681,184,500,1,685,https://results.sos.nd.gov/ResultsSW.aspx?text=Race&type=SW&map=CTY
ND,2024,Pembina,341905,001905,66,150,1,217,77,136,1,214,https://results.sos.nd.gov/ResultsSW.aspx?text=Race&type=SW&map=CTY
ND,2024,Pembina,341906,001906,87,231,4,322,105,217,0,322,https://results.sos.nd.gov/ResultsSW.aspx?text=Race&type=SW&map=CTY
ND,2024,Pierce,351401,001401,11,58,3,72,18,51,1,70,https://results.sos.nd.gov/ResultsSW.aspx?text=Race&type=SW&map=CTY
ND,2024,Pierce,351402,001402,26,117,5,148,38,109,0,147,https://results.sos.nd.gov/ResultsSW.aspx?text=Race&type=SW&map=CTY
ND,2024,Pierce,351403,001403,36,190,4,230,46,172,4,222,https://results.sos.nd.gov/ResultsSW.aspx?text=Race&type=SW&map=CTY
ND,2024,Pierce,351404,001404,46,147,6,199,54,142,1,197,https://results.sos.nd.gov/ResultsSW.aspx?text=Race&type=SW&map=CTY
ND,2024,Pierce,351405,001405,29,54,3,86,31,54,1,86,https://results.sos.nd.gov/ResultsSW.aspx?text=Race&type=SW&map=CTY
ND,2024,Pierce,351406,001406,91,305,3,399,106,294,0,400,https://results.sos.nd.gov/ResultsSW.aspx?text=Race&type=SW&map=CTY
ND,2024,Pierce,351407,001407,64,201,4,269,72,201,0,273,https://results.sos.nd.gov/ResultsSW.aspx?text=Race&type=SW&map=CTY
ND,2024,Pierce,351408,001408,128,371,10,509,145,370,1,516,https://results.sos.nd.gov/ResultsSW.aspx?text=Race&type=SW&map=CTY
ND,2024,Pierce,350909,000909,8,50,0,58,5,52,0,57,https://results.sos.nd.gov/ResultsSW.aspx?text=Race&type=SW&map=CTY
ND,2024,Ramsey,361501,001501,907,1774,70,2751,964,1760,3,2727,https://results.sos.nd.gov/ResultsSW.aspx?text=Race&type=SW&map=CTY
ND,2024,Ramsey,361502,001502,201,539,11,751,208,542,0,750,https://results.sos.nd.gov/ResultsSW.aspx?text=Race&type=SW&map=CTY
ND,2024,Ramsey,361503,001503,309,966,32,1307,358,946,4,1308,https://results.sos.nd.gov/ResultsSW.aspx?text=Race&type=SW&map=CTY
ND,2024,Ramsey,361504,001504,96,329,4,429,110,319,0,429,https://results.sos.nd.gov/ResultsSW.aspx?text=Race&type=SW&map=CTY
ND,2024,Ramsey,360905,000905,0,1,0,1,0,1,0,1,https://results.sos.nd.gov/ResultsSW.aspx?text=Race&type=SW&map=CTY
ND,2024,Ransom,372401,002401,920,1661,68,2649,1033,1596,4,2633,https://results.sos.nd.gov/ResultsSW.aspx?text=Race&type=SW&map=CTY
ND,2024,Renville,380601,000601,26,190,8,224,43,185,0,228,https://results.sos.nd.gov/ResultsSW.aspx?text=Race&type=SW&map=CTY
ND,2024,Renville,380602,000602,16,103,3,122,25,95,0,120,https://results.sos.nd.gov/ResultsSW.aspx?text=Race&type=SW&map=CTY
ND,2024,Renville,380603,000603,77,423,15,515,103,409,0,512,https://results.sos.nd.gov/ResultsSW.aspx?text=Race&type=SW&map=CTY
ND,2024,Renville,380604,000604,15,66,1,82,18,63,1,82,https://results.sos.nd.gov/ResultsSW.aspx?text=Race&type=SW&map=CTY
ND,2024,Renville,380605,000605,45,211,9,265,45,218,0,263,https://results.sos.nd.gov/ResultsSW.aspx?text=Race&type=SW&map=CTY
ND,2024,Richland,392537,002537,148,373,16,537,184,352,0,536,https://results.sos.nd.gov/ResultsSW.aspx?text=Race&type=SW&map=CTY
ND,2024,Richland,392538,002538,129,294,10,433,152,275,2,429,https://results.sos.nd.gov/ResultsSW.aspx?text=Race&type=SW&map=CTY
ND,2024,Richland,392539,002539,80,258,8,346,112,232,0,344,https://results.sos.nd.gov/ResultsSW.aspx?text=Race&type=SW&map=CTY
ND,2024,Richland,392541,002541,66,148,7,221,80,138,0,218,https://results.sos.nd.gov/ResultsSW.aspx?text=Race&type=SW&map=CTY
ND,2024,Richland,392545,002545,244,414,29,687,291,387,2,680,https://results.sos.nd.gov/ResultsSW.aspx?text=Race&type=SW&map=CTY
ND,2024,Richland,392546,002546,89,224,4,317,98,211,0,309,https://results.sos.nd.gov/ResultsSW.aspx?text=Race&type=SW&map=CTY
ND,2024,Richland,392547,002547,128,412,24,564,171,398,0,569,https://results.sos.nd.gov/ResultsSW.aspx?text=Race&type=SW&map=CTY
ND,2024,Richland,392548,002548,252,613,23,888,311,576,0,887,https://results.sos.nd.gov/ResultsSW.aspx?text=Race&type=SW&map=CTY
ND,2024,Richland,392549,002549,65,141,10,216,71,143,1,215,https://results.sos.nd.gov/ResultsSW.aspx?text=Race&type=SW&map=CTY
ND,2024,Richland,392551,002551,304,593,17,914,328,576,1,905,https://results.sos.nd.gov/ResultsSW.aspx?text=Race&type=SW&map=CTY
ND,2024,Richland,392552,002552,352,767,26,1145,389,750,2,1141,https://results.sos.nd.gov/ResultsSW.aspx?text=Race&type=SW&map=CTY
ND,2024,Richland,392553,002553,307,661,21,989,351,628,1,980,https://results.sos.nd.gov/ResultsSW.aspx?text=Race&type=SW&map=CTY
ND,2024,Richland,392554,002554,309,678,17,1004,339,655,1,995,https://results.sos.nd.gov/ResultsSW.aspx?text=Race&type=SW&map=CTY
ND,2024,Rolette,400901,000901,212,351,10,573,227,339,1,567,https://results.sos.nd.gov/ResultsSW.aspx?text=Race&type=SW&map=CTY
ND,2024,Rolette,400902,000902,590,365,27,982,586,377,0,963,https://results.sos.nd.gov/ResultsSW.aspx?text=Race&type=SW&map=CTY
ND,2024,Rolette,400903,000903,1298,227,24,1549,1241,288,2,1531,https://results.sos.nd.gov/ResultsSW.aspx?text=Race&type=SW&map=CTY
ND,2024,Rolette,400904,000904,266,121,3,390,268,119,0,387,https://results.sos.nd.gov/ResultsSW.aspx?text=Race&type=SW&map=CTY
ND,2024,Rolette,400905,000905,201,363,17,581,212,363,1,576,https://results.sos.nd.gov/ResultsSW.aspx?text=Race&type=SW&map=CTY
ND,2024,Sargent,412502,002502,9,33,3,45,15,31,0,46,https://results.sos.nd.gov/ResultsSW.aspx?text=Race&type=SW&map=CTY
ND,2024,Sargent,412801,002801,654,1292,52,1998,782,1204,1,1987,https://results.sos.nd.gov/ResultsSW.aspx?text=Race&type=SW&map=CTY
ND,2024,Sheridan,421401,001401,101,644,12,757,162,581,6,749,https://results.sos.nd.gov/ResultsSW.aspx?text=Race&type=SW&map=CTY
ND,2024,Sioux,433101,003101,181,94,2,277,173,99,0,272,https://results.sos.nd.gov/ResultsSW.aspx?text=Race&type=SW&map=CTY
ND,2024,Sioux,433102,003102,233,35,5,273,216,51,1,268,https://results.sos.nd.gov/ResultsSW.aspx?text=Race&type=SW&map=CTY
ND,2024,Sioux,433103,003103,240,156,7,403,276,131,1,408,https://results.sos.nd.gov/ResultsSW.aspx?text=Race&type=SW&map=CTY
ND,2024,Slope,443901,003901,13,119,4,136,17,121,0,138,https://results.sos.nd.gov/ResultsSW.aspx?text=Race&type=SW&map=CTY
ND,2024,Slope,443902,003902,8,124,1,133,16,116,0,132,https://results.sos.nd.gov/ResultsSW.aspx?text=Race&type=SW&map=CTY
ND,2024,Slope,443903,003903,12,108,0,120,19,98,2,119,https://results.sos.nd.gov/ResultsSW.aspx?text=Race&type=SW&map=CTY
ND,2024,Stark,453601,003601,77,497,9,583,99,480,2,581,https://results.sos.nd.gov/ResultsSW.aspx?text=Race&type=SW&map=CTY
ND,2024,Stark,453602,003602,24,224,8,256,38,203,2,243,https://results.sos.nd.gov/ResultsSW.aspx?text=Race&type=SW&map=CTY
ND,2024,Stark,453603,003603,45,259,9,313,61,247,1,309,https://results.sos.nd.gov/ResultsSW.aspx?text=Race&type=SW&map=CTY
ND,2024,Stark,453604,003604,644,3526,90,4260,713,3461,9,4183,https://results.sos.nd.gov/ResultsSW.aspx?text=Race&type=SW&map=CTY
ND,2024,Stark,453701,003701,1381,5337,144,6862,1442,5299,22,6763,https://results.sos.nd.gov/ResultsSW.aspx?text=Race&type=SW&map=CTY
ND,2024,Stark,453901,003901,146,1125,24,1295,183,1078,6,1267,https://results.sos.nd.gov/ResultsSW.aspx?text=Race&type=SW&map=CTY
ND,2024,Stark,453902,003902,94,733,11,838,115,708,7,830,https://results.sos.nd.gov/ResultsSW.aspx?text=Race&type=SW&map=CTY
ND,2024,Stark,453903,003903,62,622,9,693,65,598,4,667,https://results.sos.nd.gov/ResultsSW.aspx?text=Race&type=SW&map=CTY
ND,2024,Steele,462901,002901,62,124,4,190,67,123,1,191,https://results.sos.nd.gov/ResultsSW.aspx?text=Race&type=SW&map=CTY
ND,2024,Steele,462902,002902,90,142,6,238,112,122,1,235,https://results.sos.nd.gov/ResultsSW.aspx?text=Race&type=SW&map=CTY
ND,2024,Steele,462903,002903,59,93,6,158,66,90,0,156,https://results.sos.nd.gov/ResultsSW.aspx?text=Race&type=SW&map=CTY
ND,2024,Steele,462904,002904,85,145,6,236,99,137,1,237,https://results.sos.nd.gov/ResultsSW.aspx?text=Race&type=SW&map=CTY
ND,2024,Steele,462905,002905,71,118,4,193,78,113,1,192,https://results.sos.nd.gov/ResultsSW.aspx?text=Race&type=SW&map=CTY
ND,2024,Stutsman,471240,001240,224,646,21,891,282,599,0,881,https://results.sos.nd.gov/ResultsSW.aspx?text=Race&type=SW&map=CTY
ND,2024,Stutsman,471250,001250,382,731,36,1149,403,731,3,1137,https://results.sos.nd.gov/ResultsSW.aspx?text=Race&type=SW&map=CTY
ND,2024,Stutsman,471260,001260,482,956,34,1472,531,908,2,1441,https://results.sos.nd.gov/ResultsSW.aspx?text=Race&type=SW&map=CTY
ND,2024,Stutsman,471270,001270,336,764,38,1138,391,719,2,1112,https://results.sos.nd.gov/ResultsSW.aspx?text=Race&type=SW&map=CTY
ND,2024,Stutsman,471280,001280,409,950,41,1400,482,880,3,1365,https://results.sos.nd.gov/ResultsSW.aspx?text=Race&type=SW&map=CTY
ND,2024,Stutsman,471290,001290,246,603,31,880,283,579,1,863,https://results.sos.nd.gov/ResultsSW.aspx?text=Race&type=SW&map=CTY
ND,2024,Stutsman,472910,002910,71,591,11,673,106,562,4,672,https://results.sos.nd.gov/ResultsSW.aspx?text=Race&type=SW&map=CTY
ND,2024,Stutsman,472920,002920,343,1394,32,1769,434,1298,1,1733,https://results.sos.nd.gov/ResultsSW.aspx?text=Race&type=SW&map=CTY
ND,2024,Stutsman,472930,002930,199,550,13,762,259,495,0,754,https://results.sos.nd.gov/ResultsSW.aspx?text=Race&type=SW&map=CTY
ND,2024,Towner,481501,001501,159,527,19,705,197,507,1,705,https://results.sos.nd.gov/ResultsSW.aspx?text=Race&type=SW&map=CTY
ND,2024,Towner,481502,001502,46,141,7,194,59,135,0,194,https://results.sos.nd.gov/ResultsSW.aspx?text=Race&type=SW&map=CTY
ND,2024,Towner,481503,001503,84,128,3,215,99,115,1,215,https://results.sos.nd.gov/ResultsSW.aspx?text=Race&type=SW&map=CTY
ND,2024,Traill,492001,002001,56,148,3,207,63,143,0,206,https://results.sos.nd.gov/ResultsSW.aspx?text=Race&type=SW&map=CTY
ND,2024,Traill,492002,002002,132,267,10,409,145,266,1,412,https://results.sos.nd.gov/ResultsSW.aspx?text=Race&type=SW&map=CTY
ND,2024,Traill,492003,002003,61,158,5,224,69,156,2,227,https://results.sos.nd.gov/ResultsSW.aspx?text=Race&type=SW&map=CTY
ND,2024,Traill,492004,002004,70,120,4,194,81,109,1,191,https://results.sos.nd.gov/ResultsSW.aspx?text=Race&type=SW&map=CTY
ND,2024,Traill,492005,002005,40,83,3,126,49,76,1,126,https://results.sos.nd.gov/ResultsSW.aspx?text=Race&type=SW&map=CTY
ND,2024,Traill,492006,002006,27,65,1,93,28,63,1,92,https://results.sos.nd.gov/ResultsSW.aspx?text=Race&type=SW&map=CTY
ND,2024,Traill,492007,002007,151,338,9,498,169,327,3,499,https://results.sos.nd.gov/ResultsSW.aspx?text=Race&type=SW&map=CTY
ND,2024,Traill,492008,002008,99,177,7,283,107,170,0,277,https://results.sos.nd.gov/ResultsSW.aspx?text=Race&type=SW&map=CTY
ND,2024,Traill,492009,002009,145,292,12,449,158,290,1,449,https://results.sos.nd.gov/ResultsSW.aspx?text=Race&type=SW&map=CTY
ND,2024,Traill,492010,002010,146,243,17,406,160,243,1,404,https://results.sos.nd.gov/ResultsSW.aspx?text=Race&type=SW&map=CTY
ND,2024,Traill,492011,002011,278,520,22,820,304,519,1,824,https://results.sos.nd.gov/ResultsSW.aspx?text=Race&type=SW&map=CTY
ND,2024,Traill,492012,002012,154,239,13,406,156,250,1,407,https://results.sos.nd.gov/ResultsSW.aspx?text=Race&type=SW&map=CTY
ND,2024,Walsh,501902,001902,1075,2911,126,4112,1247,2849,12,4108,https://results.sos.nd.gov/ResultsSW.aspx?text=Race&type=SW&map=CTY
ND,2024,Walsh,502001,002001,98,275,11,384,108,275,2,385,https://results.sos.nd.gov/ResultsSW.aspx?text=Race&type=SW&map=CTY
ND,2024,Ward,510301,000301,172,784,22,978,194,768,1,963,https://results.sos.nd.gov/ResultsSW.aspx?text=Race&type=SW&map=CTY
ND,2024,Ward,510302,000302,195,788,22,1005,217,765,8,990,https://results.sos.nd.gov/ResultsSW.aspx?text=Race&type=SW&map=CTY
ND,2024,Ward,510303,000303,138,683,13,834,170,650,6,826,https://results.sos.nd.gov/ResultsSW.aspx?text=Race&type=SW&map=CTY
ND,2024,Ward,510304,000304,1068,2415,115,3598,1145,2376,22,3543,https://results.sos.nd.gov/ResultsSW.aspx?text=Race&type=SW&map=CTY
ND,2024,Ward,513811,003811,55,175,2,232,58,168,1,227,https://results.sos.nd.gov/ResultsSW.aspx?text=Race&type=SW&map=CTY
ND,2024,Ward,513812,003812,1107,3011,90,4208,1172,2974,10,4156,https://results.sos.nd.gov/ResultsSW.aspx?text=Race&type=SW&map=CTY
ND,2024,Ward,513813,003813,285,1358,26,1669,318,1325,5,1648,https://results.sos.nd.gov/ResultsSW.aspx?text=Race&type=SW&map=CTY
ND,2024,Ward,513814,003814,188,1000,22,1210,224,982,0,1206,https://results.sos.nd.gov/ResultsSW.aspx?text=Race&type=SW&map=CTY
ND,2024,Ward,514015,004015,142,457,13,612,160,438,5,603,https://results.sos.nd.gov/ResultsSW.aspx?text=Race&type=SW&map=CTY
ND,2024,Ward,514016,004016,1344,2938,132,4414,1385,2927,26,4338,https://results.sos.nd.gov/ResultsSW.aspx?text=Race&type=SW&map=CTY
ND,2024,Ward,510405,000405,133,645,14,792,162,618,3,783,https://results.sos.nd.gov/ResultsSW.aspx?text=Race&type=SW&map=CTY
ND,2024,Ward,510406,000406,122,565,16,703,155,539,4,698,https://results.sos.nd.gov/ResultsSW.aspx?text=Race&type=SW&map=CTY
ND,2024,Ward,510407,000407,10,18,0,28,14,14,0,28,https://results.sos.nd.gov/ResultsSW.aspx?text=Race&type=SW&map=CTY
ND,2024,Ward,510408,000408,78,356,13,447,99,346,1,446,https://results.sos.nd.gov/ResultsSW.aspx?text=Race&type=SW&map=CTY
ND,2024,Ward,510509,000509,2101,4963,186,7250,2202,4975,18,7195,https://results.sos.nd.gov/ResultsSW.aspx?text=Race&type=SW&map=CTY
ND,2024,Ward,510610,000610,77,479,16,572,97,463,3,563,https://results.sos.nd.gov/ResultsSW.aspx?text=Race&type=SW&map=CTY
ND,2024,Wells,521401,001401,405,1815,33,2253,537,1690,13,2240,https://results.sos.nd.gov/ResultsSW.aspx?text=Race&type=SW&map=CTY
ND,2024,Williams,530121,000121,332,1834,49,2215,372,1776,8,2156,https://results.sos.nd.gov/ResultsSW.aspx?text=Race&type=SW&map=CTY
ND,2024,Williams,530124,000124,0,3,0,3,0,2,0,2,https://results.sos.nd.gov/ResultsSW.aspx?text=Race&type=SW&map=CTY
ND,2024,Williams,530131,000131,246,1042,43,1331,264,1034,5,1303,https://results.sos.nd.gov/ResultsSW.aspx?text=Race&type=SW&map=CTY
ND,2024,Williams,530141,000141,496,1879,79,2454,526,1858,14,2398,https://results.sos.nd.gov/ResultsSW.aspx?text=Race&type=SW&map=CTY
ND,2024,Williams,530156,000156,12,104,3,119,14,105,0,119,https://results.sos.nd.gov/ResultsSW.aspx?text=Race&type=SW&map=CTY
ND,2024,Williams,530212,000212,43,387,5,435,63,358,4,425,https://results.sos.nd.gov/ResultsSW.aspx?text=Race&type=SW&map=CTY
ND,2024,Williams,530220,000220,0,1,0,1,0,1,0,1,https://results.sos.nd.gov/ResultsSW.aspx?text=Race&type=SW&map=CTY
ND,2024,Williams,532313,002313,277,1457,40,1774,295,1411,10,1716,https://results.sos.nd.gov/ResultsSW.aspx?text=Race&type=SW&map=CTY
ND,2024,Williams,532314,002314,103,575,13,691,126,550,3,679,https://results.sos.nd.gov/ResultsSW.aspx?text=Race&type=SW&map=CTY
ND,2024,Williams,532322,002322,50,482,10,542,57,484,0,541,https://results.sos.nd.gov/ResultsSW.aspx?text=Race&type=SW&map=CTY
ND,2024,Williams,532323,002323,33,193,3,229,37,181,1,219,https://results.sos.nd.gov/ResultsSW.aspx?text=Race&type=SW&map=CTY
ND,2024,Williams,532333,002333,140,782,19,941,155,746,1,902,https://results.sos.nd.gov/ResultsSW.aspx?text=Race&type=SW&map=CTY
ND,2024,Williams,532343,002343,100,513,10,623,105,490,2,597,https://results.sos.nd.gov/ResultsSW.aspx?text=Race&type=SW&map=CTY
ND,2024,Williams,532352,002352,5,84,3,92,9,82,0,91,https://results.sos.nd.gov/ResultsSW.aspx?text=Race&type=SW&map=CTY
ND,2024,Williams,530254,000254,223,1873,36,2132,274,1810,18,2102,https://results.sos.nd.gov/ResultsSW.aspx?text=Race&type=SW&map=CTY
ND,2024,Williams,530262,000262,6,42,2,50,7,42,0,49,https://results.sos.nd.gov/ResultsSW.aspx?text=Race&type=SW&map=CTY
ND,2024,Williams,530263,000263,66,324,10,400,79,311,4,394,https://results.sos.nd.gov/ResultsSW.aspx?text=Race&type=SW&map=CTY
ND,2024,Williams,530264,000264,99,744,15,858,109,735,0,844,https://results.sos.nd.gov/ResultsSW.aspx?text=Race&type=SW&map=CTY
ND,2024,Williams,530265,000265,15,59,0,74,17,57,0,74,https://results.sos.nd.gov/ResultsSW.aspx?text=Race&type=SW&map=CTY
ND,2024,Williams,530266,000266,1,15,1,17,2,13,0,15,https://results.sos.nd.gov/ResultsSW.aspx?text=Race&type=SW&map=CTY
ND,2024,Williams,530267,000267,28,89,4,121,28,92,0,120,https://results.sos.nd.gov/ResultsSW.aspx?text=Race&type=SW&map=CTY
ND,2024,Williams,530268,000268,1,19,0,20,3,18,0,21,https://results.sos.nd.gov/ResultsSW.aspx?text=Race&type=SW&map=CTY
