state,election_year,jurisdiction_name,source_level,precincts,registered_republican,registered_democratic,registered_libertarian,registered_legal_marijuana_now,registered_no_labels_nebraska,registered_nonpartisan,registered_voters,canvass_polling_place_voting,canvass_early_voting,canvass_all_mail_precincts,canvass_provisional_ballots,canvass_military_overseas,canvass_new_former_resident,canvass_total_voting,eac_ballots_cast,eac_registered_voters,ballots_cast_delta_canvass_minus_eac,registered_voters_delta_canvass_minus_eac,turnout_pct_canvass,turnout_pct_eac,source_url,eac_source_url,notes
NE,2024,Adams,county,22,11645,3782,239,113,6,3718,19503,9629,4874,0,103,12,24,14642,14642,19503,0,0,75.0756,75.0756,https://sos.nebraska.gov/sites/default/files/doc/elections/2024/2024%20General%20Canvass%20Book.pdf,https://www.eac.gov/research-and-data/studies-and-reports,Official canvass voting-statistics cross-check only; active NE ETL turnout rows remain EAC fallback until this source difference is reviewed.
NE,2024,Antelope,county,8,3318,501,24,15,5,533,4396,2786,692,0,15,3,0,3496,3496,4396,0,0,79.5268,79.5268,https://sos.nebraska.gov/sites/default/files/doc/elections/2024/2024%20General%20Canvass%20Book.pdf,https://www.eac.gov/research-and-data/studies-and-reports,Official canvass voting-statistics cross-check only; active NE ETL turnout rows remain EAC fallback until this source difference is reviewed.
NE,2024,Arthur,county,1,298,22,0,0,0,20,340,183,104,0,0,1,0,288,288,340,0,0,84.7059,84.7059,https://sos.nebraska.gov/sites/default/files/doc/elections/2024/2024%20General%20Canvass%20Book.pdf,https://www.eac.gov/research-and-data/studies-and-reports,Official canvass voting-statistics cross-check only; active NE ETL turnout rows remain EAC fallback until this source difference is reviewed.
NE,2024,Banner,county,1,428,29,7,0,0,60,524,268,120,0,1,0,1,390,388,524,2,0,74.4275,74.0458,https://sos.nebraska.gov/sites/default/files/doc/elections/2024/2024%20General%20Canvass%20Book.pdf,https://www.eac.gov/research-and-data/studies-and-reports,Official canvass voting-statistics cross-check only; active NE ETL turnout rows remain EAC fallback until this source difference is reviewed.
NE,2024,Blaine,county,1,296,24,4,0,0,30,354,186,108,0,0,0,0,294,295,354,-1,0,83.0508,83.3333,https://sos.nebraska.gov/sites/default/files/doc/elections/2024/2024%20General%20Canvass%20Book.pdf,https://www.eac.gov/research-and-data/studies-and-reports,Official canvass voting-statistics cross-check only; active NE ETL turnout rows remain EAC fallback until this source difference is reviewed.
NE,2024,Boone,county,9,2673,544,26,9,0,409,3661,0,0,3089,4,2,1,3096,3095,3661,1,0,84.5671,84.5397,https://sos.nebraska.gov/sites/default/files/doc/elections/2024/2024%20General%20Canvass%20Book.pdf,https://www.eac.gov/research-and-data/studies-and-reports,Official canvass voting-statistics cross-check only; active NE ETL turnout rows remain EAC fallback until this source difference is reviewed.
NE,2024,Box Butte,county,8,4420,1043,81,39,2,1326,6911,3101,1835,0,57,3,1,4997,4997,6911,0,0,72.3050,72.3050,https://sos.nebraska.gov/sites/default/files/doc/elections/2024/2024%20General%20Canvass%20Book.pdf,https://www.eac.gov/research-and-data/studies-and-reports,Official canvass voting-statistics cross-check only; active NE ETL turnout rows remain EAC fallback until this source difference is reviewed.
NE,2024,Boyd,county,3,1015,128,5,1,0,141,1290,886,209,0,0,0,0,1095,1095,1290,0,0,84.8837,84.8837,https://sos.nebraska.gov/sites/default/files/doc/elections/2024/2024%20General%20Canvass%20Book.pdf,https://www.eac.gov/research-and-data/studies-and-reports,Official canvass voting-statistics cross-check only; active NE ETL turnout rows remain EAC fallback until this source difference is reviewed.
NE,2024,Brown,county,3,1711,142,10,11,0,193,2067,1293,358,0,8,1,0,1660,1660,2067,0,0,80.3096,80.3096,https://sos.nebraska.gov/sites/default/files/doc/elections/2024/2024%20General%20Canvass%20Book.pdf,https://www.eac.gov/research-and-data/studies-and-reports,Official canvass voting-statistics cross-check only; active NE ETL turnout rows remain EAC fallback until this source difference is reviewed.
NE,2024,Buffalo,county,28,19377,5476,522,167,26,5835,31403,16870,7052,0,240,57,0,24219,24218,31403,1,0,77.1232,77.1200,https://sos.nebraska.gov/sites/default/files/doc/elections/2024/2024%20General%20Canvass%20Book.pdf,https://www.eac.gov/research-and-data/studies-and-reports,Official canvass voting-statistics cross-check only; active NE ETL turnout rows remain EAC fallback until this source difference is reviewed.
NE,2024,Burt,county,11,2886,1026,57,23,5,886,4883,2975,732,0,15,7,0,3729,3729,4883,0,0,76.3670,76.3670,https://sos.nebraska.gov/sites/default/files/doc/elections/2024/2024%20General%20Canvass%20Book.pdf,https://www.eac.gov/research-and-data/studies-and-reports,Official canvass voting-statistics cross-check only; active NE ETL turnout rows remain EAC fallback until this source difference is reviewed.
NE,2024,Butler,county,11,3801,983,39,19,1,894,5737,3780,871,0,21,5,0,4677,4677,5737,0,0,81.5234,81.5234,https://sos.nebraska.gov/sites/default/files/doc/elections/2024/2024%20General%20Canvass%20Book.pdf,https://www.eac.gov/research-and-data/studies-and-reports,Official canvass voting-statistics cross-check only; active NE ETL turnout rows remain EAC fallback until this source difference is reviewed.
NE,2024,Cass,county,30,10688,3846,356,106,14,4651,19661,11108,4790,0,87,41,16,16042,16037,19661,5,0,81.5930,81.5676,https://sos.nebraska.gov/sites/default/files/doc/elections/2024/2024%20General%20Canvass%20Book.pdf,https://www.eac.gov/research-and-data/studies-and-reports,Official canvass voting-statistics cross-check only; active NE ETL turnout rows remain EAC fallback until this source difference is reviewed.
NE,2024,Cedar,county,13,4069,889,43,13,2,769,5785,0,0,5018,8,0,0,5026,5025,5785,1,0,86.8799,86.8626,https://sos.nebraska.gov/sites/default/files/doc/elections/2024/2024%20General%20Canvass%20Book.pdf,https://www.eac.gov/research-and-data/studies-and-reports,Official canvass voting-statistics cross-check only; active NE ETL turnout rows remain EAC fallback until this source difference is reviewed.
NE,2024,Chase,county,5,1877,221,21,8,0,279,2406,1473,392,0,15,4,1,1885,1886,2406,-1,0,78.3458,78.3874,https://sos.nebraska.gov/sites/default/files/doc/elections/2024/2024%20General%20Canvass%20Book.pdf,https://www.eac.gov/research-and-data/studies-and-reports,Official canvass voting-statistics cross-check only; active NE ETL turnout rows remain EAC fallback until this source difference is reviewed.
NE,2024,Cherry,county,10,2966,311,27,14,3,369,3690,0,0,3103,10,5,0,3118,3118,3690,0,0,84.4986,84.4986,https://sos.nebraska.gov/sites/default/files/doc/elections/2024/2024%20General%20Canvass%20Book.pdf,https://www.eac.gov/research-and-data/studies-and-reports,Official canvass voting-statistics cross-check only; active NE ETL turnout rows remain EAC fallback until this source difference is reviewed.
NE,2024,Cheyenne,county,9,4255,759,93,34,8,1198,6347,3056,1497,0,48,7,0,4608,4609,6347,-1,0,72.6012,72.6170,https://sos.nebraska.gov/sites/default/files/doc/elections/2024/2024%20General%20Canvass%20Book.pdf,https://www.eac.gov/research-and-data/studies-and-reports,Official canvass voting-statistics cross-check only; active NE ETL turnout rows remain EAC fallback until this source difference is reviewed.
NE,2024,Clay,county,11,2969,571,43,12,1,571,4167,0,0,3364,8,7,0,3379,3379,4167,0,0,81.0895,81.0895,https://sos.nebraska.gov/sites/default/files/doc/elections/2024/2024%20General%20Canvass%20Book.pdf,https://www.eac.gov/research-and-data/studies-and-reports,Official canvass voting-statistics cross-check only; active NE ETL turnout rows remain EAC fallback until this source difference is reviewed.
NE,2024,Colfax,county,5,2801,1475,55,21,2,750,5104,2848,752,0,5,3,0,3608,3608,5104,0,0,70.6897,70.6897,https://sos.nebraska.gov/sites/default/files/doc/elections/2024/2024%20General%20Canvass%20Book.pdf,https://www.eac.gov/research-and-data/studies-and-reports,Official canvass voting-statistics cross-check only; active NE ETL turnout rows remain EAC fallback until this source difference is reviewed.
NE,2024,Cuming,county,6,3953,868,46,15,13,946,5841,2909,1136,455,42,6,0,4548,4548,5841,0,0,77.8634,77.8634,https://sos.nebraska.gov/sites/default/files/doc/elections/2024/2024%20General%20Canvass%20Book.pdf,https://www.eac.gov/research-and-data/studies-and-reports,Official canvass voting-statistics cross-check only; active NE ETL turnout rows remain EAC fallback until this source difference is reviewed.
NE,2024,Custer,county,18,5835,815,74,21,4,1053,7802,4681,1264,0,47,6,0,5998,5998,7802,0,0,76.8777,76.8777,https://sos.nebraska.gov/sites/default/files/doc/elections/2024/2024%20General%20Canvass%20Book.pdf,https://www.eac.gov/research-and-data/studies-and-reports,Official canvass voting-statistics cross-check only; active NE ETL turnout rows remain EAC fallback until this source difference is reviewed.
NE,2024,Dakota,county,12,4007,3680,142,56,15,2647,10547,4645,1578,0,76,6,0,6305,6305,10547,0,0,59.7800,59.7800,https://sos.nebraska.gov/sites/default/files/doc/elections/2024/2024%20General%20Canvass%20Book.pdf,https://www.eac.gov/research-and-data/studies-and-reports,Official canvass voting-statistics cross-check only; active NE ETL turnout rows remain EAC fallback until this source difference is reviewed.
NE,2024,Dawes,county,11,3182,841,79,23,4,956,5085,0,23,3899,36,7,0,3965,3965,5085,0,0,77.9744,77.9744,https://sos.nebraska.gov/sites/default/files/doc/elections/2024/2024%20General%20Canvass%20Book.pdf,https://www.eac.gov/research-and-data/studies-and-reports,Official canvass voting-statistics cross-check only; active NE ETL turnout rows remain EAC fallback until this source difference is reviewed.
NE,2024,Dawson,county,20,7717,2927,138,51,13,2246,13092,6947,1782,0,16,9,0,8754,8754,13092,0,0,66.8653,66.8653,https://sos.nebraska.gov/sites/default/files/doc/elections/2024/2024%20General%20Canvass%20Book.pdf,https://www.eac.gov/research-and-data/studies-and-reports,Official canvass voting-statistics cross-check only; active NE ETL turnout rows remain EAC fallback until this source difference is reviewed.
NE,2024,Deuel,county,3,1029,129,12,3,1,237,1411,783,236,0,4,1,0,1024,1024,1411,0,0,72.5726,72.5726,https://sos.nebraska.gov/sites/default/files/doc/elections/2024/2024%20General%20Canvass%20Book.pdf,https://www.eac.gov/research-and-data/studies-and-reports,Official canvass voting-statistics cross-check only; active NE ETL turnout rows remain EAC fallback until this source difference is reviewed.
NE,2024,Dixon,county,10,2381,637,36,13,0,554,3621,0,0,2946,0,8,0,2954,2954,3621,0,0,81.5797,81.5797,https://sos.nebraska.gov/sites/default/files/doc/elections/2024/2024%20General%20Canvass%20Book.pdf,https://www.eac.gov/research-and-data/studies-and-reports,Official canvass voting-statistics cross-check only; active NE ETL turnout rows remain EAC fallback until this source difference is reviewed.
NE,2024,Dodge,county,32,12004,5120,336,165,18,4905,22548,11571,5090,0,100,24,0,16785,16786,22548,-1,0,74.4412,74.4456,https://sos.nebraska.gov/sites/default/files/doc/elections/2024/2024%20General%20Canvass%20Book.pdf,https://www.eac.gov/research-and-data/studies-and-reports,Official canvass voting-statistics cross-check only; active NE ETL turnout rows remain EAC fallback until this source difference is reviewed.
NE,2024,Douglas,county,233,130822,135099,5614,3697,754,92531,368517,140298,132596,0,4188,837,1,277920,277926,368517,-6,0,75.4158,75.4174,https://sos.nebraska.gov/sites/default/files/doc/elections/2024/2024%20General%20Canvass%20Book.pdf,https://www.eac.gov/research-and-data/studies-and-reports,Official canvass voting-statistics cross-check only; active NE ETL turnout rows remain EAC fallback until this source difference is reviewed.
NE,2024,Dundy,county,4,966,89,15,4,0,154,1228,722,213,0,1,1,0,937,937,1228,0,0,76.3029,76.3029,https://sos.nebraska.gov/sites/default/files/doc/elections/2024/2024%20General%20Canvass%20Book.pdf,https://www.eac.gov/research-and-data/studies-and-reports,Official canvass voting-statistics cross-check only; active NE ETL turnout rows remain EAC fallback until this source difference is reviewed.
NE,2024,Fillmore,county,7,2680,632,47,14,1,607,3981,2300,754,0,28,0,0,3082,3082,3981,0,0,77.4177,77.4177,https://sos.nebraska.gov/sites/default/files/doc/elections/2024/2024%20General%20Canvass%20Book.pdf,https://www.eac.gov/research-and-data/studies-and-reports,Official canvass voting-statistics cross-check only; active NE ETL turnout rows remain EAC fallback until this source difference is reviewed.
NE,2024,Franklin,county,4,1540,235,22,3,5,302,2107,1214,406,0,5,4,0,1629,1629,2107,0,0,77.3137,77.3137,https://sos.nebraska.gov/sites/default/files/doc/elections/2024/2024%20General%20Canvass%20Book.pdf,https://www.eac.gov/research-and-data/studies-and-reports,Official canvass voting-statistics cross-check only; active NE ETL turnout rows remain EAC fallback until this source difference is reviewed.
NE,2024,Frontier,county,5,1443,169,10,8,0,224,1854,1136,278,0,7,1,0,1422,1422,1854,0,0,76.6990,76.6990,https://sos.nebraska.gov/sites/default/files/doc/elections/2024/2024%20General%20Canvass%20Book.pdf,https://www.eac.gov/research-and-data/studies-and-reports,Official canvass voting-statistics cross-check only; active NE ETL turnout rows remain EAC fallback until this source difference is reviewed.
NE,2024,Furnas,county,8,2387,398,42,11,2,502,3342,2105,330,0,10,3,0,2448,2448,3342,0,0,73.2496,73.2496,https://sos.nebraska.gov/sites/default/files/doc/elections/2024/2024%20General%20Canvass%20Book.pdf,https://www.eac.gov/research-and-data/studies-and-reports,Official canvass voting-statistics cross-check only; active NE ETL turnout rows remain EAC fallback until this source difference is reviewed.
NE,2024,Gage,county,10,8322,2970,176,109,14,3041,14632,5858,5230,0,48,16,0,11152,11152,14632,0,0,76.2165,76.2165,https://sos.nebraska.gov/sites/default/files/doc/elections/2024/2024%20General%20Canvass%20Book.pdf,https://www.eac.gov/research-and-data/studies-and-reports,Official canvass voting-statistics cross-check only; active NE ETL turnout rows remain EAC fallback until this source difference is reviewed.
NE,2024,Garden,county,4,1031,124,13,3,0,170,1341,0,0,1134,2,0,0,1136,1136,1341,0,0,84.7129,84.7129,https://sos.nebraska.gov/sites/default/files/doc/elections/2024/2024%20General%20Canvass%20Book.pdf,https://www.eac.gov/research-and-data/studies-and-reports,Official canvass voting-statistics cross-check only; active NE ETL turnout rows remain EAC fallback until this source difference is reviewed.
NE,2024,Garfield,county,2,1104,101,7,2,0,92,1306,790,226,0,3,5,0,1024,1024,1306,0,0,78.4074,78.4074,https://sos.nebraska.gov/sites/default/files/doc/elections/2024/2024%20General%20Canvass%20Book.pdf,https://www.eac.gov/research-and-data/studies-and-reports,Official canvass voting-statistics cross-check only; active NE ETL turnout rows remain EAC fallback until this source difference is reviewed.
NE,2024,Gosper,county,3,1092,136,9,2,4,189,1432,748,394,0,3,1,0,1146,1146,1432,0,0,80.0279,80.0279,https://sos.nebraska.gov/sites/default/files/doc/elections/2024/2024%20General%20Canvass%20Book.pdf,https://www.eac.gov/research-and-data/studies-and-reports,Official canvass voting-statistics cross-check only; active NE ETL turnout rows remain EAC fallback until this source difference is reviewed.
NE,2024,Grant,county,1,401,20,1,1,0,27,450,267,100,0,0,1,2,370,369,450,1,0,82.2222,82.0000,https://sos.nebraska.gov/sites/default/files/doc/elections/2024/2024%20General%20Canvass%20Book.pdf,https://www.eac.gov/research-and-data/studies-and-reports,Official canvass voting-statistics cross-check only; active NE ETL turnout rows remain EAC fallback until this source difference is reviewed.
NE,2024,Greeley,county,4,1076,340,10,2,1,143,1572,1062,195,0,0,1,0,1258,1258,1572,0,0,80.0254,80.0254,https://sos.nebraska.gov/sites/default/files/doc/elections/2024/2024%20General%20Canvass%20Book.pdf,https://www.eac.gov/research-and-data/studies-and-reports,Official canvass voting-statistics cross-check only; active NE ETL turnout rows remain EAC fallback until this source difference is reviewed.
NE,2024,Hall,county,24,17894,7628,438,200,41,7315,33516,15466,7619,0,230,39,5,23359,23354,33516,5,0,69.6951,69.6802,https://sos.nebraska.gov/sites/default/files/doc/elections/2024/2024%20General%20Canvass%20Book.pdf,https://www.eac.gov/research-and-data/studies-and-reports,Official canvass voting-statistics cross-check only; active NE ETL turnout rows remain EAC fallback until this source difference is reviewed.
NE,2024,Hamilton,county,11,4968,880,71,29,3,1026,6977,2242,1107,2292,22,5,0,5668,5672,6977,-4,0,81.2384,81.2957,https://sos.nebraska.gov/sites/default/files/doc/elections/2024/2024%20General%20Canvass%20Book.pdf,https://www.eac.gov/research-and-data/studies-and-reports,Official canvass voting-statistics cross-check only; active NE ETL turnout rows remain EAC fallback until this source difference is reviewed.
NE,2024,Harlan,county,2,1701,309,14,6,1,331,2362,481,223,1131,1,4,1,1841,1840,2362,1,0,77.9424,77.9001,https://sos.nebraska.gov/sites/default/files/doc/elections/2024/2024%20General%20Canvass%20Book.pdf,https://www.eac.gov/research-and-data/studies-and-reports,Official canvass voting-statistics cross-check only; active NE ETL turnout rows remain EAC fallback until this source difference is reviewed.
NE,2024,Hayes,county,3,534,27,7,1,0,59,628,338,157,0,1,2,0,498,498,628,0,0,79.2994,79.2994,https://sos.nebraska.gov/sites/default/files/doc/elections/2024/2024%20General%20Canvass%20Book.pdf,https://www.eac.gov/research-and-data/studies-and-reports,Official canvass voting-statistics cross-check only; active NE ETL turnout rows remain EAC fallback until this source difference is reviewed.
NE,2024,Hitchcock,county,4,1399,182,23,2,0,269,1875,1091,363,0,5,1,2,1462,1462,1875,0,0,77.9733,77.9733,https://sos.nebraska.gov/sites/default/files/doc/elections/2024/2024%20General%20Canvass%20Book.pdf,https://www.eac.gov/research-and-data/studies-and-reports,Official canvass voting-statistics cross-check only; active NE ETL turnout rows remain EAC fallback until this source difference is reviewed.
NE,2024,Holt,county,13,5520,749,46,20,2,727,7064,4076,1403,0,37,6,0,5522,5522,7064,0,0,78.1710,78.1710,https://sos.nebraska.gov/sites/default/files/doc/elections/2024/2024%20General%20Canvass%20Book.pdf,https://www.eac.gov/research-and-data/studies-and-reports,Official canvass voting-statistics cross-check only; active NE ETL turnout rows remain EAC fallback until this source difference is reviewed.
NE,2024,Hooker,county,1,428,49,4,0,0,50,531,336,97,0,0,0,0,433,433,531,0,0,81.5443,81.5443,https://sos.nebraska.gov/sites/default/files/doc/elections/2024/2024%20General%20Canvass%20Book.pdf,https://www.eac.gov/research-and-data/studies-and-reports,Official canvass voting-statistics cross-check only; active NE ETL turnout rows remain EAC fallback until this source difference is reviewed.
NE,2024,Howard,county,8,3141,801,64,10,8,638,4662,2635,970,0,2,1,0,3608,3607,4662,1,0,77.3917,77.3702,https://sos.nebraska.gov/sites/default/files/doc/elections/2024/2024%20General%20Canvass%20Book.pdf,https://www.eac.gov/research-and-data/studies-and-reports,Official canvass voting-statistics cross-check only; active NE ETL turnout rows remain EAC fallback until this source difference is reviewed.
NE,2024,Jefferson,county,10,3007,879,51,41,5,823,4806,2937,744,0,23,14,0,3718,3719,4806,-1,0,77.3616,77.3824,https://sos.nebraska.gov/sites/default/files/doc/elections/2024/2024%20General%20Canvass%20Book.pdf,https://www.eac.gov/research-and-data/studies-and-reports,Official canvass voting-statistics cross-check only; active NE ETL turnout rows remain EAC fallback until this source difference is reviewed.
NE,2024,Johnson,county,6,1715,594,39,7,3,485,2843,1786,410,0,2,3,0,2201,2201,2843,0,0,77.4182,77.4182,https://sos.nebraska.gov/sites/default/files/doc/elections/2024/2024%20General%20Canvass%20Book.pdf,https://www.eac.gov/research-and-data/studies-and-reports,Official canvass voting-statistics cross-check only; active NE ETL turnout rows remain EAC fallback until this source difference is reviewed.
NE,2024,Kearney,county,9,3247,644,69,12,2,633,4607,2900,762,0,11,1,0,3674,3674,4607,0,0,79.7482,79.7482,https://sos.nebraska.gov/sites/default/files/doc/elections/2024/2024%20General%20Canvass%20Book.pdf,https://www.eac.gov/research-and-data/studies-and-reports,Official canvass voting-statistics cross-check only; active NE ETL turnout rows remain EAC fallback until this source difference is reviewed.
NE,2024,Keith,county,9,3920,683,59,21,4,1050,5737,3035,1190,0,37,9,0,4271,4271,5737,0,0,74.4466,74.4466,https://sos.nebraska.gov/sites/default/files/doc/elections/2024/2024%20General%20Canvass%20Book.pdf,https://www.eac.gov/research-and-data/studies-and-reports,Official canvass voting-statistics cross-check only; active NE ETL turnout rows remain EAC fallback until this source difference is reviewed.
NE,2024,Keya Paha,county,3,558,40,3,0,0,33,634,357,187,0,3,1,0,548,548,634,0,0,86.4353,86.4353,https://sos.nebraska.gov/sites/default/files/doc/elections/2024/2024%20General%20Canvass%20Book.pdf,https://www.eac.gov/research-and-data/studies-and-reports,Official canvass voting-statistics cross-check only; active NE ETL turnout rows remain EAC fallback until this source difference is reviewed.
NE,2024,Kimball,county,5,1855,308,35,7,1,400,2606,1180,543,0,15,3,0,1741,1741,2606,0,0,66.8074,66.8074,https://sos.nebraska.gov/sites/default/files/doc/elections/2024/2024%20General%20Canvass%20Book.pdf,https://www.eac.gov/research-and-data/studies-and-reports,Official canvass voting-statistics cross-check only; active NE ETL turnout rows remain EAC fallback until this source difference is reviewed.
NE,2024,Knox,county,7,3698,975,41,19,1,791,5525,0,0,4520,5,4,0,4529,4529,5525,0,0,81.9729,81.9729,https://sos.nebraska.gov/sites/default/files/doc/elections/2024/2024%20General%20Canvass%20Book.pdf,https://www.eac.gov/research-and-data/studies-and-reports,Official canvass voting-statistics cross-check only; active NE ETL turnout rows remain EAC fallback until this source difference is reviewed.
NE,2024,Lancaster,county,198,82891,69582,3293,1545,199,48896,206406,95469,62069,0,3068,553,1,161160,161148,206406,12,0,78.0791,78.0733,https://sos.nebraska.gov/sites/default/files/doc/elections/2024/2024%20General%20Canvass%20Book.pdf,https://www.eac.gov/research-and-data/studies-and-reports,Official canvass voting-statistics cross-check only; active NE ETL turnout rows remain EAC fallback until this source difference is reviewed.
NE,2024,Lincoln,county,24,14762,4081,341,148,18,4369,23719,10468,6056,0,200,31,7,16762,16754,23719,8,0,70.6691,70.6354,https://sos.nebraska.gov/sites/default/files/doc/elections/2024/2024%20General%20Canvass%20Book.pdf,https://www.eac.gov/research-and-data/studies-and-reports,Official canvass voting-statistics cross-check only; active NE ETL turnout rows remain EAC fallback until this source difference is reviewed.
NE,2024,Logan,county,1,446,39,5,0,0,64,554,356,88,0,1,0,0,445,445,554,0,0,80.3249,80.3249,https://sos.nebraska.gov/sites/default/files/doc/elections/2024/2024%20General%20Canvass%20Book.pdf,https://www.eac.gov/research-and-data/studies-and-reports,Official canvass voting-statistics cross-check only; active NE ETL turnout rows remain EAC fallback until this source difference is reviewed.
NE,2024,Loup,county,1,427,59,2,0,0,30,518,317,120,0,0,0,0,437,437,518,0,0,84.3629,84.3629,https://sos.nebraska.gov/sites/default/files/doc/elections/2024/2024%20General%20Canvass%20Book.pdf,https://www.eac.gov/research-and-data/studies-and-reports,Official canvass voting-statistics cross-check only; active NE ETL turnout rows remain EAC fallback until this source difference is reviewed.
NE,2024,Madison,county,19,14077,3824,272,140,12,4158,22483,11439,4376,0,147,31,0,15993,15988,22483,5,0,71.1337,71.1115,https://sos.nebraska.gov/sites/default/files/doc/elections/2024/2024%20General%20Canvass%20Book.pdf,https://www.eac.gov/research-and-data/studies-and-reports,Official canvass voting-statistics cross-check only; active NE ETL turnout rows remain EAC fallback until this source difference is reviewed.
NE,2024,McPherson,county,1,300,22,5,0,0,17,344,203,85,0,0,0,0,288,288,344,0,0,83.7209,83.7209,https://sos.nebraska.gov/sites/default/files/doc/elections/2024/2024%20General%20Canvass%20Book.pdf,https://www.eac.gov/research-and-data/studies-and-reports,Official canvass voting-statistics cross-check only; active NE ETL turnout rows remain EAC fallback until this source difference is reviewed.
NE,2024,Merrick,county,15,3854,659,39,20,5,712,5289,0,0,4423,15,1,2,4441,4436,5289,5,0,83.9667,83.8722,https://sos.nebraska.gov/sites/default/files/doc/elections/2024/2024%20General%20Canvass%20Book.pdf,https://www.eac.gov/research-and-data/studies-and-reports,Official canvass voting-statistics cross-check only; active NE ETL turnout rows remain EAC fallback until this source difference is reviewed.
NE,2024,Morrill,county,9,2165,343,33,10,1,415,2967,0,0,2464,0,2,0,2466,2466,2967,0,0,83.1143,83.1143,https://sos.nebraska.gov/sites/default/files/doc/elections/2024/2024%20General%20Canvass%20Book.pdf,https://www.eac.gov/research-and-data/studies-and-reports,Official canvass voting-statistics cross-check only; active NE ETL turnout rows remain EAC fallback until this source difference is reviewed.
NE,2024,Nance,county,5,1604,468,26,7,1,298,2404,1203,454,206,7,1,0,1871,1871,2404,0,0,77.8286,77.8286,https://sos.nebraska.gov/sites/default/files/doc/elections/2024/2024%20General%20Canvass%20Book.pdf,https://www.eac.gov/research-and-data/studies-and-reports,Official canvass voting-statistics cross-check only; active NE ETL turnout rows remain EAC fallback until this source difference is reviewed.
NE,2024,Nemaha,county,9,2661,827,62,17,1,901,4469,2485,958,0,29,7,1,3480,3480,4469,0,0,77.8698,77.8698,https://sos.nebraska.gov/sites/default/files/doc/elections/2024/2024%20General%20Canvass%20Book.pdf,https://www.eac.gov/research-and-data/studies-and-reports,Official canvass voting-statistics cross-check only; active NE ETL turnout rows remain EAC fallback until this source difference is reviewed.
NE,2024,Nuckolls,county,4,2146,492,24,17,0,450,3129,1842,444,0,4,1,1,2292,2292,3129,0,0,73.2502,73.2502,https://sos.nebraska.gov/sites/default/files/doc/elections/2024/2024%20General%20Canvass%20Book.pdf,https://www.eac.gov/research-and-data/studies-and-reports,Official canvass voting-statistics cross-check only; active NE ETL turnout rows remain EAC fallback until this source difference is reviewed.
NE,2024,Otoe,county,10,6209,2147,141,44,9,2293,10843,6097,2201,0,34,17,0,8349,8350,10843,-1,0,76.9990,77.0082,https://sos.nebraska.gov/sites/default/files/doc/elections/2024/2024%20General%20Canvass%20Book.pdf,https://www.eac.gov/research-and-data/studies-and-reports,Official canvass voting-statistics cross-check only; active NE ETL turnout rows remain EAC fallback until this source difference is reviewed.
NE,2024,Pawnee,county,5,1196,318,17,12,0,253,1796,1107,295,0,0,0,0,1402,1406,1796,-4,0,78.0624,78.2851,https://sos.nebraska.gov/sites/default/files/doc/elections/2024/2024%20General%20Canvass%20Book.pdf,https://www.eac.gov/research-and-data/studies-and-reports,Official canvass voting-statistics cross-check only; active NE ETL turnout rows remain EAC fallback until this source difference is reviewed.
NE,2024,Perkins,county,2,1396,197,13,4,2,235,1847,792,652,0,1,3,0,1448,1448,1847,0,0,78.3974,78.3974,https://sos.nebraska.gov/sites/default/files/doc/elections/2024/2024%20General%20Canvass%20Book.pdf,https://www.eac.gov/research-and-data/studies-and-reports,Official canvass voting-statistics cross-check only; active NE ETL turnout rows remain EAC fallback until this source difference is reviewed.
NE,2024,Phelps,county,12,4636,710,72,23,5,803,6249,2778,1114,1143,15,4,1,5055,5055,6249,0,0,80.8929,80.8929,https://sos.nebraska.gov/sites/default/files/doc/elections/2024/2024%20General%20Canvass%20Book.pdf,https://www.eac.gov/research-and-data/studies-and-reports,Official canvass voting-statistics cross-check only; active NE ETL turnout rows remain EAC fallback until this source difference is reviewed.
NE,2024,Pierce,county,5,3719,469,39,16,3,696,4942,3151,805,0,3,5,0,3964,3965,4942,-1,0,80.2104,80.2307,https://sos.nebraska.gov/sites/default/files/doc/elections/2024/2024%20General%20Canvass%20Book.pdf,https://www.eac.gov/research-and-data/studies-and-reports,Official canvass voting-statistics cross-check only; active NE ETL turnout rows remain EAC fallback until this source difference is reviewed.
NE,2024,Platte,county,27,13619,3569,221,101,15,3291,20816,10812,5052,0,91,37,1,15993,15992,20816,1,0,76.8303,76.8255,https://sos.nebraska.gov/sites/default/files/doc/elections/2024/2024%20General%20Canvass%20Book.pdf,https://www.eac.gov/research-and-data/studies-and-reports,Official canvass voting-statistics cross-check only; active NE ETL turnout rows remain EAC fallback until this source difference is reviewed.
NE,2024,Polk,county,8,2574,509,39,7,1,511,3641,2175,686,0,12,6,0,2879,2879,3641,0,0,79.0717,79.0717,https://sos.nebraska.gov/sites/default/files/doc/elections/2024/2024%20General%20Canvass%20Book.pdf,https://www.eac.gov/research-and-data/studies-and-reports,Official canvass voting-statistics cross-check only; active NE ETL turnout rows remain EAC fallback until this source difference is reviewed.
NE,2024,Red Willow,county,13,4977,826,81,33,1,1165,7083,3640,1716,0,49,9,3,5417,5429,7083,-12,0,76.4789,76.6483,https://sos.nebraska.gov/sites/default/files/doc/elections/2024/2024%20General%20Canvass%20Book.pdf,https://www.eac.gov/research-and-data/studies-and-reports,Official canvass voting-statistics cross-check only; active NE ETL turnout rows remain EAC fallback until this source difference is reviewed.
NE,2024,Richardson,county,15,3228,1083,36,31,5,851,5234,2454,876,640,28,7,1,4006,4006,5234,0,0,76.5380,76.5380,https://sos.nebraska.gov/sites/default/files/doc/elections/2024/2024%20General%20Canvass%20Book.pdf,https://www.eac.gov/research-and-data/studies-and-reports,Official canvass voting-statistics cross-check only; active NE ETL turnout rows remain EAC fallback until this source difference is reviewed.
NE,2024,Rock,county,1,934,69,6,1,1,61,1072,628,218,0,0,0,0,846,846,1072,0,0,78.9179,78.9179,https://sos.nebraska.gov/sites/default/files/doc/elections/2024/2024%20General%20Canvass%20Book.pdf,https://www.eac.gov/research-and-data/studies-and-reports,Official canvass voting-statistics cross-check only; active NE ETL turnout rows remain EAC fallback until this source difference is reviewed.
NE,2024,Saline,county,9,3918,2350,109,38,12,1524,7951,4685,1072,0,25,9,0,5791,5791,7951,0,0,72.8336,72.8336,https://sos.nebraska.gov/sites/default/files/doc/elections/2024/2024%20General%20Canvass%20Book.pdf,https://www.eac.gov/research-and-data/studies-and-reports,Official canvass voting-statistics cross-check only; active NE ETL turnout rows remain EAC fallback until this source difference is reviewed.
NE,2024,Sarpy,county,81,57763,33720,2318,854,205,35228,130088,62478,38868,0,769,317,6,102438,102382,130088,56,0,78.7452,78.7021,https://sos.nebraska.gov/sites/default/files/doc/elections/2024/2024%20General%20Canvass%20Book.pdf,https://www.eac.gov/research-and-data/studies-and-reports,Official canvass voting-statistics cross-check only; active NE ETL turnout rows remain EAC fallback until this source difference is reviewed.
NE,2024,Saunders,county,19,10571,2883,204,72,10,2951,16691,10253,3464,0,52,28,1,13798,13795,16691,3,0,82.6673,82.6493,https://sos.nebraska.gov/sites/default/files/doc/elections/2024/2024%20General%20Canvass%20Book.pdf,https://www.eac.gov/research-and-data/studies-and-reports,Official canvass voting-statistics cross-check only; active NE ETL turnout rows remain EAC fallback until this source difference is reviewed.
NE,2024,Scotts Bluff,county,29,13134,4508,323,139,25,4899,23028,9855,5315,0,176,26,2,15374,15369,23028,5,0,66.7622,66.7405,https://sos.nebraska.gov/sites/default/files/doc/elections/2024/2024%20General%20Canvass%20Book.pdf,https://www.eac.gov/research-and-data/studies-and-reports,Official canvass voting-statistics cross-check only; active NE ETL turnout rows remain EAC fallback until this source difference is reviewed.
NE,2024,Seward,county,16,7138,2054,148,41,9,2193,11583,7375,1935,0,49,19,0,9378,9378,11583,0,0,80.9635,80.9635,https://sos.nebraska.gov/sites/default/files/doc/elections/2024/2024%20General%20Canvass%20Book.pdf,https://www.eac.gov/research-and-data/studies-and-reports,Official canvass voting-statistics cross-check only; active NE ETL turnout rows remain EAC fallback until this source difference is reviewed.
NE,2024,Sheridan,county,8,2524,368,27,10,3,456,3388,1985,524,0,11,3,3,2526,2524,3388,2,0,74.5573,74.4982,https://sos.nebraska.gov/sites/default/files/doc/elections/2024/2024%20General%20Canvass%20Book.pdf,https://www.eac.gov/research-and-data/studies-and-reports,Official canvass voting-statistics cross-check only; active NE ETL turnout rows remain EAC fallback until this source difference is reviewed.
NE,2024,Sherman,county,6,1363,486,15,7,1,219,2091,1343,367,0,7,2,0,1719,1719,2091,0,0,82.2095,82.2095,https://sos.nebraska.gov/sites/default/files/doc/elections/2024/2024%20General%20Canvass%20Book.pdf,https://www.eac.gov/research-and-data/studies-and-reports,Official canvass voting-statistics cross-check only; active NE ETL turnout rows remain EAC fallback until this source difference is reviewed.
NE,2024,Sioux,county,2,681,69,6,1,0,92,849,567,112,0,2,1,3,685,682,849,3,0,80.6832,80.3298,https://sos.nebraska.gov/sites/default/files/doc/elections/2024/2024%20General%20Canvass%20Book.pdf,https://www.eac.gov/research-and-data/studies-and-reports,Official canvass voting-statistics cross-check only; active NE ETL turnout rows remain EAC fallback until this source difference is reviewed.
NE,2024,Stanton,county,10,2742,462,35,15,1,489,3744,0,0,3110,3,0,0,3113,3113,3744,0,0,83.1464,83.1464,https://sos.nebraska.gov/sites/default/files/doc/elections/2024/2024%20General%20Canvass%20Book.pdf,https://www.eac.gov/research-and-data/studies-and-reports,Official canvass voting-statistics cross-check only; active NE ETL turnout rows remain EAC fallback until this source difference is reviewed.
NE,2024,Thayer,county,4,2484,557,28,9,3,514,3595,1120,428,1348,22,6,0,2924,2923,3595,1,0,81.3352,81.3074,https://sos.nebraska.gov/sites/default/files/doc/elections/2024/2024%20General%20Canvass%20Book.pdf,https://www.eac.gov/research-and-data/studies-and-reports,Official canvass voting-statistics cross-check only; active NE ETL turnout rows remain EAC fallback until this source difference is reviewed.
NE,2024,Thomas,county,1,396,38,0,4,0,54,492,266,135,0,0,0,0,401,401,492,0,0,81.5041,81.5041,https://sos.nebraska.gov/sites/default/files/doc/elections/2024/2024%20General%20Canvass%20Book.pdf,https://www.eac.gov/research-and-data/studies-and-reports,Official canvass voting-statistics cross-check only; active NE ETL turnout rows remain EAC fallback until this source difference is reviewed.
NE,2024,Thurston,county,6,1317,1784,28,35,7,629,3800,1823,345,0,4,8,0,2180,2179,3800,1,0,57.3684,57.3421,https://sos.nebraska.gov/sites/default/files/doc/elections/2024/2024%20General%20Canvass%20Book.pdf,https://www.eac.gov/research-and-data/studies-and-reports,Official canvass voting-statistics cross-check only; active NE ETL turnout rows remain EAC fallback until this source difference is reviewed.
NE,2024,Valley,county,7,2196,415,18,10,1,337,2977,1832,491,0,9,2,0,2334,2334,2977,0,0,78.4011,78.4011,https://sos.nebraska.gov/sites/default/files/doc/elections/2024/2024%20General%20Canvass%20Book.pdf,https://www.eac.gov/research-and-data/studies-and-reports,Official canvass voting-statistics cross-check only; active NE ETL turnout rows remain EAC fallback until this source difference is reviewed.
NE,2024,Washington,county,15,9267,2705,219,80,15,3254,15540,8395,4302,0,56,42,1,12796,12793,15540,3,0,82.3423,82.3230,https://sos.nebraska.gov/sites/default/files/doc/elections/2024/2024%20General%20Canvass%20Book.pdf,https://www.eac.gov/research-and-data/studies-and-reports,Official canvass voting-statistics cross-check only; active NE ETL turnout rows remain EAC fallback until this source difference is reviewed.
NE,2024,Wayne,county,10,3427,850,86,11,3,857,5234,1369,649,2132,26,7,0,4183,4183,5234,0,0,79.9198,79.9198,https://sos.nebraska.gov/sites/default/files/doc/elections/2024/2024%20General%20Canvass%20Book.pdf,https://www.eac.gov/research-and-data/studies-and-reports,Official canvass voting-statistics cross-check only; active NE ETL turnout rows remain EAC fallback until this source difference is reviewed.
NE,2024,Webster,county,5,1622,313,30,1,4,338,2308,1443,332,0,2,1,0,1778,1778,2308,0,0,77.0364,77.0364,https://sos.nebraska.gov/sites/default/files/doc/elections/2024/2024%20General%20Canvass%20Book.pdf,https://www.eac.gov/research-and-data/studies-and-reports,Official canvass voting-statistics cross-check only; active NE ETL turnout rows remain EAC fallback until this source difference is reviewed.
NE,2024,Wheeler,county,1,467,69,7,0,0,44,587,348,142,0,1,0,0,491,491,587,0,0,83.6457,83.6457,https://sos.nebraska.gov/sites/default/files/doc/elections/2024/2024%20General%20Canvass%20Book.pdf,https://www.eac.gov/research-and-data/studies-and-reports,Official canvass voting-statistics cross-check only; active NE ETL turnout rows remain EAC fallback until this source difference is reviewed.
NE,2024,York,county,12,6353,1368,104,45,8,1547,9425,4769,2316,0,47,21,1,7154,7153,9425,1,0,75.9045,75.8939,https://sos.nebraska.gov/sites/default/files/doc/elections/2024/2024%20General%20Canvass%20Book.pdf,https://www.eac.gov/research-and-data/studies-and-reports,Official canvass voting-statistics cross-check only; active NE ETL turnout rows remain EAC fallback until this source difference is reviewed.
