state,election_year,county,local_unit,pres_harris,pres_trump,pres_other,pres_total,comparison_dem,comparison_rep,comparison_other,comparison_total,cvr_rows,source_url
NV,2024,Washoe County,100000.1 (16100001),663,262,16,941,658,248,32,938,941,https://www.washoecounty.gov/voters/results/resultsfiles/2024generalcvr.csv
NV,2024,Washoe County,100100.1 (16100101),174,135,5,314,173,112,20,305,315,https://www.washoecounty.gov/voters/results/resultsfiles/2024generalcvr.csv
NV,2024,Washoe County,100200.1 (16100201),691,421,28,1140,672,393,69,1134,1141,https://www.washoecounty.gov/voters/results/resultsfiles/2024generalcvr.csv
NV,2024,Washoe County,100300.1 (16100301),453,210,10,673,445,189,33,667,673,https://www.washoecounty.gov/voters/results/resultsfiles/2024generalcvr.csv
NV,2024,Washoe County,100400.1 (16100401),7,2,0,9,7,2,1,10,10,https://www.washoecounty.gov/voters/results/resultsfiles/2024generalcvr.csv
NV,2024,Washoe County,100600.1 (16100601),425,210,10,645,416,197,29,642,647,https://www.washoecounty.gov/voters/results/resultsfiles/2024generalcvr.csv
NV,2024,Washoe County,100700.1 (16100701),833,639,33,1505,854,611,33,1498,1509,https://www.washoecounty.gov/voters/results/resultsfiles/2024generalcvr.csv
NV,2024,Washoe County,100800.1 (16100801),898,531,18,1447,896,514,31,1441,1448,https://www.washoecounty.gov/voters/results/resultsfiles/2024generalcvr.csv
NV,2024,Washoe County,100900.1 (16100901),189,82,7,278,187,78,14,279,280,https://www.washoecounty.gov/voters/results/resultsfiles/2024generalcvr.csv
NV,2024,Washoe County,101000.1 (16101001),722,431,18,1171,721,414,35,1170,1173,https://www.washoecounty.gov/voters/results/resultsfiles/2024generalcvr.csv
NV,2024,Washoe County,101100.1 (16101101),245,143,5,393,248,120,22,390,396,https://www.washoecounty.gov/voters/results/resultsfiles/2024generalcvr.csv
NV,2024,Washoe County,101200.1 (16101201),565,365,14,944,568,336,39,943,945,https://www.washoecounty.gov/voters/results/resultsfiles/2024generalcvr.csv
NV,2024,Washoe County,101300.1 (16101301),0,1,0,1,0,0,0,0,1,https://www.washoecounty.gov/voters/results/resultsfiles/2024generalcvr.csv
NV,2024,Washoe County,101400.1 (16101401),481,253,12,746,481,238,27,746,748,https://www.washoecounty.gov/voters/results/resultsfiles/2024generalcvr.csv
NV,2024,Washoe County,101600.1 (16101601),211,148,7,366,216,127,21,364,366,https://www.washoecounty.gov/voters/results/resultsfiles/2024generalcvr.csv
NV,2024,Washoe County,101700.1 (16101701),112,55,3,170,105,46,16,167,170,https://www.washoecounty.gov/voters/results/resultsfiles/2024generalcvr.csv
NV,2024,Washoe County,102000.1 (16102001),673,426,17,1116,676,415,24,1115,1117,https://www.washoecounty.gov/voters/results/resultsfiles/2024generalcvr.csv
NV,2024,Washoe County,102400.1 (16102401),731,522,21,1274,755,495,22,1272,1276,https://www.washoecounty.gov/voters/results/resultsfiles/2024generalcvr.csv
NV,2024,Washoe County,102600.1 (16102601),847,643,24,1514,865,610,32,1507,1518,https://www.washoecounty.gov/voters/results/resultsfiles/2024generalcvr.csv
NV,2024,Washoe County,103600.1 (16103601),514,198,11,723,507,185,30,722,723,https://www.washoecounty.gov/voters/results/resultsfiles/2024generalcvr.csv
NV,2024,Washoe County,103900.1 (16103901),364,222,11,597,369,193,33,595,598,https://www.washoecounty.gov/voters/results/resultsfiles/2024generalcvr.csv
NV,2024,Washoe County,104400.1 (16104401),259,208,4,471,258,197,14,469,472,https://www.washoecounty.gov/voters/results/resultsfiles/2024generalcvr.csv
NV,2024,Washoe County,104700.1 (16104701),65,76,2,143,67,74,3,144,144,https://www.washoecounty.gov/voters/results/resultsfiles/2024generalcvr.csv
NV,2024,Washoe County,105300.1 (16105301),170,125,2,297,174,117,5,296,297,https://www.washoecounty.gov/voters/results/resultsfiles/2024generalcvr.csv
NV,2024,Washoe County,105800.1 (16105801),0,2,0,2,0,2,0,2,2,https://www.washoecounty.gov/voters/results/resultsfiles/2024generalcvr.csv
NV,2024,Washoe County,201000.1 (16201001),731,408,21,1160,730,353,64,1147,1162,https://www.washoecounty.gov/voters/results/resultsfiles/2024generalcvr.csv
NV,2024,Washoe County,201300.1 (16201301),604,434,17,1055,597,404,46,1047,1057,https://www.washoecounty.gov/voters/results/resultsfiles/2024generalcvr.csv
NV,2024,Washoe County,201400.1 (16201401),119,94,6,219,120,79,17,216,219,https://www.washoecounty.gov/voters/results/resultsfiles/2024generalcvr.csv
NV,2024,Washoe County,201500.1 (16201501),107,164,3,274,104,164,7,275,275,https://www.washoecounty.gov/voters/results/resultsfiles/2024generalcvr.csv
NV,2024,Washoe County,201600.1 (16201601),240,193,6,439,237,195,5,437,440,https://www.washoecounty.gov/voters/results/resultsfiles/2024generalcvr.csv
NV,2024,Washoe County,201800.1 (16201801),427,318,17,762,434,286,38,758,764,https://www.washoecounty.gov/voters/results/resultsfiles/2024generalcvr.csv
NV,2024,Washoe County,201900.1 (16201901),400,555,15,970,404,536,26,966,972,https://www.washoecounty.gov/voters/results/resultsfiles/2024generalcvr.csv
NV,2024,Washoe County,202000.1 (16202001),7,13,0,20,7,12,1,20,20,https://www.washoecounty.gov/voters/results/resultsfiles/2024generalcvr.csv
NV,2024,Washoe County,202100.1 (16202101),113,97,5,215,119,85,9,213,215,https://www.washoecounty.gov/voters/results/resultsfiles/2024generalcvr.csv
NV,2024,Washoe County,202200.1 (16202201),97,130,5,232,100,123,7,230,233,https://www.washoecounty.gov/voters/results/resultsfiles/2024generalcvr.csv
NV,2024,Washoe County,202300.1 (16202301),573,428,17,1018,560,389,58,1007,1018,https://www.washoecounty.gov/voters/results/resultsfiles/2024generalcvr.csv
NV,2024,Washoe County,202400.1 (16202401),0,1,0,1,0,1,0,1,1,https://www.washoecounty.gov/voters/results/resultsfiles/2024generalcvr.csv
NV,2024,Washoe County,202700.1 (16202701),559,465,16,1040,566,443,31,1040,1044,https://www.washoecounty.gov/voters/results/resultsfiles/2024generalcvr.csv
NV,2024,Washoe County,203100.1 (16203101),595,633,17,1245,610,588,39,1237,1246,https://www.washoecounty.gov/voters/results/resultsfiles/2024generalcvr.csv
NV,2024,Washoe County,203300.1 (16203301),840,897,32,1769,854,840,71,1765,1771,https://www.washoecounty.gov/voters/results/resultsfiles/2024generalcvr.csv
NV,2024,Washoe County,203500.1 (16203501),743,948,37,1728,758,912,48,1718,1729,https://www.washoecounty.gov/voters/results/resultsfiles/2024generalcvr.csv
NV,2024,Washoe County,203700.1 (16203701),356,345,12,713,357,320,30,707,714,https://www.washoecounty.gov/voters/results/resultsfiles/2024generalcvr.csv
NV,2024,Washoe County,203800.1 (16203801),19,25,0,44,19,23,2,44,45,https://www.washoecounty.gov/voters/results/resultsfiles/2024generalcvr.csv
NV,2024,Washoe County,204100.1 (16204101),809,845,32,1686,805,826,53,1684,1689,https://www.washoecounty.gov/voters/results/resultsfiles/2024generalcvr.csv
NV,2024,Washoe County,204700.1 (16204701),670,721,20,1411,688,673,45,1406,1411,https://www.washoecounty.gov/voters/results/resultsfiles/2024generalcvr.csv
NV,2024,Washoe County,205800.1 (16205801),618,706,27,1351,625,663,53,1341,1352,https://www.washoecounty.gov/voters/results/resultsfiles/2024generalcvr.csv
NV,2024,Washoe County,206000.1 (16206001),163,183,4,350,165,167,17,349,350,https://www.washoecounty.gov/voters/results/resultsfiles/2024generalcvr.csv
NV,2024,Washoe County,206800.1 (16206801),282,328,13,623,284,322,13,619,623,https://www.washoecounty.gov/voters/results/resultsfiles/2024generalcvr.csv
NV,2024,Washoe County,207000.1 (16207001),88,151,1,240,86,148,6,240,240,https://www.washoecounty.gov/voters/results/resultsfiles/2024generalcvr.csv
NV,2024,Washoe County,208100.1 (16208101),641,727,27,1395,648,686,50,1384,1396,https://www.washoecounty.gov/voters/results/resultsfiles/2024generalcvr.csv
NV,2024,Washoe County,300100.1 (16300101),114,54,3,171,109,51,8,168,171,https://www.washoecounty.gov/voters/results/resultsfiles/2024generalcvr.csv
NV,2024,Washoe County,300300.1 (16300301),0,2,0,2,0,0,2,2,2,https://www.washoecounty.gov/voters/results/resultsfiles/2024generalcvr.csv
NV,2024,Washoe County,300500.1 (16300501),682,497,30,1209,671,471,59,1201,1210,https://www.washoecounty.gov/voters/results/resultsfiles/2024generalcvr.csv
NV,2024,Washoe County,300600.1 (16300601),0,1,0,1,0,1,0,1,1,https://www.washoecounty.gov/voters/results/resultsfiles/2024generalcvr.csv
NV,2024,Washoe County,300700.1 (16300701),465,213,10,688,461,182,40,683,690,https://www.washoecounty.gov/voters/results/resultsfiles/2024generalcvr.csv
NV,2024,Washoe County,300900.1 (16300901),330,126,16,472,338,95,36,469,472,https://www.washoecounty.gov/voters/results/resultsfiles/2024generalcvr.csv
NV,2024,Washoe County,301000.1 (16301001),5,9,0,14,5,7,2,14,14,https://www.washoecounty.gov/voters/results/resultsfiles/2024generalcvr.csv
NV,2024,Washoe County,301100.1 (16301101),435,275,20,730,410,240,65,715,730,https://www.washoecounty.gov/voters/results/resultsfiles/2024generalcvr.csv
NV,2024,Washoe County,301200.1 (16301201),611,295,15,921,613,256,44,913,923,https://www.washoecounty.gov/voters/results/resultsfiles/2024generalcvr.csv
NV,2024,Washoe County,301300.1 (16301301),81,44,2,127,82,38,6,126,127,https://www.washoecounty.gov/voters/results/resultsfiles/2024generalcvr.csv
NV,2024,Washoe County,301700.1 (16301701),275,153,7,435,273,135,18,426,437,https://www.washoecounty.gov/voters/results/resultsfiles/2024generalcvr.csv
NV,2024,Washoe County,301800.1 (16301801),670,340,13,1023,654,301,63,1018,1031,https://www.washoecounty.gov/voters/results/resultsfiles/2024generalcvr.csv
NV,2024,Washoe County,301900.1 (16301901),114,104,3,221,111,88,23,222,223,https://www.washoecounty.gov/voters/results/resultsfiles/2024generalcvr.csv
NV,2024,Washoe County,302100.1 (16302101),6,5,0,11,5,4,2,11,11,https://www.washoecounty.gov/voters/results/resultsfiles/2024generalcvr.csv
NV,2024,Washoe County,302300.1 (16302301),633,323,17,973,629,286,44,959,975,https://www.washoecounty.gov/voters/results/resultsfiles/2024generalcvr.csv
NV,2024,Washoe County,302600.1 (16302601),45,47,2,94,46,45,3,94,94,https://www.washoecounty.gov/voters/results/resultsfiles/2024generalcvr.csv
NV,2024,Washoe County,303000.1 (16303001),714,529,29,1272,720,485,62,1267,1272,https://www.washoecounty.gov/voters/results/resultsfiles/2024generalcvr.csv
NV,2024,Washoe County,400200.1 (16400201),1349,493,23,1865,1292,407,139,1838,1867,https://www.washoecounty.gov/voters/results/resultsfiles/2024generalcvr.csv
NV,2024,Washoe County,400300.1 (16400301),192,146,5,343,191,139,13,343,345,https://www.washoecounty.gov/voters/results/resultsfiles/2024generalcvr.csv
NV,2024,Washoe County,400500.1 (16400501),78,60,0,138,77,52,9,138,139,https://www.washoecounty.gov/voters/results/resultsfiles/2024generalcvr.csv
NV,2024,Washoe County,400700.1 (16400701),0,4,0,4,0,4,0,4,4,https://www.washoecounty.gov/voters/results/resultsfiles/2024generalcvr.csv
NV,2024,Washoe County,400900.1 (16400901),402,383,20,805,406,350,47,803,806,https://www.washoecounty.gov/voters/results/resultsfiles/2024generalcvr.csv
NV,2024,Washoe County,401200.1 (16401201),175,95,3,273,176,86,10,272,273,https://www.washoecounty.gov/voters/results/resultsfiles/2024generalcvr.csv
NV,2024,Washoe County,401400.1 (16401401),662,834,32,1528,683,769,69,1521,1535,https://www.washoecounty.gov/voters/results/resultsfiles/2024generalcvr.csv
NV,2024,Washoe County,401600.1 (16401601),91,84,1,176,93,71,10,174,176,https://www.washoecounty.gov/voters/results/resultsfiles/2024generalcvr.csv
NV,2024,Washoe County,401700.1 (16401701),451,441,16,908,448,397,53,898,911,https://www.washoecounty.gov/voters/results/resultsfiles/2024generalcvr.csv
NV,2024,Washoe County,401900.1 (16401901),352,275,17,644,344,250,47,641,646,https://www.washoecounty.gov/voters/results/resultsfiles/2024generalcvr.csv
NV,2024,Washoe County,402000.1 (16402001),65,40,2,107,69,35,3,107,108,https://www.washoecounty.gov/voters/results/resultsfiles/2024generalcvr.csv
NV,2024,Washoe County,402100.1 (16402101),249,318,6,573,263,297,12,572,574,https://www.washoecounty.gov/voters/results/resultsfiles/2024generalcvr.csv
NV,2024,Washoe County,402200.1 (16402201),6,11,0,17,6,11,0,17,17,https://www.washoecounty.gov/voters/results/resultsfiles/2024generalcvr.csv
NV,2024,Washoe County,402300.1 (16402301),128,143,1,272,125,119,24,268,273,https://www.washoecounty.gov/voters/results/resultsfiles/2024generalcvr.csv
NV,2024,Washoe County,402400.1 (16402401),464,432,13,909,459,376,61,896,909,https://www.washoecounty.gov/voters/results/resultsfiles/2024generalcvr.csv
NV,2024,Washoe County,402500.1 (16402501),491,509,12,1012,499,448,54,1001,1013,https://www.washoecounty.gov/voters/results/resultsfiles/2024generalcvr.csv
NV,2024,Washoe County,403100.1 (16403101),3,13,0,16,3,13,0,16,16,https://www.washoecounty.gov/voters/results/resultsfiles/2024generalcvr.csv
NV,2024,Washoe County,403300.1 (16403301),338,253,8,599,342,233,22,597,602,https://www.washoecounty.gov/voters/results/resultsfiles/2024generalcvr.csv
NV,2024,Washoe County,403500.1 (16403501),352,374,8,734,364,333,36,733,737,https://www.washoecounty.gov/voters/results/resultsfiles/2024generalcvr.csv
NV,2024,Washoe County,403700.1 (16403701),440,421,11,872,433,384,48,865,873,https://www.washoecounty.gov/voters/results/resultsfiles/2024generalcvr.csv
NV,2024,Washoe County,403900.1 (16403901),431,405,14,850,430,356,57,843,851,https://www.washoecounty.gov/voters/results/resultsfiles/2024generalcvr.csv
NV,2024,Washoe County,404000.1 (16404001),0,2,0,2,0,2,0,2,2,https://www.washoecounty.gov/voters/results/resultsfiles/2024generalcvr.csv
NV,2024,Washoe County,404100.1 (16404101),1,0,0,1,1,0,0,1,1,https://www.washoecounty.gov/voters/results/resultsfiles/2024generalcvr.csv
NV,2024,Washoe County,404300.1 (16404301),119,106,7,232,120,90,22,232,233,https://www.washoecounty.gov/voters/results/resultsfiles/2024generalcvr.csv
NV,2024,Washoe County,500000.1 (16500001),664,277,22,963,672,251,35,958,965,https://www.washoecounty.gov/voters/results/resultsfiles/2024generalcvr.csv
NV,2024,Washoe County,500100.1 (16500101),5,12,1,18,7,10,1,18,18,https://www.washoecounty.gov/voters/results/resultsfiles/2024generalcvr.csv
NV,2024,Washoe County,500600.1 (16500601),90,48,3,141,92,43,6,141,141,https://www.washoecounty.gov/voters/results/resultsfiles/2024generalcvr.csv
NV,2024,Washoe County,500800.1 (16500801),768,395,28,1191,768,376,43,1187,1192,https://www.washoecounty.gov/voters/results/resultsfiles/2024generalcvr.csv
NV,2024,Washoe County,500900.1 (16500901),321,143,7,471,322,128,16,466,471,https://www.washoecounty.gov/voters/results/resultsfiles/2024generalcvr.csv
NV,2024,Washoe County,501100.1 (16501101),997,620,37,1654,1003,581,55,1639,1655,https://www.washoecounty.gov/voters/results/resultsfiles/2024generalcvr.csv
NV,2024,Washoe County,501200.1 (16501201),576,335,22,933,589,296,43,928,933,https://www.washoecounty.gov/voters/results/resultsfiles/2024generalcvr.csv
NV,2024,Washoe County,501300.1 (16501301),559,410,13,982,566,358,47,971,983,https://www.washoecounty.gov/voters/results/resultsfiles/2024generalcvr.csv
NV,2024,Washoe County,501400.1 (16501401),803,634,36,1473,820,592,57,1469,1474,https://www.washoecounty.gov/voters/results/resultsfiles/2024generalcvr.csv
NV,2024,Washoe County,501800.1 (16501801),808,487,28,1323,828,426,57,1311,1326,https://www.washoecounty.gov/voters/results/resultsfiles/2024generalcvr.csv
NV,2024,Washoe County,501900.1 (16501901),787,628,23,1438,791,585,51,1427,1440,https://www.washoecounty.gov/voters/results/resultsfiles/2024generalcvr.csv
NV,2024,Washoe County,502000.1 (16502001),105,46,2,153,104,46,4,154,154,https://www.washoecounty.gov/voters/results/resultsfiles/2024generalcvr.csv
NV,2024,Washoe County,502200.1 (16502201),200,107,14,321,199,102,20,321,321,https://www.washoecounty.gov/voters/results/resultsfiles/2024generalcvr.csv
NV,2024,Washoe County,503000.1 (16503001),995,897,25,1917,1006,850,51,1907,1921,https://www.washoecounty.gov/voters/results/resultsfiles/2024generalcvr.csv
NV,2024,Washoe County,503100.1 (16503101),594,796,17,1407,604,777,21,1402,1411,https://www.washoecounty.gov/voters/results/resultsfiles/2024generalcvr.csv
NV,2024,Washoe County,503500.1 (16503501),771,587,27,1385,767,543,65,1375,1386,https://www.washoecounty.gov/voters/results/resultsfiles/2024generalcvr.csv
NV,2024,Washoe County,503900.1 (16503901),5,13,0,18,5,13,0,18,18,https://www.washoecounty.gov/voters/results/resultsfiles/2024generalcvr.csv
NV,2024,Washoe County,504500.1 (16504501),871,913,25,1809,885,890,27,1802,1809,https://www.washoecounty.gov/voters/results/resultsfiles/2024generalcvr.csv
NV,2024,Washoe County,504700.1 (16504701),137,166,6,309,146,157,5,308,309,https://www.washoecounty.gov/voters/results/resultsfiles/2024generalcvr.csv
NV,2024,Washoe County,504800.1 (16504801),93,171,9,273,95,168,7,270,274,https://www.washoecounty.gov/voters/results/resultsfiles/2024generalcvr.csv
NV,2024,Washoe County,505300.1 (16505301),0,4,0,4,0,4,0,4,4,https://www.washoecounty.gov/voters/results/resultsfiles/2024generalcvr.csv
NV,2024,Washoe County,610000.1 (16610001),246,148,7,401,227,138,26,391,401,https://www.washoecounty.gov/voters/results/resultsfiles/2024generalcvr.csv
NV,2024,Washoe County,610100.1 (16610101),20,17,0,37,22,11,3,36,37,https://www.washoecounty.gov/voters/results/resultsfiles/2024generalcvr.csv
NV,2024,Washoe County,610300.1 (16610301),94,94,1,189,98,80,8,186,190,https://www.washoecounty.gov/voters/results/resultsfiles/2024generalcvr.csv
NV,2024,Washoe County,610700.1 (16610701),30,54,0,84,27,50,6,83,84,https://www.washoecounty.gov/voters/results/resultsfiles/2024generalcvr.csv
NV,2024,Washoe County,610800.1 (16610801),381,248,19,648,388,208,41,637,649,https://www.washoecounty.gov/voters/results/resultsfiles/2024generalcvr.csv
NV,2024,Washoe County,611000.1 (16611001),456,357,12,825,453,311,55,819,826,https://www.washoecounty.gov/voters/results/resultsfiles/2024generalcvr.csv
NV,2024,Washoe County,611100.1 (16611101),449,329,16,794,448,289,51,788,794,https://www.washoecounty.gov/voters/results/resultsfiles/2024generalcvr.csv
NV,2024,Washoe County,611400.1 (16611401),436,324,12,772,406,292,64,762,776,https://www.washoecounty.gov/voters/results/resultsfiles/2024generalcvr.csv
NV,2024,Washoe County,611500.1 (16611501),37,23,1,61,35,20,6,61,61,https://www.washoecounty.gov/voters/results/resultsfiles/2024generalcvr.csv
NV,2024,Washoe County,620200.1 (16620201),129,99,6,234,130,82,19,231,234,https://www.washoecounty.gov/voters/results/resultsfiles/2024generalcvr.csv
NV,2024,Washoe County,620300.1 (16620301),196,105,4,305,197,88,17,302,305,https://www.washoecounty.gov/voters/results/resultsfiles/2024generalcvr.csv
NV,2024,Washoe County,620400.1 (16620401),181,188,5,374,190,169,13,372,375,https://www.washoecounty.gov/voters/results/resultsfiles/2024generalcvr.csv
NV,2024,Washoe County,620500.1 (16620501),308,218,14,540,311,187,37,535,541,https://www.washoecounty.gov/voters/results/resultsfiles/2024generalcvr.csv
NV,2024,Washoe County,620600.1 (16620601),26,6,0,32,24,6,2,32,32,https://www.washoecounty.gov/voters/results/resultsfiles/2024generalcvr.csv
NV,2024,Washoe County,621000.1 (16621001),343,280,9,632,352,251,27,630,634,https://www.washoecounty.gov/voters/results/resultsfiles/2024generalcvr.csv
NV,2024,Washoe County,621100.1 (16621101),525,350,18,893,506,316,58,880,894,https://www.washoecounty.gov/voters/results/resultsfiles/2024generalcvr.csv
NV,2024,Washoe County,621300.1 (16621301),379,300,12,691,374,268,44,686,698,https://www.washoecounty.gov/voters/results/resultsfiles/2024generalcvr.csv
NV,2024,Washoe County,621400.1 (16621401),101,84,1,186,101,74,9,184,187,https://www.washoecounty.gov/voters/results/resultsfiles/2024generalcvr.csv
NV,2024,Washoe County,630000.1 (16630001),501,423,15,939,508,391,37,936,941,https://www.washoecounty.gov/voters/results/resultsfiles/2024generalcvr.csv
NV,2024,Washoe County,630600.1 (16630601),284,225,14,523,277,211,29,517,526,https://www.washoecounty.gov/voters/results/resultsfiles/2024generalcvr.csv
NV,2024,Washoe County,630700.1 (16630701),534,434,22,990,537,390,55,982,992,https://www.washoecounty.gov/voters/results/resultsfiles/2024generalcvr.csv
NV,2024,Washoe County,630800.1 (16630801),660,660,12,1332,662,625,39,1326,1334,https://www.washoecounty.gov/voters/results/resultsfiles/2024generalcvr.csv
NV,2024,Washoe County,631000.1 (16631001),269,319,6,594,271,287,28,586,594,https://www.washoecounty.gov/voters/results/resultsfiles/2024generalcvr.csv
NV,2024,Washoe County,632000.1 (16632001),685,801,31,1517,699,751,59,1509,1520,https://www.washoecounty.gov/voters/results/resultsfiles/2024generalcvr.csv
NV,2024,Washoe County,640100.1 (16640101),0,1,0,1,0,1,0,1,1,https://www.washoecounty.gov/voters/results/resultsfiles/2024generalcvr.csv
NV,2024,Washoe County,640300.1 (16640301),501,570,20,1091,510,531,48,1089,1096,https://www.washoecounty.gov/voters/results/resultsfiles/2024generalcvr.csv
NV,2024,Washoe County,641100.1 (16641101),381,497,18,896,395,469,25,889,897,https://www.washoecounty.gov/voters/results/resultsfiles/2024generalcvr.csv
NV,2024,Washoe County,641300.1 (16641301),633,744,27,1404,657,676,59,1392,1405,https://www.washoecounty.gov/voters/results/resultsfiles/2024generalcvr.csv
NV,2024,Washoe County,641600.1 (16641601),349,467,16,832,358,437,33,828,832,https://www.washoecounty.gov/voters/results/resultsfiles/2024generalcvr.csv
NV,2024,Washoe County,641800.1 (16641801),331,483,15,829,343,460,23,826,830,https://www.washoecounty.gov/voters/results/resultsfiles/2024generalcvr.csv
NV,2024,Washoe County,642200.1 (16642201),290,378,12,680,304,355,20,679,682,https://www.washoecounty.gov/voters/results/resultsfiles/2024generalcvr.csv
NV,2024,Washoe County,642300.1 (16642301),470,668,26,1164,480,641,39,1160,1165,https://www.washoecounty.gov/voters/results/resultsfiles/2024generalcvr.csv
NV,2024,Washoe County,642500.1 (16642501),417,564,25,1006,436,519,44,999,1006,https://www.washoecounty.gov/voters/results/resultsfiles/2024generalcvr.csv
NV,2024,Washoe County,650000.1 (16650001),453,416,18,887,454,396,34,884,889,https://www.washoecounty.gov/voters/results/resultsfiles/2024generalcvr.csv
NV,2024,Washoe County,650100.1 (16650101),351,304,9,664,353,274,29,656,664,https://www.washoecounty.gov/voters/results/resultsfiles/2024generalcvr.csv
NV,2024,Washoe County,650300.1 (16650301),0,1,0,1,0,1,0,1,1,https://www.washoecounty.gov/voters/results/resultsfiles/2024generalcvr.csv
NV,2024,Washoe County,650800.1 (16650801),274,236,12,522,282,219,17,518,522,https://www.washoecounty.gov/voters/results/resultsfiles/2024generalcvr.csv
NV,2024,Washoe County,651400.1 (16651401),438,331,15,784,449,290,38,777,786,https://www.washoecounty.gov/voters/results/resultsfiles/2024generalcvr.csv
NV,2024,Washoe County,651600.1 (16651601),405,422,11,838,407,394,29,830,838,https://www.washoecounty.gov/voters/results/resultsfiles/2024generalcvr.csv
NV,2024,Washoe County,652000.1 (16652001),254,237,5,496,268,212,16,496,496,https://www.washoecounty.gov/voters/results/resultsfiles/2024generalcvr.csv
NV,2024,Washoe County,652200.1 (16652201),425,434,20,879,444,402,27,873,882,https://www.washoecounty.gov/voters/results/resultsfiles/2024generalcvr.csv
NV,2024,Washoe County,652300.1 (16652301),336,306,13,655,334,283,33,650,657,https://www.washoecounty.gov/voters/results/resultsfiles/2024generalcvr.csv
NV,2024,Washoe County,652400.1 (16652401),512,629,18,1159,510,578,64,1152,1162,https://www.washoecounty.gov/voters/results/resultsfiles/2024generalcvr.csv
NV,2024,Washoe County,653000.1 (16653001),0,1,0,1,0,1,0,1,1,https://www.washoecounty.gov/voters/results/resultsfiles/2024generalcvr.csv
NV,2024,Washoe County,653100.1 (16653101),2,2,0,4,2,2,0,4,4,https://www.washoecounty.gov/voters/results/resultsfiles/2024generalcvr.csv
NV,2024,Washoe County,710000.1 (16710001),0,4,0,4,0,4,0,4,4,https://www.washoecounty.gov/voters/results/resultsfiles/2024generalcvr.csv
NV,2024,Washoe County,710200.1 (16710201),205,238,5,448,206,234,8,448,450,https://www.washoecounty.gov/voters/results/resultsfiles/2024generalcvr.csv
NV,2024,Washoe County,730100.1 (16730101),48,55,4,107,47,51,9,107,107,https://www.washoecounty.gov/voters/results/resultsfiles/2024generalcvr.csv
NV,2024,Washoe County,730400.1 (16730401),233,186,9,428,232,157,36,425,429,https://www.washoecounty.gov/voters/results/resultsfiles/2024generalcvr.csv
NV,2024,Washoe County,730700.1 (16730701),0,5,0,5,0,5,0,5,5,https://www.washoecounty.gov/voters/results/resultsfiles/2024generalcvr.csv
NV,2024,Washoe County,730800.1 (16730801),9,34,0,43,9,33,1,43,43,https://www.washoecounty.gov/voters/results/resultsfiles/2024generalcvr.csv
NV,2024,Washoe County,730900.1 (16730901),2,3,0,5,2,3,0,5,5,https://www.washoecounty.gov/voters/results/resultsfiles/2024generalcvr.csv
NV,2024,Washoe County,731000.1 (16731001),393,414,19,826,394,379,44,817,828,https://www.washoecounty.gov/voters/results/resultsfiles/2024generalcvr.csv
NV,2024,Washoe County,731100.1 (16731101),0,1,0,1,0,1,0,1,1,https://www.washoecounty.gov/voters/results/resultsfiles/2024generalcvr.csv
NV,2024,Washoe County,731300.1 (16731301),168,189,5,362,162,171,29,362,364,https://www.washoecounty.gov/voters/results/resultsfiles/2024generalcvr.csv
NV,2024,Washoe County,731500.1 (16731501),2,0,0,2,2,0,0,2,2,https://www.washoecounty.gov/voters/results/resultsfiles/2024generalcvr.csv
NV,2024,Washoe County,731600.1 (16731601),541,481,22,1044,532,425,70,1027,1045,https://www.washoecounty.gov/voters/results/resultsfiles/2024generalcvr.csv
NV,2024,Washoe County,732200.1 (16732201),3,2,0,5,3,2,0,5,5,https://www.washoecounty.gov/voters/results/resultsfiles/2024generalcvr.csv
NV,2024,Washoe County,740100.1 (16740101),30,47,0,77,31,44,2,77,78,https://www.washoecounty.gov/voters/results/resultsfiles/2024generalcvr.csv
NV,2024,Washoe County,740200.1 (16740201),169,241,10,420,175,225,20,420,423,https://www.washoecounty.gov/voters/results/resultsfiles/2024generalcvr.csv
NV,2024,Washoe County,740300.1 (16740301),2,0,0,2,0,2,0,2,2,https://www.washoecounty.gov/voters/results/resultsfiles/2024generalcvr.csv
NV,2024,Washoe County,740400.1 (16740401),1,12,0,13,1,12,0,13,13,https://www.washoecounty.gov/voters/results/resultsfiles/2024generalcvr.csv
NV,2024,Washoe County,740600.1 (16740601),0,3,0,3,0,3,0,3,3,https://www.washoecounty.gov/voters/results/resultsfiles/2024generalcvr.csv
NV,2024,Washoe County,740700.1 (16740701),389,799,20,1208,423,732,40,1195,1209,https://www.washoecounty.gov/voters/results/resultsfiles/2024generalcvr.csv
NV,2024,Washoe County,740800.1 (16740801),122,299,9,430,135,276,17,428,430,https://www.washoecounty.gov/voters/results/resultsfiles/2024generalcvr.csv
NV,2024,Washoe County,741000.1 (16741001),475,650,20,1145,480,610,48,1138,1145,https://www.washoecounty.gov/voters/results/resultsfiles/2024generalcvr.csv
NV,2024,Washoe County,741200.1 (16741201),1,5,0,6,1,4,1,6,6,https://www.washoecounty.gov/voters/results/resultsfiles/2024generalcvr.csv
NV,2024,Washoe County,741300.1 (16741301),0,2,0,2,0,2,0,2,2,https://www.washoecounty.gov/voters/results/resultsfiles/2024generalcvr.csv
NV,2024,Washoe County,741500.1 (16741501),450,735,19,1204,460,669,68,1197,1204,https://www.washoecounty.gov/voters/results/resultsfiles/2024generalcvr.csv
NV,2024,Washoe County,741600.1 (16741601),238,337,11,586,249,312,20,581,588,https://www.washoecounty.gov/voters/results/resultsfiles/2024generalcvr.csv
NV,2024,Washoe County,741700.1 (16741701),411,816,16,1243,440,758,41,1239,1245,https://www.washoecounty.gov/voters/results/resultsfiles/2024generalcvr.csv
NV,2024,Washoe County,742400.1 (16742401),8,5,0,13,7,5,1,13,13,https://www.washoecounty.gov/voters/results/resultsfiles/2024generalcvr.csv
NV,2024,Washoe County,742600.1 (16742601),1,3,0,4,1,3,0,4,4,https://www.washoecounty.gov/voters/results/resultsfiles/2024generalcvr.csv
NV,2024,Washoe County,742800.1 (16742801),0,3,0,3,0,3,0,3,3,https://www.washoecounty.gov/voters/results/resultsfiles/2024generalcvr.csv
NV,2024,Washoe County,743100.1 (16743101),1,12,0,13,0,12,0,12,13,https://www.washoecounty.gov/voters/results/resultsfiles/2024generalcvr.csv
NV,2024,Washoe County,743300.1 (16743301),24,63,0,87,23,59,4,86,87,https://www.washoecounty.gov/voters/results/resultsfiles/2024generalcvr.csv
NV,2024,Washoe County,750200.1 (16750201),595,610,16,1221,604,520,82,1206,1222,https://www.washoecounty.gov/voters/results/resultsfiles/2024generalcvr.csv
NV,2024,Washoe County,750300.1 (16750301),6,4,0,10,6,4,0,10,10,https://www.washoecounty.gov/voters/results/resultsfiles/2024generalcvr.csv
NV,2024,Washoe County,750600.1 (16750601),0,1,0,1,0,1,0,1,1,https://www.washoecounty.gov/voters/results/resultsfiles/2024generalcvr.csv
NV,2024,Washoe County,750700.1 (16750701),20,69,1,90,22,62,6,90,91,https://www.washoecounty.gov/voters/results/resultsfiles/2024generalcvr.csv
NV,2024,Washoe County,750800.1 (16750801),6,7,0,13,4,6,3,13,13,https://www.washoecounty.gov/voters/results/resultsfiles/2024generalcvr.csv
NV,2024,Washoe County,751000.1 (16751001),0,1,0,1,0,1,0,1,1,https://www.washoecounty.gov/voters/results/resultsfiles/2024generalcvr.csv
NV,2024,Washoe County,751600.1 (16751601),4,13,0,17,4,11,2,17,17,https://www.washoecounty.gov/voters/results/resultsfiles/2024generalcvr.csv
NV,2024,Washoe County,751900.1 (16751901),93,346,7,446,93,333,14,440,447,https://www.washoecounty.gov/voters/results/resultsfiles/2024generalcvr.csv
NV,2024,Washoe County,752000.1 (16752001),444,727,16,1187,445,682,55,1182,1190,https://www.washoecounty.gov/voters/results/resultsfiles/2024generalcvr.csv
NV,2024,Washoe County,752100.1 (16752101),3,1,0,4,3,1,0,4,4,https://www.washoecounty.gov/voters/results/resultsfiles/2024generalcvr.csv
NV,2024,Washoe County,752200.1 (16752201),29,26,0,55,30,22,3,55,55,https://www.washoecounty.gov/voters/results/resultsfiles/2024generalcvr.csv
NV,2024,Washoe County,752300.1 (16752301),370,758,18,1146,379,712,52,1143,1148,https://www.washoecounty.gov/voters/results/resultsfiles/2024generalcvr.csv
NV,2024,Washoe County,752400.1 (16752401),197,418,15,630,205,406,18,629,632,https://www.washoecounty.gov/voters/results/resultsfiles/2024generalcvr.csv
NV,2024,Washoe County,752500.1 (16752501),193,423,11,627,200,398,25,623,629,https://www.washoecounty.gov/voters/results/resultsfiles/2024generalcvr.csv
NV,2024,Washoe County,752600.1 (16752601),0,1,0,1,0,1,0,1,1,https://www.washoecounty.gov/voters/results/resultsfiles/2024generalcvr.csv
NV,2024,Washoe County,752900.1 (16752901),66,251,3,320,67,241,10,318,320,https://www.washoecounty.gov/voters/results/resultsfiles/2024generalcvr.csv
NV,2024,Washoe County,753100.1 (16753101),0,4,0,4,0,4,0,4,4,https://www.washoecounty.gov/voters/results/resultsfiles/2024generalcvr.csv
NV,2024,Washoe County,753200.1 (16753201),221,272,14,507,231,260,16,507,508,https://www.washoecounty.gov/voters/results/resultsfiles/2024generalcvr.csv
NV,2024,Washoe County,753600.1 (16753601),416,835,20,1271,446,761,61,1268,1273,https://www.washoecounty.gov/voters/results/resultsfiles/2024generalcvr.csv
NV,2024,Washoe County,753700.1 (16753701),13,27,1,41,13,24,3,40,41,https://www.washoecounty.gov/voters/results/resultsfiles/2024generalcvr.csv
NV,2024,Washoe County,754100.1 (16754101),308,560,15,883,309,518,55,882,885,https://www.washoecounty.gov/voters/results/resultsfiles/2024generalcvr.csv
NV,2024,Washoe County,754200.1 (16754201),21,94,3,118,23,81,13,117,118,https://www.washoecounty.gov/voters/results/resultsfiles/2024generalcvr.csv
NV,2024,Washoe County,754500.1 (16754501),0,5,0,5,0,3,1,4,5,https://www.washoecounty.gov/voters/results/resultsfiles/2024generalcvr.csv
NV,2024,Washoe County,754700.1 (16754701),0,1,0,1,0,1,0,1,1,https://www.washoecounty.gov/voters/results/resultsfiles/2024generalcvr.csv
NV,2024,Washoe County,754800.1 (16754801),1,0,0,1,1,0,0,1,1,https://www.washoecounty.gov/voters/results/resultsfiles/2024generalcvr.csv
NV,2024,Washoe County,755100.1 (16755101),11,10,0,21,11,10,0,21,21,https://www.washoecounty.gov/voters/results/resultsfiles/2024generalcvr.csv
NV,2024,Washoe County,755300.1 (16755301),1,4,0,5,1,3,1,5,5,https://www.washoecounty.gov/voters/results/resultsfiles/2024generalcvr.csv
NV,2024,Washoe County,755600.1 (16755601),2,5,0,7,2,5,0,7,7,https://www.washoecounty.gov/voters/results/resultsfiles/2024generalcvr.csv
NV,2024,Washoe County,755900.1 (16755901),2,21,0,23,3,19,1,23,23,https://www.washoecounty.gov/voters/results/resultsfiles/2024generalcvr.csv
NV,2024,Washoe County,756100.1 (16756101),32,34,1,67,32,32,3,67,67,https://www.washoecounty.gov/voters/results/resultsfiles/2024generalcvr.csv
NV,2024,Washoe County,756300.1 (16756301),6,13,0,19,6,11,2,19,19,https://www.washoecounty.gov/voters/results/resultsfiles/2024generalcvr.csv
NV,2024,Washoe County,756500.1 (16756501),1,1,0,2,1,1,0,2,2,https://www.washoecounty.gov/voters/results/resultsfiles/2024generalcvr.csv
NV,2024,Washoe County,757000.1 (16757001),5,23,0,28,7,21,0,28,28,https://www.washoecounty.gov/voters/results/resultsfiles/2024generalcvr.csv
NV,2024,Washoe County,757100.1 (16757101),8,16,1,25,9,14,2,25,25,https://www.washoecounty.gov/voters/results/resultsfiles/2024generalcvr.csv
NV,2024,Washoe County,757200.1 (16757201),2,1,0,3,0,2,1,3,3,https://www.washoecounty.gov/voters/results/resultsfiles/2024generalcvr.csv
NV,2024,Washoe County,757300.1 (16757301),3,5,0,8,2,5,1,8,8,https://www.washoecounty.gov/voters/results/resultsfiles/2024generalcvr.csv
NV,2024,Washoe County,757600.1 (16757601),79,222,3,304,84,211,7,302,304,https://www.washoecounty.gov/voters/results/resultsfiles/2024generalcvr.csv
NV,2024,Washoe County,757800.1 (16757801),3,31,1,35,3,31,1,35,35,https://www.washoecounty.gov/voters/results/resultsfiles/2024generalcvr.csv
NV,2024,Washoe County,757900.1 (16757901),30,28,0,58,32,24,2,58,58,https://www.washoecounty.gov/voters/results/resultsfiles/2024generalcvr.csv
NV,2024,Washoe County,758100.1 (16758101),2,2,0,4,2,2,0,4,4,https://www.washoecounty.gov/voters/results/resultsfiles/2024generalcvr.csv
NV,2024,Washoe County,758700.1 (16758701),2,4,0,6,2,4,0,6,6,https://www.washoecounty.gov/voters/results/resultsfiles/2024generalcvr.csv
NV,2024,Washoe County,759100.1 (16759101),22,31,0,53,22,28,3,53,53,https://www.washoecounty.gov/voters/results/resultsfiles/2024generalcvr.csv
NV,2024,Washoe County,810000.1 (16810001),267,259,11,537,284,241,8,533,538,https://www.washoecounty.gov/voters/results/resultsfiles/2024generalcvr.csv
NV,2024,Washoe County,810100.1 (16810101),5,1,0,6,5,1,0,6,6,https://www.washoecounty.gov/voters/results/resultsfiles/2024generalcvr.csv
NV,2024,Washoe County,810200.1 (16810201),5,7,0,12,6,6,0,12,12,https://www.washoecounty.gov/voters/results/resultsfiles/2024generalcvr.csv
NV,2024,Washoe County,810300.1 (16810301),208,195,5,408,213,182,11,406,408,https://www.washoecounty.gov/voters/results/resultsfiles/2024generalcvr.csv
NV,2024,Washoe County,810400.1 (16810401),141,184,6,331,147,174,6,327,331,https://www.washoecounty.gov/voters/results/resultsfiles/2024generalcvr.csv
NV,2024,Washoe County,810500.1 (16810501),208,182,5,395,208,177,10,395,395,https://www.washoecounty.gov/voters/results/resultsfiles/2024generalcvr.csv
NV,2024,Washoe County,810600.1 (16810601),286,266,11,563,277,272,11,560,564,https://www.washoecounty.gov/voters/results/resultsfiles/2024generalcvr.csv
NV,2024,Washoe County,810700.1 (16810701),242,295,16,553,253,289,8,550,555,https://www.washoecounty.gov/voters/results/resultsfiles/2024generalcvr.csv
NV,2024,Washoe County,810800.1 (16810801),258,278,20,556,256,281,18,555,558,https://www.washoecounty.gov/voters/results/resultsfiles/2024generalcvr.csv
NV,2024,Washoe County,810900.1 (16810901),293,387,17,697,293,386,12,691,699,https://www.washoecounty.gov/voters/results/resultsfiles/2024generalcvr.csv
NV,2024,Washoe County,811000.1 (16811001),95,87,7,189,93,92,2,187,189,https://www.washoecounty.gov/voters/results/resultsfiles/2024generalcvr.csv
NV,2024,Washoe County,811200.1 (16811201),4,7,0,11,4,7,0,11,11,https://www.washoecounty.gov/voters/results/resultsfiles/2024generalcvr.csv
NV,2024,Washoe County,811300.1 (16811301),6,13,1,20,6,14,0,20,20,https://www.washoecounty.gov/voters/results/resultsfiles/2024generalcvr.csv
NV,2024,Washoe County,811400.1 (16811401),1,0,0,1,1,0,0,1,1,https://www.washoecounty.gov/voters/results/resultsfiles/2024generalcvr.csv
NV,2024,Washoe County,811500.1 (16811501),0,1,0,1,0,1,0,1,1,https://www.washoecounty.gov/voters/results/resultsfiles/2024generalcvr.csv
NV,2024,Washoe County,811600.1 (16811601),250,198,9,457,247,197,10,454,457,https://www.washoecounty.gov/voters/results/resultsfiles/2024generalcvr.csv
NV,2024,Washoe County,811700.1 (16811701),209,223,7,439,215,216,6,437,440,https://www.washoecounty.gov/voters/results/resultsfiles/2024generalcvr.csv
NV,2024,Washoe County,811900.1 (16811901),11,63,0,74,13,59,1,73,74,https://www.washoecounty.gov/voters/results/resultsfiles/2024generalcvr.csv
NV,2024,Washoe County,812200.1 (16812201),3,4,0,7,3,3,1,7,7,https://www.washoecounty.gov/voters/results/resultsfiles/2024generalcvr.csv
NV,2024,Washoe County,812500.1 (16812501),2,0,0,2,2,0,0,2,2,https://www.washoecounty.gov/voters/results/resultsfiles/2024generalcvr.csv
NV,2024,Washoe County,812900.1 (16812901),3,6,0,9,2,6,1,9,9,https://www.washoecounty.gov/voters/results/resultsfiles/2024generalcvr.csv
NV,2024,Washoe County,820000.1 (16820001),402,613,18,1033,423,573,34,1030,1038,https://www.washoecounty.gov/voters/results/resultsfiles/2024generalcvr.csv
NV,2024,Washoe County,820100.1 (16820101),73,110,7,190,75,109,6,190,190,https://www.washoecounty.gov/voters/results/resultsfiles/2024generalcvr.csv
NV,2024,Washoe County,820300.1 (16820301),459,803,21,1283,461,794,25,1280,1283,https://www.washoecounty.gov/voters/results/resultsfiles/2024generalcvr.csv
NV,2024,Washoe County,820400.1 (16820401),70,113,4,187,72,112,2,186,187,https://www.washoecounty.gov/voters/results/resultsfiles/2024generalcvr.csv
NV,2024,Washoe County,820500.1 (16820501),584,734,33,1351,612,716,19,1347,1352,https://www.washoecounty.gov/voters/results/resultsfiles/2024generalcvr.csv
NV,2024,Washoe County,820600.1 (16820601),14,21,0,35,17,18,0,35,35,https://www.washoecounty.gov/voters/results/resultsfiles/2024generalcvr.csv
NV,2024,Washoe County,820800.1 (16820801),107,231,3,341,112,219,9,340,341,https://www.washoecounty.gov/voters/results/resultsfiles/2024generalcvr.csv
NV,2024,Washoe County,821000.1 (16821001),108,251,4,363,113,235,15,363,363,https://www.washoecounty.gov/voters/results/resultsfiles/2024generalcvr.csv
NV,2024,Washoe County,821100.1 (16821101),8,11,0,19,8,11,0,19,19,https://www.washoecounty.gov/voters/results/resultsfiles/2024generalcvr.csv
NV,2024,Washoe County,821600.1 (16821601),3,21,0,24,3,21,0,24,24,https://www.washoecounty.gov/voters/results/resultsfiles/2024generalcvr.csv
NV,2024,Washoe County,821800.1 (16821801),0,2,0,2,0,2,0,2,2,https://www.washoecounty.gov/voters/results/resultsfiles/2024generalcvr.csv
NV,2024,Washoe County,821900.1 (16821901),84,214,3,301,84,213,3,300,301,https://www.washoecounty.gov/voters/results/resultsfiles/2024generalcvr.csv
NV,2024,Washoe County,822000.1 (16822001),199,315,3,517,205,296,10,511,517,https://www.washoecounty.gov/voters/results/resultsfiles/2024generalcvr.csv
NV,2024,Washoe County,822100.1 (16822101),135,233,2,370,139,222,6,367,371,https://www.washoecounty.gov/voters/results/resultsfiles/2024generalcvr.csv
NV,2024,Washoe County,822200.1 (16822201),156,375,4,535,159,360,12,531,535,https://www.washoecounty.gov/voters/results/resultsfiles/2024generalcvr.csv
NV,2024,Washoe County,822600.1 (16822601),1,0,0,1,1,0,0,1,1,https://www.washoecounty.gov/voters/results/resultsfiles/2024generalcvr.csv
NV,2024,Washoe County,823300.1 (16823301),215,236,6,457,215,225,16,456,457,https://www.washoecounty.gov/voters/results/resultsfiles/2024generalcvr.csv
NV,2024,Washoe County,823400.1 (16823401),4,22,0,26,4,20,1,25,26,https://www.washoecounty.gov/voters/results/resultsfiles/2024generalcvr.csv
NV,2024,Washoe County,823500.1 (16823501),108,127,4,239,115,120,4,239,239,https://www.washoecounty.gov/voters/results/resultsfiles/2024generalcvr.csv
NV,2024,Washoe County,823600.1 (16823601),314,457,14,785,313,455,15,783,786,https://www.washoecounty.gov/voters/results/resultsfiles/2024generalcvr.csv
NV,2024,Washoe County,823700.1 (16823701),331,443,11,785,341,430,13,784,785,https://www.washoecounty.gov/voters/results/resultsfiles/2024generalcvr.csv
NV,2024,Washoe County,823800.1 (16823801),265,503,12,780,265,500,13,778,780,https://www.washoecounty.gov/voters/results/resultsfiles/2024generalcvr.csv
NV,2024,Washoe County,824000.1 (16824001),459,598,16,1073,490,565,15,1070,1078,https://www.washoecounty.gov/voters/results/resultsfiles/2024generalcvr.csv
NV,2024,Washoe County,824500.1 (16824501),196,254,11,461,199,231,27,457,463,https://www.washoecounty.gov/voters/results/resultsfiles/2024generalcvr.csv
NV,2024,Washoe County,825400.1 (16825401),348,439,24,811,360,421,27,808,812,https://www.washoecounty.gov/voters/results/resultsfiles/2024generalcvr.csv
NV,2024,Washoe County,825600.1 (16825601),181,261,9,451,187,243,20,450,454,https://www.washoecounty.gov/voters/results/resultsfiles/2024generalcvr.csv
NV,2024,Washoe County,825800.1 (16825801),2,4,0,6,2,4,0,6,6,https://www.washoecounty.gov/voters/results/resultsfiles/2024generalcvr.csv
NV,2024,Washoe County,826400.1 (16826401),55,99,3,157,53,96,8,157,157,https://www.washoecounty.gov/voters/results/resultsfiles/2024generalcvr.csv
NV,2024,Washoe County,827100.1 (16827101),222,308,16,546,227,299,18,544,546,https://www.washoecounty.gov/voters/results/resultsfiles/2024generalcvr.csv
NV,2024,Washoe County,827300.1 (16827301),62,146,5,213,61,143,8,212,213,https://www.washoecounty.gov/voters/results/resultsfiles/2024generalcvr.csv
NV,2024,Washoe County,829700.1 (16829701),51,142,5,198,56,130,10,196,198,https://www.washoecounty.gov/voters/results/resultsfiles/2024generalcvr.csv
NV,2024,Washoe County,840100.1 (16840101),596,658,23,1277,610,632,28,1270,1278,https://www.washoecounty.gov/voters/results/resultsfiles/2024generalcvr.csv
NV,2024,Washoe County,840200.1 (16840201),0,3,0,3,0,3,0,3,3,https://www.washoecounty.gov/voters/results/resultsfiles/2024generalcvr.csv
NV,2024,Washoe County,910300.1 (16910301),2,7,0,9,1,5,2,8,9,https://www.washoecounty.gov/voters/results/resultsfiles/2024generalcvr.csv
NV,2024,Washoe County,911600.1 (16911601),1,0,0,1,1,0,0,1,1,https://www.washoecounty.gov/voters/results/resultsfiles/2024generalcvr.csv
NV,2024,Washoe County,980000.1 (16980001),1,1,0,2,0,0,0,0,2,https://www.washoecounty.gov/voters/results/resultsfiles/2024generalcvr.csv
