state,election_year,county_code,county,biden_votes,trump_votes,other_votes,total_votes,jurisdiction_tag,source_url,source_page
OK,2020,01,Adair County,1387,5585,136,7108,county:40001,https://results.okelections.gov/OKER/?elecDate=20201103,https://oklahoma.gov/elections/elections-results/election-results/2020-election-results/2020-november-general-election.html
OK,2020,02,Alfalfa County,232,1978,52,2262,county:40003,https://results.okelections.gov/OKER/?elecDate=20201103,https://oklahoma.gov/elections/elections-results/election-results/2020-election-results/2020-november-general-election.html
OK,2020,03,Atoka County,765,4557,67,5389,county:40005,https://results.okelections.gov/OKER/?elecDate=20201103,https://oklahoma.gov/elections/elections-results/election-results/2020-election-results/2020-november-general-election.html
OK,2020,04,Beaver County,190,1968,20,2178,county:40007,https://results.okelections.gov/OKER/?elecDate=20201103,https://oklahoma.gov/elections/elections-results/election-results/2020-election-results/2020-november-general-election.html
OK,2020,05,Beckham County,1048,6767,133,7948,county:40009,https://results.okelections.gov/OKER/?elecDate=20201103,https://oklahoma.gov/elections/elections-results/election-results/2020-election-results/2020-november-general-election.html
OK,2020,06,Blaine County,688,3136,77,3901,county:40011,https://results.okelections.gov/OKER/?elecDate=20201103,https://oklahoma.gov/elections/elections-results/election-results/2020-election-results/2020-november-general-election.html
OK,2020,07,Bryan County,3323,12344,309,15976,county:40013,https://results.okelections.gov/OKER/?elecDate=20201103,https://oklahoma.gov/elections/elections-results/election-results/2020-election-results/2020-november-general-election.html
OK,2020,08,Caddo County,2670,7013,176,9859,county:40015,https://results.okelections.gov/OKER/?elecDate=20201103,https://oklahoma.gov/elections/elections-results/election-results/2020-election-results/2020-november-general-election.html
OK,2020,09,Canadian County,16742,43550,1648,61940,county:40017,https://results.okelections.gov/OKER/?elecDate=20201103,https://oklahoma.gov/elections/elections-results/election-results/2020-election-results/2020-november-general-election.html
OK,2020,10,Carter County,4470,14699,310,19479,county:40019,https://results.okelections.gov/OKER/?elecDate=20201103,https://oklahoma.gov/elections/elections-results/election-results/2020-election-results/2020-november-general-election.html
OK,2020,11,Cherokee County,6027,11223,464,17714,county:40021,https://results.okelections.gov/OKER/?elecDate=20201103,https://oklahoma.gov/elections/elections-results/election-results/2020-election-results/2020-november-general-election.html
OK,2020,12,Choctaw County,1082,4698,52,5832,county:40023,https://results.okelections.gov/OKER/?elecDate=20201103,https://oklahoma.gov/elections/elections-results/election-results/2020-election-results/2020-november-general-election.html
OK,2020,13,Cimarron County,70,970,14,1054,county:40025,https://results.okelections.gov/OKER/?elecDate=20201103,https://oklahoma.gov/elections/elections-results/election-results/2020-election-results/2020-november-general-election.html
OK,2020,14,Cleveland County,49827,66677,3274,119778,county:40027,https://results.okelections.gov/OKER/?elecDate=20201103,https://oklahoma.gov/elections/elections-results/election-results/2020-election-results/2020-november-general-election.html
OK,2020,15,Coal County,374,2091,59,2524,county:40029,https://results.okelections.gov/OKER/?elecDate=20201103,https://oklahoma.gov/elections/elections-results/election-results/2020-election-results/2020-november-general-election.html
OK,2020,16,Comanche County,13747,20905,979,35631,county:40031,https://results.okelections.gov/OKER/?elecDate=20201103,https://oklahoma.gov/elections/elections-results/election-results/2020-election-results/2020-november-general-election.html
OK,2020,17,Cotton County,393,2117,62,2572,county:40033,https://results.okelections.gov/OKER/?elecDate=20201103,https://oklahoma.gov/elections/elections-results/election-results/2020-election-results/2020-november-general-election.html
OK,2020,18,Craig County,1217,4686,129,6032,county:40035,https://results.okelections.gov/OKER/?elecDate=20201103,https://oklahoma.gov/elections/elections-results/election-results/2020-election-results/2020-november-general-election.html
OK,2020,19,Creek County,6577,23294,634,30505,county:40037,https://results.okelections.gov/OKER/?elecDate=20201103,https://oklahoma.gov/elections/elections-results/election-results/2020-election-results/2020-november-general-election.html
OK,2020,20,Custer County,2369,8060,262,10691,county:40039,https://results.okelections.gov/OKER/?elecDate=20201103,https://oklahoma.gov/elections/elections-results/election-results/2020-election-results/2020-november-general-election.html
OK,2020,21,Delaware County,3472,13557,216,17245,county:40041,https://results.okelections.gov/OKER/?elecDate=20201103,https://oklahoma.gov/elections/elections-results/election-results/2020-election-results/2020-november-general-election.html
OK,2020,22,Dewey County,214,2124,21,2359,county:40043,https://results.okelections.gov/OKER/?elecDate=20201103,https://oklahoma.gov/elections/elections-results/election-results/2020-election-results/2020-november-general-election.html
OK,2020,23,Ellis County,162,1688,23,1873,county:40045,https://results.okelections.gov/OKER/?elecDate=20201103,https://oklahoma.gov/elections/elections-results/election-results/2020-election-results/2020-november-general-election.html
OK,2020,24,Garfield County,4919,16970,541,22430,county:40047,https://results.okelections.gov/OKER/?elecDate=20201103,https://oklahoma.gov/elections/elections-results/election-results/2020-election-results/2020-november-general-election.html
OK,2020,25,Garvin County,1865,8878,179,10922,county:40049,https://results.okelections.gov/OKER/?elecDate=20201103,https://oklahoma.gov/elections/elections-results/election-results/2020-election-results/2020-november-general-election.html
OK,2020,26,Grady County,4144,18538,419,23101,county:40051,https://results.okelections.gov/OKER/?elecDate=20201103,https://oklahoma.gov/elections/elections-results/election-results/2020-election-results/2020-november-general-election.html
OK,2020,27,Grant County,280,1916,30,2226,county:40053,https://results.okelections.gov/OKER/?elecDate=20201103,https://oklahoma.gov/elections/elections-results/election-results/2020-election-results/2020-november-general-election.html
OK,2020,28,Greer County,328,1605,40,1973,county:40055,https://results.okelections.gov/OKER/?elecDate=20201103,https://oklahoma.gov/elections/elections-results/election-results/2020-election-results/2020-november-general-election.html
OK,2020,29,Harmon County,177,747,9,933,county:40057,https://results.okelections.gov/OKER/?elecDate=20201103,https://oklahoma.gov/elections/elections-results/election-results/2020-election-results/2020-november-general-election.html
OK,2020,30,Harper County,136,1327,24,1487,county:40059,https://results.okelections.gov/OKER/?elecDate=20201103,https://oklahoma.gov/elections/elections-results/election-results/2020-election-results/2020-november-general-election.html
OK,2020,31,Haskell County,783,4165,66,5014,county:40061,https://results.okelections.gov/OKER/?elecDate=20201103,https://oklahoma.gov/elections/elections-results/election-results/2020-election-results/2020-november-general-election.html
OK,2020,32,Hughes County,919,3875,63,4857,county:40063,https://results.okelections.gov/OKER/?elecDate=20201103,https://oklahoma.gov/elections/elections-results/election-results/2020-election-results/2020-november-general-election.html
OK,2020,33,Jackson County,1646,6392,183,8221,county:40065,https://results.okelections.gov/OKER/?elecDate=20201103,https://oklahoma.gov/elections/elections-results/election-results/2020-election-results/2020-november-general-election.html
OK,2020,34,Jefferson County,319,2026,40,2385,county:40067,https://results.okelections.gov/OKER/?elecDate=20201103,https://oklahoma.gov/elections/elections-results/election-results/2020-election-results/2020-november-general-election.html
OK,2020,35,Johnston County,738,3441,72,4251,county:40069,https://results.okelections.gov/OKER/?elecDate=20201103,https://oklahoma.gov/elections/elections-results/election-results/2020-election-results/2020-november-general-election.html
OK,2020,36,Kay County,4040,12834,375,17249,county:40071,https://results.okelections.gov/OKER/?elecDate=20201103,https://oklahoma.gov/elections/elections-results/election-results/2020-election-results/2020-november-general-election.html
OK,2020,37,Kingfisher County,854,5521,90,6465,county:40073,https://results.okelections.gov/OKER/?elecDate=20201103,https://oklahoma.gov/elections/elections-results/election-results/2020-election-results/2020-november-general-election.html
OK,2020,38,Kiowa County,699,2673,55,3427,county:40075,https://results.okelections.gov/OKER/?elecDate=20201103,https://oklahoma.gov/elections/elections-results/election-results/2020-election-results/2020-november-general-election.html
OK,2020,39,Latimer County,762,3437,50,4249,county:40077,https://results.okelections.gov/OKER/?elecDate=20201103,https://oklahoma.gov/elections/elections-results/election-results/2020-election-results/2020-november-general-election.html
OK,2020,40,LeFlore County,3299,15213,293,18805,county:40079,https://results.okelections.gov/OKER/?elecDate=20201103,https://oklahoma.gov/elections/elections-results/election-results/2020-election-results/2020-november-general-election.html
OK,2020,41,Lincoln County,2609,12013,266,14888,county:40081,https://results.okelections.gov/OKER/?elecDate=20201103,https://oklahoma.gov/elections/elections-results/election-results/2020-election-results/2020-november-general-election.html
OK,2020,42,Logan County,5455,15608,511,21574,county:40083,https://results.okelections.gov/OKER/?elecDate=20201103,https://oklahoma.gov/elections/elections-results/election-results/2020-election-results/2020-november-general-election.html
OK,2020,43,Love County,711,3305,60,4076,county:40085,https://results.okelections.gov/OKER/?elecDate=20201103,https://oklahoma.gov/elections/elections-results/election-results/2020-election-results/2020-november-general-election.html
OK,2020,44,McClain County,3582,15295,359,19236,county:40087,https://results.okelections.gov/OKER/?elecDate=20201103,https://oklahoma.gov/elections/elections-results/election-results/2020-election-results/2020-november-general-election.html
OK,2020,45,McCurtain County,1858,9485,124,11467,county:40089,https://results.okelections.gov/OKER/?elecDate=20201103,https://oklahoma.gov/elections/elections-results/election-results/2020-election-results/2020-november-general-election.html
OK,2020,46,McIntosh County,2031,6172,132,8335,county:40091,https://results.okelections.gov/OKER/?elecDate=20201103,https://oklahoma.gov/elections/elections-results/election-results/2020-election-results/2020-november-general-election.html
OK,2020,47,Major County,320,3084,63,3467,county:40093,https://results.okelections.gov/OKER/?elecDate=20201103,https://oklahoma.gov/elections/elections-results/election-results/2020-election-results/2020-november-general-election.html
OK,2020,48,Marshall County,1100,4891,73,6064,county:40095,https://results.okelections.gov/OKER/?elecDate=20201103,https://oklahoma.gov/elections/elections-results/election-results/2020-election-results/2020-november-general-election.html
OK,2020,49,Mayes County,3581,12749,296,16626,county:40097,https://results.okelections.gov/OKER/?elecDate=20201103,https://oklahoma.gov/elections/elections-results/election-results/2020-election-results/2020-november-general-election.html
OK,2020,50,Murray County,1156,4612,126,5894,county:40099,https://results.okelections.gov/OKER/?elecDate=20201103,https://oklahoma.gov/elections/elections-results/election-results/2020-election-results/2020-november-general-election.html
OK,2020,51,Muskogee County,8027,16526,528,25081,county:40101,https://results.okelections.gov/OKER/?elecDate=20201103,https://oklahoma.gov/elections/elections-results/election-results/2020-election-results/2020-november-general-election.html
OK,2020,52,Noble County,1003,3821,114,4938,county:40103,https://results.okelections.gov/OKER/?elecDate=20201103,https://oklahoma.gov/elections/elections-results/election-results/2020-election-results/2020-november-general-election.html
OK,2020,53,Nowata County,712,3610,69,4391,county:40105,https://results.okelections.gov/OKER/?elecDate=20201103,https://oklahoma.gov/elections/elections-results/election-results/2020-election-results/2020-november-general-election.html
OK,2020,54,Okfuskee County,896,3058,84,4038,county:40107,https://results.okelections.gov/OKER/?elecDate=20201103,https://oklahoma.gov/elections/elections-results/election-results/2020-election-results/2020-november-general-election.html
OK,2020,55,Oklahoma County,141724,145050,7966,294740,county:40109,https://results.okelections.gov/OKER/?elecDate=20201103,https://oklahoma.gov/elections/elections-results/election-results/2020-election-results/2020-november-general-election.html
OK,2020,56,Okmulgee County,4357,9668,288,14313,county:40111,https://results.okelections.gov/OKER/?elecDate=20201103,https://oklahoma.gov/elections/elections-results/election-results/2020-election-results/2020-november-general-election.html
OK,2020,57,Osage County,6002,14121,415,20538,county:40113,https://results.okelections.gov/OKER/?elecDate=20201103,https://oklahoma.gov/elections/elections-results/election-results/2020-election-results/2020-november-general-election.html
OK,2020,58,Ottawa County,2686,8545,207,11438,county:40115,https://results.okelections.gov/OKER/?elecDate=20201103,https://oklahoma.gov/elections/elections-results/election-results/2020-election-results/2020-november-general-election.html
OK,2020,59,Pawnee County,1363,5267,156,6786,county:40117,https://results.okelections.gov/OKER/?elecDate=20201103,https://oklahoma.gov/elections/elections-results/election-results/2020-election-results/2020-november-general-election.html
OK,2020,60,Payne County,10904,17813,926,29643,county:40119,https://results.okelections.gov/OKER/?elecDate=20201103,https://oklahoma.gov/elections/elections-results/election-results/2020-election-results/2020-november-general-election.html
OK,2020,61,Pittsburg County,3768,13851,305,17924,county:40121,https://results.okelections.gov/OKER/?elecDate=20201103,https://oklahoma.gov/elections/elections-results/election-results/2020-election-results/2020-november-general-election.html
OK,2020,62,Pontotoc County,4117,10805,398,15320,county:40123,https://results.okelections.gov/OKER/?elecDate=20201103,https://oklahoma.gov/elections/elections-results/election-results/2020-election-results/2020-november-general-election.html
OK,2020,63,Pottawatomie County,7275,20240,670,28185,county:40125,https://results.okelections.gov/OKER/?elecDate=20201103,https://oklahoma.gov/elections/elections-results/election-results/2020-election-results/2020-november-general-election.html
OK,2020,64,Pushmataha County,668,4016,55,4739,county:40127,https://results.okelections.gov/OKER/?elecDate=20201103,https://oklahoma.gov/elections/elections-results/election-results/2020-election-results/2020-november-general-election.html
OK,2020,65,Roger Mills County,168,1629,37,1834,county:40129,https://results.okelections.gov/OKER/?elecDate=20201103,https://oklahoma.gov/elections/elections-results/election-results/2020-election-results/2020-november-general-election.html
OK,2020,66,Rogers County,9589,34031,933,44553,county:40131,https://results.okelections.gov/OKER/?elecDate=20201103,https://oklahoma.gov/elections/elections-results/election-results/2020-election-results/2020-november-general-election.html
OK,2020,67,Seminole County,2150,6011,176,8337,county:40133,https://results.okelections.gov/OKER/?elecDate=20201103,https://oklahoma.gov/elections/elections-results/election-results/2020-election-results/2020-november-general-election.html
OK,2020,68,Sequoyah County,3035,12113,238,15386,county:40135,https://results.okelections.gov/OKER/?elecDate=20201103,https://oklahoma.gov/elections/elections-results/election-results/2020-election-results/2020-november-general-election.html
OK,2020,69,Stephens County,3154,15560,343,19057,county:40137,https://results.okelections.gov/OKER/?elecDate=20201103,https://oklahoma.gov/elections/elections-results/election-results/2020-election-results/2020-november-general-election.html
OK,2020,70,Texas County,894,4505,122,5521,county:40139,https://results.okelections.gov/OKER/?elecDate=20201103,https://oklahoma.gov/elections/elections-results/election-results/2020-election-results/2020-november-general-election.html
OK,2020,71,Tillman County,597,2076,35,2708,county:40141,https://results.okelections.gov/OKER/?elecDate=20201103,https://oklahoma.gov/elections/elections-results/election-results/2020-election-results/2020-november-general-election.html
OK,2020,72,Tulsa County,108996,150574,7108,266678,county:40143,https://results.okelections.gov/OKER/?elecDate=20201103,https://oklahoma.gov/elections/elections-results/election-results/2020-election-results/2020-november-general-election.html
OK,2020,73,Wagoner County,8464,26165,709,35338,county:40145,https://results.okelections.gov/OKER/?elecDate=20201103,https://oklahoma.gov/elections/elections-results/election-results/2020-election-results/2020-november-general-election.html
OK,2020,74,Washington County,5790,17076,635,23501,county:40147,https://results.okelections.gov/OKER/?elecDate=20201103,https://oklahoma.gov/elections/elections-results/election-results/2020-election-results/2020-november-general-election.html
OK,2020,75,Washita County,598,4086,93,4777,county:40149,https://results.okelections.gov/OKER/?elecDate=20201103,https://oklahoma.gov/elections/elections-results/election-results/2020-election-results/2020-november-general-election.html
OK,2020,76,Woods County,591,2993,94,3678,county:40151,https://results.okelections.gov/OKER/?elecDate=20201103,https://oklahoma.gov/elections/elections-results/election-results/2020-election-results/2020-november-general-election.html
OK,2020,77,Woodward County,1005,6611,169,7785,county:40153,https://results.okelections.gov/OKER/?elecDate=20201103,https://oklahoma.gov/elections/elections-results/election-results/2020-election-results/2020-november-general-election.html
