state,election_year,jurisdiction_name,county,local_unit,jurisdiction_tag,source_id,source_level,row_method,source_url,dem_votes,rep_votes,other_votes,total_votes
OK,2020,Adair County,Adair County,Adair County,county:40001,ok-2020-official-app-president-county-results,county,oklahomaOfficialResultsAppCountyTable2020,https://results.okelections.gov/OKER/?elecDate=20201103,1387,5585,136,7108
OK,2020,Alfalfa County,Alfalfa County,Alfalfa County,county:40003,ok-2020-official-app-president-county-results,county,oklahomaOfficialResultsAppCountyTable2020,https://results.okelections.gov/OKER/?elecDate=20201103,232,1978,52,2262
OK,2020,Atoka County,Atoka County,Atoka County,county:40005,ok-2020-official-app-president-county-results,county,oklahomaOfficialResultsAppCountyTable2020,https://results.okelections.gov/OKER/?elecDate=20201103,765,4557,67,5389
OK,2020,Beaver County,Beaver County,Beaver County,county:40007,ok-2020-official-app-president-county-results,county,oklahomaOfficialResultsAppCountyTable2020,https://results.okelections.gov/OKER/?elecDate=20201103,190,1968,20,2178
OK,2020,Beckham County,Beckham County,Beckham County,county:40009,ok-2020-official-app-president-county-results,county,oklahomaOfficialResultsAppCountyTable2020,https://results.okelections.gov/OKER/?elecDate=20201103,1048,6767,133,7948
OK,2020,Blaine County,Blaine County,Blaine County,county:40011,ok-2020-official-app-president-county-results,county,oklahomaOfficialResultsAppCountyTable2020,https://results.okelections.gov/OKER/?elecDate=20201103,688,3136,77,3901
OK,2020,Bryan County,Bryan County,Bryan County,county:40013,ok-2020-official-app-president-county-results,county,oklahomaOfficialResultsAppCountyTable2020,https://results.okelections.gov/OKER/?elecDate=20201103,3323,12344,309,15976
OK,2020,Caddo County,Caddo County,Caddo County,county:40015,ok-2020-official-app-president-county-results,county,oklahomaOfficialResultsAppCountyTable2020,https://results.okelections.gov/OKER/?elecDate=20201103,2670,7013,176,9859
OK,2020,Canadian County,Canadian County,Canadian County,county:40017,ok-2020-official-app-president-county-results,county,oklahomaOfficialResultsAppCountyTable2020,https://results.okelections.gov/OKER/?elecDate=20201103,16742,43550,1648,61940
OK,2020,Carter County,Carter County,Carter County,county:40019,ok-2020-official-app-president-county-results,county,oklahomaOfficialResultsAppCountyTable2020,https://results.okelections.gov/OKER/?elecDate=20201103,4470,14699,310,19479
OK,2020,Cherokee County,Cherokee County,Cherokee County,county:40021,ok-2020-official-app-president-county-results,county,oklahomaOfficialResultsAppCountyTable2020,https://results.okelections.gov/OKER/?elecDate=20201103,6027,11223,464,17714
OK,2020,Choctaw County,Choctaw County,Choctaw County,county:40023,ok-2020-official-app-president-county-results,county,oklahomaOfficialResultsAppCountyTable2020,https://results.okelections.gov/OKER/?elecDate=20201103,1082,4698,52,5832
OK,2020,Cimarron County,Cimarron County,Cimarron County,county:40025,ok-2020-official-app-president-county-results,county,oklahomaOfficialResultsAppCountyTable2020,https://results.okelections.gov/OKER/?elecDate=20201103,70,970,14,1054
OK,2020,Cleveland County,Cleveland County,Cleveland County,county:40027,ok-2020-official-app-president-county-results,county,oklahomaOfficialResultsAppCountyTable2020,https://results.okelections.gov/OKER/?elecDate=20201103,49827,66677,3274,119778
OK,2020,Coal County,Coal County,Coal County,county:40029,ok-2020-official-app-president-county-results,county,oklahomaOfficialResultsAppCountyTable2020,https://results.okelections.gov/OKER/?elecDate=20201103,374,2091,59,2524
OK,2020,Comanche County,Comanche County,Comanche County,county:40031,ok-2020-official-app-president-county-results,county,oklahomaOfficialResultsAppCountyTable2020,https://results.okelections.gov/OKER/?elecDate=20201103,13747,20905,979,35631
OK,2020,Cotton County,Cotton County,Cotton County,county:40033,ok-2020-official-app-president-county-results,county,oklahomaOfficialResultsAppCountyTable2020,https://results.okelections.gov/OKER/?elecDate=20201103,393,2117,62,2572
OK,2020,Craig County,Craig County,Craig County,county:40035,ok-2020-official-app-president-county-results,county,oklahomaOfficialResultsAppCountyTable2020,https://results.okelections.gov/OKER/?elecDate=20201103,1217,4686,129,6032
OK,2020,Creek County,Creek County,Creek County,county:40037,ok-2020-official-app-president-county-results,county,oklahomaOfficialResultsAppCountyTable2020,https://results.okelections.gov/OKER/?elecDate=20201103,6577,23294,634,30505
OK,2020,Custer County,Custer County,Custer County,county:40039,ok-2020-official-app-president-county-results,county,oklahomaOfficialResultsAppCountyTable2020,https://results.okelections.gov/OKER/?elecDate=20201103,2369,8060,262,10691
OK,2020,Delaware County,Delaware County,Delaware County,county:40041,ok-2020-official-app-president-county-results,county,oklahomaOfficialResultsAppCountyTable2020,https://results.okelections.gov/OKER/?elecDate=20201103,3472,13557,216,17245
OK,2020,Dewey County,Dewey County,Dewey County,county:40043,ok-2020-official-app-president-county-results,county,oklahomaOfficialResultsAppCountyTable2020,https://results.okelections.gov/OKER/?elecDate=20201103,214,2124,21,2359
OK,2020,Ellis County,Ellis County,Ellis County,county:40045,ok-2020-official-app-president-county-results,county,oklahomaOfficialResultsAppCountyTable2020,https://results.okelections.gov/OKER/?elecDate=20201103,162,1688,23,1873
OK,2020,Garfield County,Garfield County,Garfield County,county:40047,ok-2020-official-app-president-county-results,county,oklahomaOfficialResultsAppCountyTable2020,https://results.okelections.gov/OKER/?elecDate=20201103,4919,16970,541,22430
OK,2020,Garvin County,Garvin County,Garvin County,county:40049,ok-2020-official-app-president-county-results,county,oklahomaOfficialResultsAppCountyTable2020,https://results.okelections.gov/OKER/?elecDate=20201103,1865,8878,179,10922
OK,2020,Grady County,Grady County,Grady County,county:40051,ok-2020-official-app-president-county-results,county,oklahomaOfficialResultsAppCountyTable2020,https://results.okelections.gov/OKER/?elecDate=20201103,4144,18538,419,23101
OK,2020,Grant County,Grant County,Grant County,county:40053,ok-2020-official-app-president-county-results,county,oklahomaOfficialResultsAppCountyTable2020,https://results.okelections.gov/OKER/?elecDate=20201103,280,1916,30,2226
OK,2020,Greer County,Greer County,Greer County,county:40055,ok-2020-official-app-president-county-results,county,oklahomaOfficialResultsAppCountyTable2020,https://results.okelections.gov/OKER/?elecDate=20201103,328,1605,40,1973
OK,2020,Harmon County,Harmon County,Harmon County,county:40057,ok-2020-official-app-president-county-results,county,oklahomaOfficialResultsAppCountyTable2020,https://results.okelections.gov/OKER/?elecDate=20201103,177,747,9,933
OK,2020,Harper County,Harper County,Harper County,county:40059,ok-2020-official-app-president-county-results,county,oklahomaOfficialResultsAppCountyTable2020,https://results.okelections.gov/OKER/?elecDate=20201103,136,1327,24,1487
OK,2020,Haskell County,Haskell County,Haskell County,county:40061,ok-2020-official-app-president-county-results,county,oklahomaOfficialResultsAppCountyTable2020,https://results.okelections.gov/OKER/?elecDate=20201103,783,4165,66,5014
OK,2020,Hughes County,Hughes County,Hughes County,county:40063,ok-2020-official-app-president-county-results,county,oklahomaOfficialResultsAppCountyTable2020,https://results.okelections.gov/OKER/?elecDate=20201103,919,3875,63,4857
OK,2020,Jackson County,Jackson County,Jackson County,county:40065,ok-2020-official-app-president-county-results,county,oklahomaOfficialResultsAppCountyTable2020,https://results.okelections.gov/OKER/?elecDate=20201103,1646,6392,183,8221
OK,2020,Jefferson County,Jefferson County,Jefferson County,county:40067,ok-2020-official-app-president-county-results,county,oklahomaOfficialResultsAppCountyTable2020,https://results.okelections.gov/OKER/?elecDate=20201103,319,2026,40,2385
OK,2020,Johnston County,Johnston County,Johnston County,county:40069,ok-2020-official-app-president-county-results,county,oklahomaOfficialResultsAppCountyTable2020,https://results.okelections.gov/OKER/?elecDate=20201103,738,3441,72,4251
OK,2020,Kay County,Kay County,Kay County,county:40071,ok-2020-official-app-president-county-results,county,oklahomaOfficialResultsAppCountyTable2020,https://results.okelections.gov/OKER/?elecDate=20201103,4040,12834,375,17249
OK,2020,Kingfisher County,Kingfisher County,Kingfisher County,county:40073,ok-2020-official-app-president-county-results,county,oklahomaOfficialResultsAppCountyTable2020,https://results.okelections.gov/OKER/?elecDate=20201103,854,5521,90,6465
OK,2020,Kiowa County,Kiowa County,Kiowa County,county:40075,ok-2020-official-app-president-county-results,county,oklahomaOfficialResultsAppCountyTable2020,https://results.okelections.gov/OKER/?elecDate=20201103,699,2673,55,3427
OK,2020,Latimer County,Latimer County,Latimer County,county:40077,ok-2020-official-app-president-county-results,county,oklahomaOfficialResultsAppCountyTable2020,https://results.okelections.gov/OKER/?elecDate=20201103,762,3437,50,4249
OK,2020,LeFlore County,LeFlore County,LeFlore County,county:40079,ok-2020-official-app-president-county-results,county,oklahomaOfficialResultsAppCountyTable2020,https://results.okelections.gov/OKER/?elecDate=20201103,3299,15213,293,18805
OK,2020,Lincoln County,Lincoln County,Lincoln County,county:40081,ok-2020-official-app-president-county-results,county,oklahomaOfficialResultsAppCountyTable2020,https://results.okelections.gov/OKER/?elecDate=20201103,2609,12013,266,14888
OK,2020,Logan County,Logan County,Logan County,county:40083,ok-2020-official-app-president-county-results,county,oklahomaOfficialResultsAppCountyTable2020,https://results.okelections.gov/OKER/?elecDate=20201103,5455,15608,511,21574
OK,2020,Love County,Love County,Love County,county:40085,ok-2020-official-app-president-county-results,county,oklahomaOfficialResultsAppCountyTable2020,https://results.okelections.gov/OKER/?elecDate=20201103,711,3305,60,4076
OK,2020,McClain County,McClain County,McClain County,county:40087,ok-2020-official-app-president-county-results,county,oklahomaOfficialResultsAppCountyTable2020,https://results.okelections.gov/OKER/?elecDate=20201103,3582,15295,359,19236
OK,2020,McCurtain County,McCurtain County,McCurtain County,county:40089,ok-2020-official-app-president-county-results,county,oklahomaOfficialResultsAppCountyTable2020,https://results.okelections.gov/OKER/?elecDate=20201103,1858,9485,124,11467
OK,2020,McIntosh County,McIntosh County,McIntosh County,county:40091,ok-2020-official-app-president-county-results,county,oklahomaOfficialResultsAppCountyTable2020,https://results.okelections.gov/OKER/?elecDate=20201103,2031,6172,132,8335
OK,2020,Major County,Major County,Major County,county:40093,ok-2020-official-app-president-county-results,county,oklahomaOfficialResultsAppCountyTable2020,https://results.okelections.gov/OKER/?elecDate=20201103,320,3084,63,3467
OK,2020,Marshall County,Marshall County,Marshall County,county:40095,ok-2020-official-app-president-county-results,county,oklahomaOfficialResultsAppCountyTable2020,https://results.okelections.gov/OKER/?elecDate=20201103,1100,4891,73,6064
OK,2020,Mayes County,Mayes County,Mayes County,county:40097,ok-2020-official-app-president-county-results,county,oklahomaOfficialResultsAppCountyTable2020,https://results.okelections.gov/OKER/?elecDate=20201103,3581,12749,296,16626
OK,2020,Murray County,Murray County,Murray County,county:40099,ok-2020-official-app-president-county-results,county,oklahomaOfficialResultsAppCountyTable2020,https://results.okelections.gov/OKER/?elecDate=20201103,1156,4612,126,5894
OK,2020,Muskogee County,Muskogee County,Muskogee County,county:40101,ok-2020-official-app-president-county-results,county,oklahomaOfficialResultsAppCountyTable2020,https://results.okelections.gov/OKER/?elecDate=20201103,8027,16526,528,25081
OK,2020,Noble County,Noble County,Noble County,county:40103,ok-2020-official-app-president-county-results,county,oklahomaOfficialResultsAppCountyTable2020,https://results.okelections.gov/OKER/?elecDate=20201103,1003,3821,114,4938
OK,2020,Nowata County,Nowata County,Nowata County,county:40105,ok-2020-official-app-president-county-results,county,oklahomaOfficialResultsAppCountyTable2020,https://results.okelections.gov/OKER/?elecDate=20201103,712,3610,69,4391
OK,2020,Okfuskee County,Okfuskee County,Okfuskee County,county:40107,ok-2020-official-app-president-county-results,county,oklahomaOfficialResultsAppCountyTable2020,https://results.okelections.gov/OKER/?elecDate=20201103,896,3058,84,4038
OK,2020,Oklahoma County,Oklahoma County,Oklahoma County,county:40109,ok-2020-official-app-president-county-results,county,oklahomaOfficialResultsAppCountyTable2020,https://results.okelections.gov/OKER/?elecDate=20201103,141724,145050,7966,294740
OK,2020,Okmulgee County,Okmulgee County,Okmulgee County,county:40111,ok-2020-official-app-president-county-results,county,oklahomaOfficialResultsAppCountyTable2020,https://results.okelections.gov/OKER/?elecDate=20201103,4357,9668,288,14313
OK,2020,Osage County,Osage County,Osage County,county:40113,ok-2020-official-app-president-county-results,county,oklahomaOfficialResultsAppCountyTable2020,https://results.okelections.gov/OKER/?elecDate=20201103,6002,14121,415,20538
OK,2020,Ottawa County,Ottawa County,Ottawa County,county:40115,ok-2020-official-app-president-county-results,county,oklahomaOfficialResultsAppCountyTable2020,https://results.okelections.gov/OKER/?elecDate=20201103,2686,8545,207,11438
OK,2020,Pawnee County,Pawnee County,Pawnee County,county:40117,ok-2020-official-app-president-county-results,county,oklahomaOfficialResultsAppCountyTable2020,https://results.okelections.gov/OKER/?elecDate=20201103,1363,5267,156,6786
OK,2020,Payne County,Payne County,Payne County,county:40119,ok-2020-official-app-president-county-results,county,oklahomaOfficialResultsAppCountyTable2020,https://results.okelections.gov/OKER/?elecDate=20201103,10904,17813,926,29643
OK,2020,Pittsburg County,Pittsburg County,Pittsburg County,county:40121,ok-2020-official-app-president-county-results,county,oklahomaOfficialResultsAppCountyTable2020,https://results.okelections.gov/OKER/?elecDate=20201103,3768,13851,305,17924
OK,2020,Pontotoc County,Pontotoc County,Pontotoc County,county:40123,ok-2020-official-app-president-county-results,county,oklahomaOfficialResultsAppCountyTable2020,https://results.okelections.gov/OKER/?elecDate=20201103,4117,10805,398,15320
OK,2020,Pottawatomie County,Pottawatomie County,Pottawatomie County,county:40125,ok-2020-official-app-president-county-results,county,oklahomaOfficialResultsAppCountyTable2020,https://results.okelections.gov/OKER/?elecDate=20201103,7275,20240,670,28185
OK,2020,Pushmataha County,Pushmataha County,Pushmataha County,county:40127,ok-2020-official-app-president-county-results,county,oklahomaOfficialResultsAppCountyTable2020,https://results.okelections.gov/OKER/?elecDate=20201103,668,4016,55,4739
OK,2020,Roger Mills County,Roger Mills County,Roger Mills County,county:40129,ok-2020-official-app-president-county-results,county,oklahomaOfficialResultsAppCountyTable2020,https://results.okelections.gov/OKER/?elecDate=20201103,168,1629,37,1834
OK,2020,Rogers County,Rogers County,Rogers County,county:40131,ok-2020-official-app-president-county-results,county,oklahomaOfficialResultsAppCountyTable2020,https://results.okelections.gov/OKER/?elecDate=20201103,9589,34031,933,44553
OK,2020,Seminole County,Seminole County,Seminole County,county:40133,ok-2020-official-app-president-county-results,county,oklahomaOfficialResultsAppCountyTable2020,https://results.okelections.gov/OKER/?elecDate=20201103,2150,6011,176,8337
OK,2020,Sequoyah County,Sequoyah County,Sequoyah County,county:40135,ok-2020-official-app-president-county-results,county,oklahomaOfficialResultsAppCountyTable2020,https://results.okelections.gov/OKER/?elecDate=20201103,3035,12113,238,15386
OK,2020,Stephens County,Stephens County,Stephens County,county:40137,ok-2020-official-app-president-county-results,county,oklahomaOfficialResultsAppCountyTable2020,https://results.okelections.gov/OKER/?elecDate=20201103,3154,15560,343,19057
OK,2020,Texas County,Texas County,Texas County,county:40139,ok-2020-official-app-president-county-results,county,oklahomaOfficialResultsAppCountyTable2020,https://results.okelections.gov/OKER/?elecDate=20201103,894,4505,122,5521
OK,2020,Tillman County,Tillman County,Tillman County,county:40141,ok-2020-official-app-president-county-results,county,oklahomaOfficialResultsAppCountyTable2020,https://results.okelections.gov/OKER/?elecDate=20201103,597,2076,35,2708
OK,2020,Tulsa County,Tulsa County,Tulsa County,county:40143,ok-2020-official-app-president-county-results,county,oklahomaOfficialResultsAppCountyTable2020,https://results.okelections.gov/OKER/?elecDate=20201103,108996,150574,7108,266678
OK,2020,Wagoner County,Wagoner County,Wagoner County,county:40145,ok-2020-official-app-president-county-results,county,oklahomaOfficialResultsAppCountyTable2020,https://results.okelections.gov/OKER/?elecDate=20201103,8464,26165,709,35338
OK,2020,Washington County,Washington County,Washington County,county:40147,ok-2020-official-app-president-county-results,county,oklahomaOfficialResultsAppCountyTable2020,https://results.okelections.gov/OKER/?elecDate=20201103,5790,17076,635,23501
OK,2020,Washita County,Washita County,Washita County,county:40149,ok-2020-official-app-president-county-results,county,oklahomaOfficialResultsAppCountyTable2020,https://results.okelections.gov/OKER/?elecDate=20201103,598,4086,93,4777
OK,2020,Woods County,Woods County,Woods County,county:40151,ok-2020-official-app-president-county-results,county,oklahomaOfficialResultsAppCountyTable2020,https://results.okelections.gov/OKER/?elecDate=20201103,591,2993,94,3678
OK,2020,Woodward County,Woodward County,Woodward County,county:40153,ok-2020-official-app-president-county-results,county,oklahomaOfficialResultsAppCountyTable2020,https://results.okelections.gov/OKER/?elecDate=20201103,1005,6611,169,7785
