state,election_year,county,local_unit,source_county_id,source_unit_id,source_unit_name,pres_harris,pres_trump,pres_other,pres_total,comparison_dem,comparison_rep,comparison_other,comparison_total
SD,2024,Aurora,0001 Precinct-1,10,0001,Precinct-1,56,229,6,291,47,243,0,290
SD,2024,Aurora,0002 Precinct-2,10,0002,Precinct-2,21,126,2,149,21,123,0,144
SD,2024,Aurora,0003 Precinct-3,10,0003,Precinct-3,103,300,17,420,65,351,0,416
SD,2024,Aurora,0005 Precinct-5,10,0005,Precinct-5,47,157,2,206,35,160,0,195
SD,2024,Aurora,0007 Precinct-7,10,0007,Precinct-7,75,244,8,327,54,269,0,323
SD,2024,Beadle,0012 Precinct-7,04,0012,Precinct-7,175,733,19,927,136,800,0,936
SD,2024,Beadle,0015 Precinct 8,04,0015,Precinct 8,39,261,2,302,25,277,0,302
SD,2024,Beadle,0017 Precinct 9,04,0017,Precinct 9,79,222,12,313,60,252,0,312
SD,2024,Beadle,0021 Precinct 1,04,0021,Precinct 1,354,708,27,1089,260,823,0,1083
SD,2024,Beadle,0022 Precinct 6,04,0022,Precinct 6,219,532,20,771,169,583,0,752
SD,2024,Beadle,0031 Precinct 2,04,0031,Precinct 2,269,606,20,895,202,684,0,886
SD,2024,Beadle,0032 Precinct 3,04,0032,Precinct 3,255,501,16,772,181,593,0,774
SD,2024,Beadle,0041 Precinct 5,04,0041,Precinct 5,425,764,34,1223,290,918,0,1208
SD,2024,Beadle,0042 Precinct 4,04,0042,Precinct 4,202,499,17,718,142,575,0,717
SD,2024,Bennett,0001 Allen Precinct,11,0001,Allen Precinct,177,70,10,257,159,91,0,250
SD,2024,Bennett,0002 Martin City Precinct,11,0002,Martin City Precinct,115,188,5,308,98,205,0,303
SD,2024,Bennett,0003 Vetal/Tuthill Precinct,11,0003,Vetal/Tuthill Precinct,10,142,3,155,11,138,0,149
SD,2024,Bennett,0027 Martin Rural 26/27 Precinct,11,0027,Martin Rural 26/27 Precinct,87,276,5,368,66,296,0,362
SD,2024,Bon Homme,0001 Precinct-1,12,0001,Precinct-1,96,492,8,596,96,495,0,591
SD,2024,Bon Homme,0002 Precinct-2,12,0002,Precinct-2,124,391,11,526,99,417,0,516
SD,2024,Bon Homme,0003 Precinct-3,12,0003,Precinct-3,193,482,25,700,147,540,0,687
SD,2024,Bon Homme,0004 Precinct-4,12,0004,Precinct-4,149,390,5,544,113,423,0,536
SD,2024,Bon Homme,0005 Precinct-5,12,0005,Precinct-5,135,481,10,626,109,498,0,607
SD,2024,Brookings,C025 Brookings Activity Center,06,C025,Brookings Activity Center,659,821,65,1545,544,977,0,1521
SD,2024,Brookings,C782 Holy Life Tabernacle,06,C782,Holy Life Tabernacle,293,602,20,915,203,696,0,899
SD,2024,Brookings,C927 Bethel Baptist Church Area 1,06,C927,Bethel Baptist Church Area 1,338,586,35,959,265,683,0,948
SD,2024,Brookings,C982 Aurora Impact Church,06,C982,Aurora Impact Church,129,387,21,537,116,417,0,533
SD,2024,Brookings,C983 Elkton Community Center,06,C983,Elkton Community Center,77,295,11,383,57,326,0,383
SD,2024,Brookings,C984 White McKnight Hall,06,C984,White McKnight Hall,108,398,13,519,62,458,0,520
SD,2024,Brookings,C985 Bruce Community Room,06,C985,Bruce Community Room,92,318,11,421,62,359,0,421
SD,2024,Brookings,C986 Bethel Baptist Church Area 2,06,C986,Bethel Baptist Church Area 2,316,569,44,929,240,674,0,914
SD,2024,Brookings,C987 Volga Community Center,06,C987,Volga Community Center,282,874,24,1180,207,957,0,1164
SD,2024,Brookings,C999 Absentee Precinct,06,C999,Absentee Precinct,3684,3724,142,7550,2888,4585,0,7473
SD,2024,Brown,C180 Courthouse Community Room,03,C180,Courthouse Community Room,618,1189,56,1863,534,1278,0,1812
SD,2024,Brown,C342 Warner Community Center,03,C342,Warner Community Center,109,324,6,439,80,360,0,440
SD,2024,Brown,C343 Stratford Communty Center,03,C343,Stratford Communty Center,55,96,6,157,50,106,0,156
SD,2024,Brown,C344 Groton Community Center,03,C344,Groton Community Center,231,618,9,858,161,689,0,850
SD,2024,Brown,C464 Hecla Community Center,03,C464,Hecla Community Center,60,154,0,214,40,170,0,210
SD,2024,Brown,C612 Best Western Ramkota Hotel and Convention Center,03,C612,Best Western Ramkota Hotel and Convention Center,555,1285,57,1897,426,1429,0,1855
SD,2024,Brown,C691 Claremont City Hall,03,C691,Claremont City Hall,41,91,1,133,33,98,0,131
SD,2024,Brown,C692 Columbia Legion,03,C692,Columbia Legion,55,179,3,237,43,183,0,226
SD,2024,Brown,C693 Westport Town Hall,03,C693,Westport Town Hall,43,149,2,194,38,153,0,191
SD,2024,Brown,C694 Frederick Community Center,03,C694,Frederick Community Center,68,166,7,241,49,190,0,239
SD,2024,Brown,C740 AmericInn Event Center,03,C740,AmericInn Event Center,667,1515,46,2228,530,1668,0,2198
SD,2024,Brown,C999 Absentee Precinct,03,C999,Absentee Precinct,3573,4876,130,8579,2769,5647,0,8416
SD,2024,Brule,0001 Precinct-01,13,0001,Precinct-01,444,816,41,1301,342,948,0,1290
SD,2024,Brule,0002 Precinct-02,13,0002,Precinct-02,92,443,12,547,80,460,0,540
SD,2024,Brule,0003 Precinct-03,13,0003,Precinct-03,91,318,9,418,80,342,0,422
SD,2024,Brule,0004 Precinct-04,13,0004,Precinct-04,39,117,1,157,24,131,0,155
SD,2024,Buffalo,0001 Precinct-1,14,0001,Precinct-1,17,89,2,108,18,87,0,105
SD,2024,Buffalo,0002 Precinct-2,14,0002,Precinct-2,37,32,3,72,31,39,0,70
SD,2024,Buffalo,0003 Precinct-3,14,0003,Precinct-3,237,43,6,286,191,91,0,282
SD,2024,Butte,0006 Precinct-06,15,0006,Precinct-06,1,46,0,47,1,43,0,44
SD,2024,Butte,0008 Precinct-08,15,0008,Precinct-08,0,27,1,28,0,26,0,26
SD,2024,Butte,0011 Precinct-11,15,0011,Precinct-11,7,85,1,93,10,80,0,90
SD,2024,Butte,0012 Precinct-12,15,0012,Precinct-12,10,82,0,92,15,73,0,88
SD,2024,Butte,0013 Precinct-13,15,0013,Precinct-13,26,220,4,250,30,197,0,227
SD,2024,Butte,0014 Precinct-14,15,0014,Precinct-14,37,237,7,281,44,223,0,267
SD,2024,Butte,0016 Precinct-16,15,0016,Precinct-16,118,705,21,844,106,718,0,824
SD,2024,Butte,0017 Precinct-17,15,0017,Precinct-17,68,384,5,457,63,381,0,444
SD,2024,Butte,0018 Precinct-18,15,0018,Precinct-18,34,90,3,127,24,101,0,125
SD,2024,Butte,0020 Precinct-20,15,0020,Precinct-20,44,188,4,236,52,181,0,233
SD,2024,Butte,0021 Precinct-21,15,0021,Precinct-21,64,206,9,279,54,218,0,272
SD,2024,Butte,0022 Precinct-22,15,0022,Precinct-22,43,175,6,224,38,177,0,215
SD,2024,Butte,0023 Precinct-23,15,0023,Precinct-23,66,188,4,258,59,198,0,257
SD,2024,Butte,0024 Precinct-24,15,0024,Precinct-24,103,274,11,388,95,277,0,372
SD,2024,Butte,0025 Precinct-25,15,0025,Precinct-25,107,362,8,477,73,388,0,461
SD,2024,Butte,0026 Precinct-26,15,0026,Precinct-26,57,230,11,298,49,228,0,277
SD,2024,Butte,0027 Precinct-27,15,0027,Precinct-27,51,196,7,254,36,209,0,245
SD,2024,Butte,0028 Precinct-28,15,0028,Precinct-28,105,329,14,448,88,348,0,436
SD,2024,Campbell,0001 Precinct-1,16,0001,Precinct-1,25,119,1,145,17,123,0,140
SD,2024,Campbell,0002 Precinct-2,16,0002,Precinct-2,26,133,4,163,22,133,0,155
SD,2024,Campbell,0003 Precinct-3,16,0003,Precinct-3,24,141,1,166,28,138,0,166
SD,2024,Campbell,0004 Precinct-4,16,0004,Precinct-4,22,138,3,163,19,140,0,159
SD,2024,Campbell,0005 Precinct-5,16,0005,Precinct-5,23,175,1,199,19,170,0,189
SD,2024,Charles Mix,0001 Precinct-01,17,0001,Precinct-01,143,335,3,481,121,357,0,478
SD,2024,Charles Mix,0002 Precinct-02,17,0002,Precinct-02,60,131,1,192,49,142,0,191
SD,2024,Charles Mix,0003 Precinct-03,17,0003,Precinct-03,231,270,13,514,205,312,0,517
SD,2024,Charles Mix,0004 Precinct-04,17,0004,Precinct-04,78,71,3,152,73,81,0,154
SD,2024,Charles Mix,0005 Precinct-05,17,0005,Precinct-05,90,257,7,354,72,278,0,350
SD,2024,Charles Mix,0006 Precinct-06,17,0006,Precinct-06,96,99,2,197,88,110,0,198
SD,2024,Charles Mix,0007 Precinct-07,17,0007,Precinct-07,40,83,4,127,36,89,0,125
SD,2024,Charles Mix,0008 Precinct-08,17,0008,Precinct-08,31,152,4,187,26,158,0,184
SD,2024,Charles Mix,0009 Precinct-09,17,0009,Precinct-09,55,348,7,410,44,366,0,410
SD,2024,Charles Mix,0010 Precinct-10,17,0010,Precinct-10,11,118,2,131,13,115,0,128
SD,2024,Charles Mix,0011 Precinct-11,17,0011,Precinct-11,129,551,11,691,94,599,0,693
SD,2024,Charles Mix,0012 Precinct-12,17,0012,Precinct-12,13,82,4,99,19,77,0,96
SD,2024,Charles Mix,0013 Precinct-13,17,0013,Precinct-13,21,50,3,74,24,50,0,74
SD,2024,Clark,0001 Precinct-01,18,0001,Precinct-01,36,104,9,149,30,117,0,147
SD,2024,Clark,0002 Precinct-02,18,0002,Precinct-02,24,93,3,120,19,97,0,116
SD,2024,Clark,0003 Precinct-03,18,0003,Precinct-03,23,70,4,97,17,78,0,95
SD,2024,Clark,0004 Precinct-04,18,0004,Precinct-04,13,85,3,101,8,93,0,101
SD,2024,Clark,0006 Precinct-06,18,0006,Precinct-06,35,162,4,201,25,173,0,198
SD,2024,Clark,0007 Precinct-07,18,0007,Precinct-07,17,166,2,185,18,173,0,191
SD,2024,Clark,0008 Precinct-08,18,0008,Precinct-08,44,139,5,188,23,164,0,187
SD,2024,Clark,0010 Precinct-10,18,0010,Precinct-10,23,81,4,108,21,89,0,110
SD,2024,Clark,0011 Precinct-11,18,0011,Precinct-11,56,122,4,182,43,127,0,170
SD,2024,Clark,0012 Precinct-12,18,0012,Precinct-12,53,114,3,170,38,128,0,166
SD,2024,Clark,0013 Precinct-13,18,0013,Precinct-13,52,120,3,175,37,138,0,175
SD,2024,Clark,0017 Precinct-09,18,0017,Precinct-09,39,126,1,166,25,136,0,161
SD,2024,Clay,0001 Precinct-01,19,0001,Precinct-01,118,309,7,434,81,349,0,430
SD,2024,Clay,0002 Precinct-02,19,0002,Precinct-02,119,253,12,384,86,293,0,379
SD,2024,Clay,0003 Precinct-03,19,0003,Precinct-03,450,600,32,1082,327,752,0,1079
SD,2024,Clay,0011 Precinct-C1,19,0011,Precinct-C1,269,91,8,368,237,126,0,363
SD,2024,Clay,0012 Precinct-C2,19,0012,Precinct-C2,124,73,9,206,111,91,0,202
SD,2024,Clay,0021 Precinct-E1,19,0021,Precinct-E1,217,184,7,408,188,208,0,396
SD,2024,Clay,0022 Precinct-E2,19,0022,Precinct-E2,119,63,6,188,101,77,0,178
SD,2024,Clay,0031 Precinct-S1,19,0031,Precinct-S1,498,335,19,852,386,456,0,842
SD,2024,Clay,0032 Precinct-S2,19,0032,Precinct-S2,390,212,6,608,311,294,0,605
SD,2024,Clay,0041 Precinct-W1,19,0041,Precinct-W1,398,270,22,690,334,344,0,678
SD,2024,Clay,0042 Precinct-W2,19,0042,Precinct-W2,241,184,11,436,209,219,0,428
SD,2024,Codington,0001 DEXTER,05,0001,DEXTER,22,87,5,114,21,92,0,113
SD,2024,Codington,"0002 EDEN, PHIPPS, WALLACE",05,0002,"EDEN, PHIPPS, WALLACE",34,110,6,150,29,116,0,145
SD,2024,Codington,"0004 FULLER, FLORENCE",05,0004,"FULLER, FLORENCE",59,241,7,307,44,263,0,307
SD,2024,Codington,0005 GERMANTOWN (RAUVILLE),05,0005,GERMANTOWN (RAUVILLE),55,179,9,243,53,189,0,242
SD,2024,Codington,"0006 GRACELAND, HENRY, HENRY",05,0006,"GRACELAND, HENRY, HENRY",43,190,3,236,37,196,0,233
SD,2024,Codington,0008 KAMPESKA (RICHLAND),05,0008,KAMPESKA (RICHLAND),50,205,4,259,35,228,0,263
SD,2024,Codington,"0009 KRANZBURG, KRANZBURG",05,0009,"KRANZBURG, KRANZBURG",36,228,8,272,30,233,0,263
SD,2024,Codington,"0011 LEOLA, SOUTH SHORE",05,0011,"LEOLA, SOUTH SHORE",35,92,9,136,36,98,0,134
SD,2024,Codington,0016 SHERIDAN,05,0016,SHERIDAN,58,197,7,262,46,212,0,258
SD,2024,Codington,0017 WAVERLY,05,0017,WAVERLY,20,95,2,117,16,96,0,112
SD,2024,Codington,0021 Precinct-A1,05,0021,Precinct-A1,308,870,26,1204,208,988,0,1196
SD,2024,Codington,0022 Precinct-A2,05,0022,Precinct-A2,189,351,13,553,124,429,0,553
SD,2024,Codington,0023 Precinct-A3 (Precinct-A4),05,0023,Precinct-A3 (Precinct-A4),182,409,12,603,123,464,0,587
SD,2024,Codington,"0031 Precinct-B1 (Precinct-B4, Precinct-E5)",05,0031,"Precinct-B1 (Precinct-B4, Precinct-E5)",250,642,24,916,189,713,0,902
SD,2024,Codington,0032 Precinct-B2,05,0032,Precinct-B2,345,549,30,924,260,638,0,898
SD,2024,Codington,0033 Precinct-B3 (Precinct-C1),05,0033,Precinct-B3 (Precinct-C1),291,637,26,954,230,697,0,927
SD,2024,Codington,"0042 Precinct-C2 (ELMIRA, Precinct-D4)",05,0042,"Precinct-C2 (ELMIRA, Precinct-D4)",253,424,19,696,190,489,0,679
SD,2024,Codington,"0043 Precinct-C3 (PELICAN, Precinct-C4)",05,0043,"Precinct-C3 (PELICAN, Precinct-C4)",405,934,35,1374,322,1018,0,1340
SD,2024,Codington,0051 Precinct-D1,05,0051,Precinct-D1,197,378,15,590,156,428,0,584
SD,2024,Codington,0052 Precinct-D2,05,0052,Precinct-D2,155,344,10,509,116,376,0,492
SD,2024,Codington,0053 Precinct-D3,05,0053,Precinct-D3,163,312,10,485,124,349,0,473
SD,2024,Codington,"0061 Precinct-E1 (LAKE, Precinct-E4)",05,0061,"Precinct-E1 (LAKE, Precinct-E4)",379,1008,24,1411,302,1083,0,1385
SD,2024,Codington,0062 Precinct-E2 (Precinct-E3),05,0062,Precinct-E2 (Precinct-E3),311,867,17,1195,189,1011,0,1200
SD,2024,Corson,0001 Bullhead Precinct,20,0001,Bullhead Precinct,50,5,0,55,45,10,0,55
SD,2024,Corson,0005 Kenel Precinct,20,0005,Kenel Precinct,46,15,0,61,39,19,0,58
SD,2024,Corson,0007 Lincoln Precinct,20,0007,Lincoln Precinct,101,90,2,193,88,98,0,186
SD,2024,Corson,0008 Little Eagle Precinct,20,0008,Little Eagle Precinct,55,25,3,83,50,31,0,81
SD,2024,Corson,0010 McLaughlin Precinct,20,0010,McLaughlin Precinct,97,71,6,174,96,76,0,172
SD,2024,Corson,0011 McIntosh Precinct,20,0011,McIntosh Precinct,29,167,2,198,29,170,0,199
SD,2024,Corson,0012 Wakpala Precinct,20,0012,Wakpala Precinct,89,9,1,99,80,16,0,96
SD,2024,Corson,0013 Morristown Precinct,20,0013,Morristown Precinct,15,178,3,196,18,174,0,192
SD,2024,Corson,0014 Ridgeland Precinct,20,0014,Ridgeland Precinct,13,70,0,83,12,70,0,82
SD,2024,Custer,0001 Precinct-01,21,0001,Precinct-01,265,975,23,1263,216,1017,0,1233
SD,2024,Custer,0002 Precinct-02,21,0002,Precinct-02,27,149,8,184,30,148,0,178
SD,2024,Custer,0003 Precinct-03,21,0003,Precinct-03,62,154,3,219,50,165,0,215
SD,2024,Custer,0004 Precinct-04,21,0004,Precinct-04,133,487,8,628,119,496,0,615
SD,2024,Custer,0005 Precinct-05,21,0005,Precinct-05,205,560,17,782,175,588,0,763
SD,2024,Custer,0006 Precinct-06,21,0006,Precinct-06,154,259,20,433,134,285,0,419
SD,2024,Custer,0007 Precinct-07,21,0007,Precinct-07,94,180,6,280,76,199,0,275
SD,2024,Custer,0008 Precinct-08,21,0008,Precinct-08,189,303,5,497,156,334,0,490
SD,2024,Custer,0009 Precinct-09,21,0009,Precinct-09,400,1068,28,1496,339,1125,0,1464
SD,2024,Custer,0010 Precinct-10,21,0010,Precinct-10,37,174,3,214,38,175,0,213
SD,2024,Davison,0001 Precinct-01,08,0001,Precinct-01,65,277,4,346,45,293,0,338
SD,2024,Davison,0002 Precinct-02,08,0002,Precinct-02,64,352,8,424,51,371,0,422
SD,2024,Davison,"0003 Precinct-03 (Precinct-04, Precinct-05)",08,0003,"Precinct-03 (Precinct-04, Precinct-05)",357,1212,34,1603,249,1340,0,1589
SD,2024,Davison,"0009 Precinct-09 (Precinct-10, Precinct-11)",08,0009,"Precinct-09 (Precinct-10, Precinct-11)",420,840,35,1295,317,957,0,1274
SD,2024,Davison,"0015 Precinct-15 (Precinct-16, Precinct-18)",08,0015,"Precinct-15 (Precinct-16, Precinct-18)",504,911,38,1453,360,1072,0,1432
SD,2024,Davison,"0022 Precinct-06 (Precinct-07, Precinct-08)",08,0022,"Precinct-06 (Precinct-07, Precinct-08)",514,1037,35,1586,323,1267,0,1590
SD,2024,Davison,"0025 Precinct-12 (Precinct-13, Precinct-14)",08,0025,"Precinct-12 (Precinct-13, Precinct-14)",393,776,37,1206,297,878,0,1175
SD,2024,Davison,0028 Precinct-19 (Precinct-20),08,0028,Precinct-19 (Precinct-20),426,803,35,1264,292,953,0,1245
SD,2024,Day,0001 Precinct-01,22,0001,Precinct-01,112,168,9,289,79,206,0,285
SD,2024,Day,0002 Precinct-02,22,0002,Precinct-02,87,186,4,277,59,215,0,274
SD,2024,Day,0003 Precinct-03,22,0003,Precinct-03,90,207,2,299,73,224,0,297
SD,2024,Day,0004 Precinct-04,22,0004,Precinct-04,134,305,10,449,107,337,0,444
SD,2024,Day,0005 Precinct-05,22,0005,Precinct-05,120,258,7,385,92,297,0,389
SD,2024,Day,0006 Precinct-06,22,0006,Precinct-06,31,69,2,102,29,75,0,104
SD,2024,Day,0014 Precinct-07,22,0014,Precinct-07,60,151,2,213,60,151,0,211
SD,2024,Day,0015 Precinct-08,22,0015,Precinct-08,83,132,9,224,68,144,0,212
SD,2024,Day,0016 Precinct-09,22,0016,Precinct-09,87,119,3,209,65,141,0,206
SD,2024,Day,0017 Precinct-10,22,0017,Precinct-10,14,66,1,81,11,73,0,84
SD,2024,Day,0018 Precinct-11,22,0018,Precinct-11,182,215,7,404,144,255,0,399
SD,2024,Deuel,0001 Precinct-01,23,0001,Precinct-01,38,129,2,169,30,132,0,162
SD,2024,Deuel,0003 Precinct-03,23,0003,Precinct-03,61,250,7,318,46,263,0,309
SD,2024,Deuel,0004 Precinct-04,23,0004,Precinct-04,40,127,4,171,30,142,0,172
SD,2024,Deuel,0005 Precinct-05,23,0005,Precinct-05,72,138,7,217,54,160,0,214
SD,2024,Deuel,0006 Precinct-06,23,0006,Precinct-06,50,129,3,182,33,143,0,176
SD,2024,Deuel,0007 Precinct-07,23,0007,Precinct-07,45,162,5,212,33,174,0,207
SD,2024,Deuel,0008 Precinct-08,23,0008,Precinct-08,69,228,7,304,53,241,0,294
SD,2024,Deuel,0009 Precinct-09,23,0009,Precinct-09,52,255,7,314,42,271,0,313
SD,2024,Deuel,0010 Precinct-10,23,0010,Precinct-10,44,143,6,193,36,159,0,195
SD,2024,Deuel,0011 Precinct-11,23,0011,Precinct-11,57,156,5,218,47,171,0,218
SD,2024,Dewey,0002 Precinct-02 Trail City,24,0002,Precinct-02 Trail City,3,39,0,42,2,40,0,42
SD,2024,Dewey,0004 Precinct-04 Timber Lake,24,0004,Precinct-04 Timber Lake,100,274,10,384,90,287,0,377
SD,2024,Dewey,0005 Precinct-05 Firesteel,24,0005,Precinct-05 Firesteel,19,44,0,63,15,47,0,62
SD,2024,Dewey,0006 Precinct-06 Isabel,24,0006,Precinct-06 Isabel,17,104,4,125,16,108,0,124
SD,2024,Dewey,0007 Precinct-07 Eagle Butte East,24,0007,Precinct-07 Eagle Butte East,220,52,6,278,187,84,0,271
SD,2024,Dewey,0008 Precinct-08 White Horse,24,0008,Precinct-08 White Horse,39,12,3,54,29,22,0,51
SD,2024,Dewey,0009 Precinct-09 Promise,24,0009,Precinct-09 Promise,48,20,0,68,45,22,0,67
SD,2024,Dewey,0011 Precinct-11 Swiftbird/LaPlant,24,0011,Precinct-11 Swiftbird/LaPlant,74,14,1,89,62,26,0,88
SD,2024,Dewey,0012 Precinct-12 Eagle Butte North (Precinct-13 Eagle Butte North),24,0012,Precinct-12 Eagle Butte North (Precinct-13 Eagle Butte North),163,98,12,273,154,116,0,270
SD,2024,Dewey,0014 Precinct-14 Eagle Butte South,24,0014,Precinct-14 Eagle Butte South,230,57,8,295,194,93,0,287
SD,2024,Dewey,0015 Precinct-15 Eagle Butte West,24,0015,Precinct-15 Eagle Butte West,119,79,2,200,100,99,0,199
SD,2024,Douglas,0001 Precinct-1,25,0001,Precinct-1,17,281,1,299,20,275,0,295
SD,2024,Douglas,0002 Precinct-2,25,0002,Precinct-2,47,242,5,294,22,270,0,292
SD,2024,Douglas,0003 Precinct-3,25,0003,Precinct-3,30,207,3,240,17,219,0,236
SD,2024,Douglas,0004 Precinct-4,25,0004,Precinct-4,43,195,4,242,30,208,0,238
SD,2024,Douglas,0005 Precinct-5,25,0005,Precinct-5,8,246,1,255,8,234,0,242
SD,2024,Douglas,C999 Absentee Precinct,25,C999,Absentee Precinct,74,248,6,328,60,256,0,316
SD,2024,Edmunds,0001 Precinct-1,26,0001,Precinct-1,101,391,5,497,70,413,0,483
SD,2024,Edmunds,0002 Precinct-2,26,0002,Precinct-2,84,306,9,399,76,322,0,398
SD,2024,Edmunds,0003 Precinct-3,26,0003,Precinct-3,51,270,5,326,51,271,0,322
SD,2024,Edmunds,0004 Precinct-4,26,0004,Precinct-4,55,227,5,287,36,251,0,287
SD,2024,Edmunds,0005 Precinct-5,26,0005,Precinct-5,67,304,4,375,53,313,0,366
SD,2024,Edmunds,0006 Precinct-6,26,0006,Precinct-6,26,120,1,147,16,131,0,147
SD,2024,Fall River,0001 BEA,27,0001,BEA,29,164,6,199,27,162,0,189
SD,2024,Fall River,0002 CAS,27,0002,CAS,35,156,11,202,28,165,0,193
SD,2024,Fall River,0003 EDA,27,0003,EDA,107,519,16,642,83,539,0,622
SD,2024,Fall River,0004 HS 1,27,0004,HS 1,175,314,13,502,152,339,0,491
SD,2024,Fall River,0005 JAC,27,0005,JAC,251,910,27,1188,217,939,0,1156
SD,2024,Fall River,0007 Oelrichs Area,27,0007,Oelrichs Area,21,186,5,212,22,187,0,209
SD,2024,Fall River,0010 HS 3,27,0010,HS 3,130,269,13,412,112,290,0,402
SD,2024,Fall River,0011 HS 4,27,0011,HS 4,142,275,10,427,131,288,0,419
SD,2024,Fall River,0012 HS 2,27,0012,HS 2,140,339,8,487,117,360,0,477
SD,2024,Faulk,0001 Precinct-1,28,0001,Precinct-1,37,133,4,174,37,129,0,166
SD,2024,Faulk,0002 Precinct-2,28,0002,Precinct-2,7,122,2,131,12,112,0,124
SD,2024,Faulk,0003 Precinct-3,28,0003,Precinct-3,14,107,1,122,14,108,0,122
SD,2024,Faulk,0004 Precinct-4,28,0004,Precinct-4,18,76,2,96,15,79,0,94
SD,2024,Faulk,0005 Precinct-5,28,0005,Precinct-5,15,88,2,105,11,89,0,100
SD,2024,Faulk,0006 Precinct-6,28,0006,Precinct-6,38,184,7,229,35,193,0,228
SD,2024,Faulk,0007 Precinct-7,28,0007,Precinct-7,54,210,9,273,44,218,0,262
SD,2024,Grant,0011 Precinct-11,29,0011,Precinct-11,87,247,6,340,64,267,0,331
SD,2024,Grant,0012 Precinct-12,29,0012,Precinct-12,24,63,6,93,23,69,0,92
SD,2024,Grant,0021 Precinct-21,29,0021,Precinct-21,46,108,1,155,30,125,0,155
SD,2024,Grant,0022 Precinct-22,29,0022,Precinct-22,105,242,8,355,79,269,0,348
SD,2024,Grant,0031 Precinct-31,29,0031,Precinct-31,16,40,1,57,15,43,0,58
SD,2024,Grant,0032 Precinct-32,29,0032,Precinct-32,23,64,2,89,23,62,0,85
SD,2024,Grant,0033 Precinct-33,29,0033,Precinct-33,142,270,16,428,92,335,0,427
SD,2024,Grant,0041 Precinct-41,29,0041,Precinct-41,71,147,6,224,56,166,0,222
SD,2024,Grant,0042 Precinct-42,29,0042,Precinct-42,62,239,4,305,47,256,0,303
SD,2024,Grant,0043 Precinct-43,29,0043,Precinct-43,111,304,10,425,87,331,0,418
SD,2024,Grant,0044 Precinct-44,29,0044,Precinct-44,30,112,3,145,19,121,0,140
SD,2024,Grant,0045 Precinct-45,29,0045,Precinct-45,48,101,9,158,38,116,0,154
SD,2024,Grant,0046 Precinct-46,29,0046,Precinct-46,52,162,6,220,43,176,0,219
SD,2024,Grant,0047 Precinct-47,29,0047,Precinct-47,41,186,4,231,23,207,0,230
SD,2024,Grant,0049 Precinct-49,29,0049,Precinct-49,22,82,2,106,19,88,0,107
SD,2024,Grant,0052 Precinct-52,29,0052,Precinct-52,12,67,3,82,11,69,0,80
SD,2024,Grant,0053 Precinct-53,29,0053,Precinct-53,13,41,2,56,10,44,0,54
SD,2024,Grant,0054 Precinct-54,29,0054,Precinct-54,41,119,1,161,26,132,0,158
SD,2024,Gregory,0001 Precinct-1,30,0001,Precinct-1,188,820,22,1030,162,843,0,1005
SD,2024,Gregory,0002 Precinct-2,30,0002,Precinct-2,156,629,22,807,119,675,0,794
SD,2024,Gregory,0003 Precinct-3,30,0003,Precinct-3,82,341,7,430,59,362,0,421
SD,2024,Haakon,C081 Midland Fire Hall,31,C081,Midland Fire Hall,11,136,1,148,12,131,0,143
SD,2024,Haakon,C082 Deep Creek Church,31,C082,Deep Creek Church,2,44,1,47,6,44,0,50
SD,2024,Haakon,C083 Milesville Hall,31,C083,Milesville Hall,3,86,2,91,6,82,0,88
SD,2024,Haakon,C388 Courthouse Community Room,31,C388,Courthouse Community Room,51,449,7,507,56,443,0,499
SD,2024,Haakon,C999 Absentee Precinct,31,C999,Absentee Precinct,38,287,5,330,32,289,0,321
SD,2024,Hamlin,0002 Precinct-02,32,0002,Precinct-02,16,158,1,175,11,161,0,172
SD,2024,Hamlin,0021 Precinct-21,32,0021,Precinct-21,169,621,15,805,115,682,0,797
SD,2024,Hamlin,0022 Precinct-22,32,0022,Precinct-22,9,133,2,144,7,126,0,133
SD,2024,Hamlin,0023 Precinct-23,32,0023,Precinct-23,42,240,5,287,27,248,0,275
SD,2024,Hamlin,0024 Precinct-24,32,0024,Precinct-24,152,633,12,797,109,675,0,784
SD,2024,Hamlin,0025 Precinct-25,32,0025,Precinct-25,178,370,15,563,129,427,0,556
SD,2024,Hamlin,0026 Precinct-26,32,0026,Precinct-26,44,405,6,455,36,411,0,447
SD,2024,Hand,0001 Precinct-01,33,0001,Precinct-01,96,317,5,418,76,338,0,414
SD,2024,Hand,0002 Precinct-02,33,0002,Precinct-02,79,232,4,315,59,256,0,315
SD,2024,Hand,0003 Precinct-03,33,0003,Precinct-03,93,269,7,369,67,301,0,368
SD,2024,Hand,0004 Precinct-04,33,0004,Precinct-04,42,269,3,314,26,279,0,305
SD,2024,Hand,0005 Precinct-05,33,0005,Precinct-05,55,288,4,347,41,295,0,336
SD,2024,Hanson,0001 Precinct-1,34,0001,Precinct-1,169,500,15,684,159,502,0,661
SD,2024,Hanson,0002 Precinct-2,34,0002,Precinct-2,98,287,7,392,78,311,0,389
SD,2024,Hanson,0003 Precinct-3,34,0003,Precinct-3,54,262,8,324,45,287,0,332
SD,2024,Hanson,0004 Precinct-4,34,0004,Precinct-4,43,278,6,327,41,281,0,322
SD,2024,Hanson,0005 Precinct-5,34,0005,Precinct-5,35,284,0,319,30,284,0,314
SD,2024,Harding,0001 Precinct-01,35,0001,Precinct-01,17,131,4,152,15,134,0,149
SD,2024,Harding,0002 Precinct-02,35,0002,Precinct-02,13,134,5,152,10,137,0,147
SD,2024,Harding,0003 Precinct-03,35,0003,Precinct-03,5,48,0,53,4,46,0,50
SD,2024,Harding,0005 Precinct-05,35,0005,Precinct-05,5,131,5,141,6,133,0,139
SD,2024,Harding,0006 Precinct-06,35,0006,Precinct-06,0,31,0,31,0,31,0,31
SD,2024,Harding,0007 Precinct-07,35,0007,Precinct-07,5,97,0,102,5,94,0,99
SD,2024,Harding,0008 Precinct-08,35,0008,Precinct-08,1,58,1,60,4,55,0,59
SD,2024,Harding,0009 Precinct-09,35,0009,Precinct-09,2,124,3,129,1,122,0,123
SD,2024,Hughes,C969 1. Faith Lutheran Church,36,C969,1. Faith Lutheran Church,696,1366,63,2125,469,1636,0,2105
SD,2024,Hughes,C970 2. New Life Assembly of God Church,36,C970,2. New Life Assembly of God Church,658,1588,66,2312,461,1837,0,2298
SD,2024,Hughes,C971 3. Capitol Lake Visitors Center,36,C971,3. Capitol Lake Visitors Center,300,489,27,816,233,579,0,812
SD,2024,Hughes,C972 5. Blunt City Hall,36,C972,5. Blunt City Hall,24,169,7,200,23,176,0,199
SD,2024,Hughes,C973 6. Harrold City Auditorium,36,C973,6. Harrold City Auditorium,11,94,1,106,11,95,0,106
SD,2024,Hughes,C999 Absentee Precinct,36,C999,Absentee Precinct,1149,1672,54,2875,821,2019,0,2840
SD,2024,Hutchinson,0001 Precinct-01,37,0001,Precinct-01,113,589,7,709,93,605,0,698
SD,2024,Hutchinson,0002 Precinct-02,37,0002,Precinct-02,226,693,21,940,170,760,0,930
SD,2024,Hutchinson,0004 Precinct-03,37,0004,Precinct-03,105,423,12,540,71,461,0,532
SD,2024,Hutchinson,0005 Precinct-04,37,0005,Precinct-04,205,539,13,757,127,628,0,755
SD,2024,Hutchinson,0006 Precinct-05,37,0006,Precinct-05,68,379,7,454,35,417,0,452
SD,2024,Hutchinson,0007 Precinct-06,37,0007,Precinct-06,38,288,3,329,37,292,0,329
SD,2024,Hyde,C584 Hyde County Memorial Auditorium-East Wing,38,C584,Hyde County Memorial Auditorium-East Wing,148,530,17,695,103,580,0,683
SD,2024,Jackson,0001 Precinct-1,39,0001,Precinct-1,3,41,0,44,0,44,0,44
SD,2024,Jackson,0002 Precinct-2,39,0002,Precinct-2,22,95,2,119,24,96,0,120
SD,2024,Jackson,0003 Precinct-3,39,0003,Precinct-3,20,247,1,268,18,248,0,266
SD,2024,Jackson,0004 Precinct-4,39,0004,Precinct-4,37,119,2,158,19,134,0,153
SD,2024,Jackson,0005 Precinct-5,39,0005,Precinct-5,6,78,1,85,12,72,0,84
SD,2024,Jackson,0006 Precinct-6,39,0006,Precinct-6,25,89,4,118,28,85,0,113
SD,2024,Jackson,0007 Precinct-7,39,0007,Precinct-7,209,44,7,260,198,59,0,257
SD,2024,Jackson,0008 Precinct-8,39,0008,Precinct-8,35,40,2,77,30,45,0,75
SD,2024,Jerauld,0001 Precinct-1,40,0001,Precinct-1,155,332,5,492,106,386,0,492
SD,2024,Jerauld,0002 Precinct-2,40,0002,Precinct-2,37,119,2,158,27,131,0,158
SD,2024,Jerauld,0003 Precinct-3,40,0003,Precinct-3,35,95,2,132,14,121,0,135
SD,2024,Jerauld,0004 Precinct-4,40,0004,Precinct-4,22,75,3,100,22,76,0,98
SD,2024,Jerauld,0005 Precinct-5,40,0005,Precinct-5,26,87,3,116,14,102,0,116
SD,2024,Jones,0001 Precinct-1,41,0001,Precinct-1,14,140,1,155,19,138,0,157
SD,2024,Jones,0006 Precinct-2,41,0006,Precinct-2,46,337,12,395,43,339,0,382
SD,2024,Kingsbury,0001 Iroquois Precinct,42,0001,Iroquois Precinct,62,145,5,212,44,169,0,213
SD,2024,Kingsbury,0004 Badger Precinct,42,0004,Badger Precinct,69,235,7,311,48,261,0,309
SD,2024,Kingsbury,0005 Lake Preston Precinct,42,0005,Lake Preston Precinct,103,381,10,494,80,410,0,490
SD,2024,Kingsbury,0006 Oldham Precinct,42,0006,Oldham Precinct,58,175,4,237,48,187,0,235
SD,2024,Kingsbury,0021 Arlington Precinct,42,0021,Arlington Precinct,189,445,11,645,140,492,0,632
SD,2024,Kingsbury,0024 De Smet Precinct,42,0024,De Smet Precinct,279,608,15,902,211,690,0,901
SD,2024,Lake,0001 Chester-Franklin,43,0001,Chester-Franklin,145,430,4,579,108,460,0,568
SD,2024,Lake,0002 Wentworth-Rutland,43,0002,Wentworth-Rutland,174,420,8,602,136,464,0,600
SD,2024,Lake,0003 Nunda-Summit,43,0003,Nunda-Summit,38,166,4,208,29,189,0,218
SD,2024,Lake,0004 Concord-Badus-Wayne/Ramona,43,0004,Concord-Badus-Wayne/Ramona,81,191,5,277,54,221,0,275
SD,2024,Lake,0005 Herman-Winfred,43,0005,Herman-Winfred,123,350,10,483,90,394,0,484
SD,2024,Lake,0006 Lakeview,43,0006,Lakeview,211,372,6,589,147,442,0,589
SD,2024,Lake,0008 Ward One,43,0008,Ward One,550,753,31,1334,392,929,0,1321
SD,2024,Lake,0010 Ward Three,43,0010,Ward Three,290,421,21,732,223,497,0,720
SD,2024,Lake,0011 Ward Two,43,0011,Ward Two,280,422,13,715,213,496,0,709
SD,2024,Lake,0012 Farmington-Leroy-Clarno-Orland,43,0012,Farmington-Leroy-Clarno-Orland,86,294,7,387,64,314,0,378
SD,2024,Lawrence,0001 Precinct-01,09,0001,Precinct-01,271,486,46,803,229,550,0,779
SD,2024,Lawrence,0002 Precinct-02,09,0002,Precinct-02,264,570,40,874,233,625,0,858
SD,2024,Lawrence,0003 Precinct-03,09,0003,Precinct-03,280,663,36,979,222,731,0,953
SD,2024,Lawrence,0004 Precinct-04,09,0004,Precinct-04,244,428,34,706,226,470,0,696
SD,2024,Lawrence,0005 Precinct-05,09,0005,Precinct-05,78,127,11,216,57,161,0,218
SD,2024,Lawrence,0006 Precinct-06,09,0006,Precinct-06,38,128,4,170,35,134,0,169
SD,2024,Lawrence,0007 Precinct-07,09,0007,Precinct-07,101,281,16,398,71,314,0,385
SD,2024,Lawrence,0008 Precinct-08,09,0008,Precinct-08,25,132,4,161,27,129,0,156
SD,2024,Lawrence,0009 Precinct-09,09,0009,Precinct-09,109,581,22,712,101,588,0,689
SD,2024,Lawrence,0010 Precinct-10,09,0010,Precinct-10,318,939,36,1293,256,995,0,1251
SD,2024,Lawrence,C999 Absentee Precinct,09,C999,Absentee Precinct,3346,5568,182,9096,2831,6059,0,8890
SD,2024,Lincoln,0002 02-21,44,0002,02-21,125,387,8,520,109,410,0,519
SD,2024,Lincoln,0006 06,44,0006,06,129,366,9,504,94,402,0,496
SD,2024,Lincoln,0008 08,44,0008,08,60,182,4,246,44,200,0,244
SD,2024,Lincoln,0011 11-14,44,0011,11-14,153,305,5,463,107,356,0,463
SD,2024,Lincoln,0012 12,44,0012,12,105,365,15,485,85,386,0,471
SD,2024,Lincoln,0013 13-14,44,0013,13-14,113,404,18,535,91,436,0,527
SD,2024,Lincoln,0015 15,44,0015,15,393,864,25,1282,289,996,0,1285
SD,2024,Lincoln,0016 16,44,0016,16,314,825,19,1158,238,893,0,1131
SD,2024,Lincoln,0020 20,44,0020,20,329,688,29,1046,244,774,0,1018
SD,2024,Lincoln,0023 23-13,44,0023,23-13,173,582,23,778,138,634,0,772
SD,2024,Lincoln,0024 24-01,44,0024,24-01,293,745,29,1067,211,825,0,1036
SD,2024,Lincoln,0025 25,44,0025,25,328,796,33,1157,246,891,0,1137
SD,2024,Lincoln,0026 26,44,0026,26,129,358,15,502,106,387,0,493
SD,2024,Lincoln,0027 27,44,0027,27,577,1221,51,1849,474,1325,0,1799
SD,2024,Lincoln,0030 30,44,0030,30,176,321,10,507,144,357,0,501
SD,2024,Lincoln,0041 Sioux Falls 1-11,44,0041,Sioux Falls 1-11,619,1010,24,1653,412,1243,0,1655
SD,2024,Lincoln,0042 Sioux Falls 2-10,44,0042,Sioux Falls 2-10,649,1049,30,1728,435,1301,0,1736
SD,2024,Lincoln,0051 Sioux Falls 1-12,44,0051,Sioux Falls 1-12,575,810,28,1413,479,906,0,1385
SD,2024,Lincoln,0052 Sioux Falls 2-11,44,0052,Sioux Falls 2-11,941,1260,35,2236,680,1554,0,2234
SD,2024,Lincoln,0061 Sioux Falls 1-13,44,0061,Sioux Falls 1-13,343,388,32,763,306,436,0,742
SD,2024,Lincoln,0062 Sioux Falls 2-12,44,0062,Sioux Falls 2-12,420,477,21,918,326,588,0,914
SD,2024,Lincoln,0071 Sioux Falls 1-16,44,0071,Sioux Falls 1-16,340,466,18,824,281,527,0,808
SD,2024,Lincoln,0072 Sioux Falls 2-13,44,0072,Sioux Falls 2-13,1105,1229,34,2368,850,1476,0,2326
SD,2024,Lincoln,0081 Sioux Falls 1-14,44,0081,Sioux Falls 1-14,445,686,31,1162,369,758,0,1127
SD,2024,Lincoln,0082 Sioux Falls 2-15,44,0082,Sioux Falls 2-15,536,911,32,1479,384,1079,0,1463
SD,2024,Lincoln,0083 Sioux Falls 1-18,44,0083,Sioux Falls 1-18,615,1005,40,1660,449,1184,0,1633
SD,2024,Lincoln,0084 Sioux Falls 1-15,44,0084,Sioux Falls 1-15,449,494,27,970,367,602,0,969
SD,2024,Lincoln,0085 29,44,0085,29,508,1118,37,1663,371,1255,0,1626
SD,2024,Lincoln,0086 Sioux Falls 2-16,44,0086,Sioux Falls 2-16,1151,1585,56,2792,941,1804,0,2745
SD,2024,Lincoln,0087 Sioux Falls 1-20,44,0087,Sioux Falls 1-20,284,477,21,782,225,538,0,763
SD,2024,Lincoln,0088 24-02,44,0088,24-02,330,671,12,1013,222,766,0,988
SD,2024,Lincoln,0089 24-03,44,0089,24-03,274,576,20,870,237,612,0,849
SD,2024,Lyman,0001 Precinct-01,45,0001,Precinct-01,8,64,0,72,8,52,0,60
SD,2024,Lyman,0004 Precinct-04,45,0004,Precinct-04,88,211,8,307,62,246,0,308
SD,2024,Lyman,0006 Precinct-06,45,0006,Precinct-06,32,108,4,144,26,117,0,143
SD,2024,Lyman,0007 Precinct-07,45,0007,Precinct-07,176,27,6,209,139,68,0,207
SD,2024,Lyman,0009 Precinct-09,45,0009,Precinct-09,35,208,5,248,24,217,0,241
SD,2024,Lyman,0012 Precinct-12,45,0012,Precinct-12,66,292,8,366,45,319,0,364
SD,2024,Lyman,0013 Precinct-13,45,0013,Precinct-13,16,83,1,100,14,80,0,94
SD,2024,Marshall,0001 Precinct-A1,48,0001,Precinct-A1,88,128,3,219,73,140,0,213
SD,2024,Marshall,0002 Precinct-A2,48,0002,Precinct-A2,78,109,3,190,62,132,0,194
SD,2024,Marshall,0003 Precinct-A3,48,0003,Precinct-A3,72,105,5,182,57,120,0,177
SD,2024,Marshall,0004 Precinct-A4,48,0004,Precinct-A4,118,145,3,266,81,189,0,270
SD,2024,Marshall,0005 Precinct-A5,48,0005,Precinct-A5,80,105,2,187,68,117,0,185
SD,2024,Marshall,0006 Precinct-A6,48,0006,Precinct-A6,128,190,9,327,102,224,0,326
SD,2024,Marshall,0007 Precinct-A7,48,0007,Precinct-A7,63,130,0,193,42,149,0,191
SD,2024,Marshall,0008 Precinct-A8,48,0008,Precinct-A8,62,174,3,239,37,204,0,241
SD,2024,Marshall,0009 Precinct-A9,48,0009,Precinct-A9,93,201,11,305,87,213,0,300
SD,2024,McCook,0001 Precinct-01,46,0001,Precinct-01,192,429,7,628,146,475,0,621
SD,2024,McCook,0002 Precinct-02,46,0002,Precinct-02,50,121,4,175,36,139,0,175
SD,2024,McCook,0003 Precinct-03,46,0003,Precinct-03,168,454,27,649,122,528,0,650
SD,2024,McCook,0004 Precinct-04,46,0004,Precinct-04,81,436,10,527,64,462,0,526
SD,2024,McCook,0005 Precinct-05,46,0005,Precinct-05,168,483,16,667,134,524,0,658
SD,2024,McCook,0006 Precinct-06,46,0006,Precinct-06,74,304,7,385,52,332,0,384
SD,2024,McPherson,0001 Precinct-1,47,0001,Precinct-1,46,293,5,344,42,273,0,315
SD,2024,McPherson,0002 Precinct-2,47,0002,Precinct-2,26,248,7,281,28,231,0,259
SD,2024,McPherson,0004 Precinct-4,47,0004,Precinct-4,67,287,5,359,49,300,0,349
SD,2024,McPherson,0009 Precinct-3,47,0009,Precinct-3,49,259,7,315,41,273,0,314
SD,2024,Meade,0001 EAST STURGIS #1,49,0001,EAST STURGIS #1,86,197,12,295,69,213,0,282
SD,2024,Meade,0002 SOUTHEAST STURGIS #2,49,0002,SOUTHEAST STURGIS #2,162,393,14,569,125,438,0,563
SD,2024,Meade,0003 CENTRAL STURGIS #3,49,0003,CENTRAL STURGIS #3,108,160,8,276,95,174,0,269
SD,2024,Meade,0004 WEST STURGIS #4,49,0004,WEST STURGIS #4,66,135,7,208,56,145,0,201
SD,2024,Meade,0005 NORTHWEST STURGIS #5,49,0005,NORTHWEST STURGIS #5,136,354,30,520,121,384,0,505
SD,2024,Meade,0006 TILFORD #6,49,0006,TILFORD #6,175,615,21,811,141,652,0,793
SD,2024,Meade,0007 RURAL STURGIS #7,49,0007,RURAL STURGIS #7,143,411,8,562,119,442,0,561
SD,2024,Meade,0008 HARMONY #8,49,0008,HARMONY #8,89,304,10,403,85,310,0,395
SD,2024,Meade,0009 BEAR BUTTE #9,49,0009,BEAR BUTTE #9,26,138,8,172,26,140,0,166
SD,2024,Meade,0010 SUMMERSET #10,49,0010,SUMMERSET #10,297,885,26,1208,245,942,0,1187
SD,2024,Meade,0011 PIEDMONT WEST #11,49,0011,PIEDMONT WEST #11,110,375,12,497,97,391,0,488
SD,2024,Meade,0012 NORTHEAST PIEDMONT #12,49,0012,NORTHEAST PIEDMONT #12,145,645,20,810,122,665,0,787
SD,2024,Meade,0013 SOUTHEAST PIEDMONT #13,49,0013,SOUTHEAST PIEDMONT #13,235,753,42,1030,190,809,0,999
SD,2024,Meade,0014 BLACK HAWK #14,49,0014,BLACK HAWK #14,98,248,11,357,88,270,0,358
SD,2024,Meade,0015 RURAL BLACK HAWK #15,49,0015,RURAL BLACK HAWK #15,98,360,8,466,82,375,0,457
SD,2024,Meade,0016 WEST BLACK HAWK #16,49,0016,WEST BLACK HAWK #16,103,252,5,360,91,269,0,360
SD,2024,Meade,0017 VIEWFIELD #17,49,0017,VIEWFIELD #17,5,108,1,114,4,106,0,110
SD,2024,Meade,0018 ELM SPRINGS #18,49,0018,ELM SPRINGS #18,12,83,0,95,10,80,0,90
SD,2024,Meade,0019 CENTRAL BLACK HAWK #19,49,0019,CENTRAL BLACK HAWK #19,223,598,24,845,183,631,0,814
SD,2024,Meade,0020 HEREFORD #20,49,0020,HEREFORD #20,9,51,2,62,6,55,0,61
SD,2024,Meade,0021 ELK VALE #21,49,0021,ELK VALE #21,7,73,1,81,7,70,0,77
SD,2024,Meade,0023 BASE #23,49,0023,BASE #23,209,412,13,634,197,418,0,615
SD,2024,Meade,0024 WEST ELK VALE #24,49,0024,WEST ELK VALE #24,56,202,6,264,49,199,0,248
SD,2024,Meade,0025 WHITE OWL #25,49,0025,WHITE OWL #25,2,47,0,49,1,45,0,46
SD,2024,Meade,0027 CHALK BUTTE #27,49,0027,CHALK BUTTE #27,10,112,2,124,15,107,0,122
SD,2024,Meade,0029 FAIRPOINT #29,49,0029,FAIRPOINT #29,5,32,0,37,5,32,0,37
SD,2024,Meade,0030 RED OWL #30,49,0030,RED OWL #30,3,80,0,83,5,75,0,80
SD,2024,Meade,0031 FAITH #31,49,0031,FAITH #31,23,233,2,258,18,229,0,247
SD,2024,Meade,0033 PINE #33,49,0033,PINE #33,7,80,0,87,13,66,0,79
SD,2024,Meade,0035 SULPHUR #35,49,0035,SULPHUR #35,0,48,2,50,3,41,0,44
SD,2024,Meade,0040 UNION #40,49,0040,UNION #40,6,24,2,32,4,28,0,32
SD,2024,Meade,0041 MARCUS #41,49,0041,MARCUS #41,0,52,2,54,4,50,0,54
SD,2024,Meade,0051 NORTHEAST STURGIS #1-A,49,0051,NORTHEAST STURGIS #1-A,54,115,7,176,45,122,0,167
SD,2024,Meade,0052 SOUTH STURGIS #2A,49,0052,SOUTH STURGIS #2A,119,272,10,401,74,316,0,390
SD,2024,Meade,0054 SOUTHWEST STURGIS #4A,49,0054,SOUTHWEST STURGIS #4A,101,207,5,313,70,234,0,304
SD,2024,Meade,0055 STURGIS #5A,49,0055,STURGIS #5A,81,156,6,243,58,182,0,240
SD,2024,Meade,0056 ALKALI #6A,49,0056,ALKALI #6A,21,143,4,168,13,143,0,156
SD,2024,Meade,0057 EAST PIEDMONT #12A,49,0057,EAST PIEDMONT #12A,68,349,7,424,54,360,0,414
SD,2024,Meade,0058 EAST ELK VALE #21A,49,0058,EAST ELK VALE #21A,116,510,16,642,106,524,0,630
SD,2024,Meade,0059 FORT MEADE #1A,49,0059,FORT MEADE #1A,7,28,0,35,7,27,0,34
SD,2024,Meade,0060 PIEDMONT CENTRAL #11A,49,0060,PIEDMONT CENTRAL #11A,199,640,10,849,151,674,0,825
SD,2024,Mellette,0002 Precinct-2,50,0002,Precinct-2,84,148,5,237,76,154,0,230
SD,2024,Mellette,0003 Precinct-3,50,0003,Precinct-3,38,107,6,151,32,13,0,45
SD,2024,Mellette,0005 Precinct-5,50,0005,Precinct-5,104,82,7,193,89,101,0,190
SD,2024,Mellette,0006 Precinct-6,50,0006,Precinct-6,59,97,3,159,56,102,0,158
SD,2024,Miner,0001 Precinct-1,51,0001,Precinct-1,40,108,2,150,34,115,0,149
SD,2024,Miner,0002 Precinct-2,51,0002,Precinct-2,33,93,4,130,16,109,0,125
SD,2024,Miner,0003 Precinct-3,51,0003,Precinct-3,38,80,5,123,30,86,0,116
SD,2024,Miner,0004 Precinct-4,51,0004,Precinct-4,48,104,7,159,18,139,0,157
SD,2024,Miner,0005 Precinct-5,51,0005,Precinct-5,18,54,6,78,15,63,0,78
SD,2024,Miner,0006 Precinct-6,51,0006,Precinct-6,39,178,3,220,29,187,0,216
SD,2024,Miner,0007 Precinct-7,51,0007,Precinct-7,53,132,4,189,47,139,0,186
SD,2024,Miner,0008 Precinct-8,51,0008,Precinct-8,24,92,2,118,20,96,0,116
SD,2024,Minnehaha,0011 Precinct-VP01,01,0011,Precinct-VP01,224,623,16,863,177,672,0,849
SD,2024,Minnehaha,0012 Precinct-VP02,01,0012,Precinct-VP02,465,958,37,1460,335,1122,0,1457
SD,2024,Minnehaha,0013 Precinct-VP03,01,0013,Precinct-VP03,635,1289,41,1965,439,1509,0,1948
SD,2024,Minnehaha,0014 Precinct-VP04,01,0014,Precinct-VP04,351,727,21,1099,257,818,0,1075
SD,2024,Minnehaha,0015 Precinct-VP05,01,0015,Precinct-VP05,666,1366,49,2081,479,1565,0,2044
SD,2024,Minnehaha,0016 Precinct-VP06,01,0016,Precinct-VP06,128,320,10,458,102,343,0,445
SD,2024,Minnehaha,0017 Precinct-VP07,01,0017,Precinct-VP07,606,1410,45,2061,451,1575,0,2026
SD,2024,Minnehaha,0018 Precinct-VP08,01,0018,Precinct-VP08,245,682,12,939,180,741,0,921
SD,2024,Minnehaha,0019 Precinct-VP09,01,0019,Precinct-VP09,447,1144,38,1629,349,1244,0,1593
SD,2024,Minnehaha,0020 Precinct-VP10,01,0020,Precinct-VP10,461,1120,35,1616,339,1251,0,1590
SD,2024,Minnehaha,0021 Precinct-VP11,01,0021,Precinct-VP11,112,406,9,527,88,429,0,517
SD,2024,Minnehaha,0023 Precinct-VP13,01,0023,Precinct-VP13,223,786,23,1032,178,838,0,1016
SD,2024,Minnehaha,0025 Precinct-VP15,01,0025,Precinct-VP15,693,1351,45,2089,529,1519,0,2048
SD,2024,Minnehaha,0026 Precinct-VP16,01,0026,Precinct-VP16,337,870,24,1231,255,945,0,1200
SD,2024,Minnehaha,0027 Precinct-VP17,01,0027,Precinct-VP17,187,547,20,754,141,601,0,742
SD,2024,Minnehaha,0031 Precinct-VP21,01,0031,Precinct-VP21,583,1418,30,2031,441,1560,0,2001
SD,2024,Minnehaha,0104 Precinct-0104,01,0104,Precinct-0104,489,353,14,856,393,451,0,844
SD,2024,Minnehaha,0105 Precinct-0105,01,0105,Precinct-0105,288,283,25,596,240,346,0,586
SD,2024,Minnehaha,0106 Precinct-0106,01,0106,Precinct-0106,653,670,30,1353,509,814,0,1323
SD,2024,Minnehaha,0109 Precinct-0109,01,0109,Precinct-0109,592,658,25,1275,476,768,0,1244
SD,2024,Minnehaha,0110 Precinct-0110,01,0110,Precinct-0110,623,779,34,1436,509,889,0,1398
SD,2024,Minnehaha,0117 Precinct-0117,01,0117,Precinct-0117,687,1025,48,1760,581,1152,0,1733
SD,2024,Minnehaha,0119 Precinct-0119,01,0119,Precinct-0119,366,388,28,782,306,455,0,761
SD,2024,Minnehaha,0201 Precinct-0201,01,0201,Precinct-0201,609,606,23,1238,480,756,0,1236
SD,2024,Minnehaha,0202 Precinct-0202,01,0202,Precinct-0202,798,754,37,1589,611,1001,0,1612
SD,2024,Minnehaha,0203 Precinct-0203,01,0203,Precinct-0203,600,632,43,1275,459,796,0,1255
SD,2024,Minnehaha,0206 Precinct-0206,01,0206,Precinct-0206,619,672,37,1328,476,831,0,1307
SD,2024,Minnehaha,0208 Precinct-0208,01,0208,Precinct-0208,319,288,18,625,228,399,0,627
SD,2024,Minnehaha,0209 Precinct-0209,01,0209,Precinct-0209,606,535,30,1171,500,663,0,1163
SD,2024,Minnehaha,0214 Precinct-0214,01,0214,Precinct-0214,713,807,15,1535,506,1002,0,1508
SD,2024,Minnehaha,0301 Precinct-0301,01,0301,Precinct-0301,440,420,25,885,355,526,0,881
SD,2024,Minnehaha,0305 Precinct-0305,01,0305,Precinct-0305,310,397,18,725,279,418,0,697
SD,2024,Minnehaha,0309 Precinct-0309,01,0309,Precinct-0309,709,742,46,1497,631,826,0,1457
SD,2024,Minnehaha,0310 Precinct-0310,01,0310,Precinct-0310,726,981,35,1742,568,1153,0,1721
SD,2024,Minnehaha,0311 Precinct-0311,01,0311,Precinct-0311,433,606,27,1066,360,694,0,1054
SD,2024,Minnehaha,0312 Precinct-0312,01,0312,Precinct-0312,465,685,22,1172,391,749,0,1140
SD,2024,Minnehaha,0313 Precinct-0313,01,0313,Precinct-0313,414,460,14,888,360,520,0,880
SD,2024,Minnehaha,0314 Precinct-0314,01,0314,Precinct-0314,602,854,32,1488,516,927,0,1443
SD,2024,Minnehaha,0315 Precinct-0315,01,0315,Precinct-0315,601,702,25,1328,498,819,0,1317
SD,2024,Minnehaha,0316 Precinct-0316,01,0316,Precinct-0316,797,1347,53,2197,605,1561,0,2166
SD,2024,Minnehaha,0317 Precinct-0317,01,0317,Precinct-0317,568,800,22,1390,452,907,0,1359
SD,2024,Minnehaha,0402 Precinct-0402,01,0402,Precinct-0402,385,381,28,794,341,440,0,781
SD,2024,Minnehaha,0403 Precinct-0403,01,0403,Precinct-0403,267,241,15,523,236,275,0,511
SD,2024,Minnehaha,0404 Precinct-0404,01,0404,Precinct-0404,426,444,27,897,356,520,0,876
SD,2024,Minnehaha,0405 Precinct-0405,01,0405,Precinct-0405,306,369,18,693,272,399,0,671
SD,2024,Minnehaha,0406 Precinct-0406,01,0406,Precinct-0406,279,392,14,685,254,423,0,677
SD,2024,Minnehaha,0407 Precinct-0407,01,0407,Precinct-0407,307,401,12,720,246,470,0,716
SD,2024,Minnehaha,0408 Precinct-0408,01,0408,Precinct-0408,400,401,17,818,339,473,0,812
SD,2024,Minnehaha,0409 Precinct-0409,01,0409,Precinct-0409,535,476,34,1045,462,560,0,1022
SD,2024,Minnehaha,0410 Precinct-0410,01,0410,Precinct-0410,181,243,8,432,144,281,0,425
SD,2024,Minnehaha,0411 Precinct-0411,01,0411,Precinct-0411,538,742,35,1315,427,866,0,1293
SD,2024,Minnehaha,0412 Precinct-0412,01,0412,Precinct-0412,712,718,42,1472,570,874,0,1444
SD,2024,Minnehaha,0413 Precinct-0413,01,0413,Precinct-0413,399,387,22,808,318,479,0,797
SD,2024,Minnehaha,0415 Precinct-0415,01,0415,Precinct-0415,802,1096,47,1945,628,1288,0,1916
SD,2024,Minnehaha,0501 Precinct-0501,01,0501,Precinct-0501,627,427,48,1102,553,513,0,1066
SD,2024,Minnehaha,0502 Precinct-0502,01,0502,Precinct-0502,364,215,21,600,318,278,0,596
SD,2024,Minnehaha,0503 Precinct-0503,01,0503,Precinct-0503,188,163,3,354,151,191,0,342
SD,2024,Minnehaha,0504 Precinct-0504,01,0504,Precinct-0504,767,405,30,1202,678,507,0,1185
SD,2024,Minnehaha,0506 Precinct-0506,01,0506,Precinct-0506,571,506,36,1113,471,621,0,1092
SD,2024,Minnehaha,0507 Precinct-0507,01,0507,Precinct-0507,398,213,14,625,310,306,0,616
SD,2024,Minnehaha,0508 Precinct-0508,01,0508,Precinct-0508,603,337,26,966,488,482,0,970
SD,2024,Minnehaha,0509 Precinct-0509,01,0509,Precinct-0509,294,184,16,494,249,238,0,487
SD,2024,Minnehaha,0510 Precinct-0510,01,0510,Precinct-0510,337,281,21,639,290,342,0,632
SD,2024,Minnehaha,0512 Precinct-0512,01,0512,Precinct-0512,787,606,37,1430,663,741,0,1404
SD,2024,Minnehaha,0515 Precinct-0515,01,0515,Precinct-0515,248,213,21,482,223,237,0,460
SD,2024,Minnehaha,0518 Precinct-0518,01,0518,Precinct-0518,699,473,41,1213,578,601,0,1179
SD,2024,Minnehaha,0519 Precinct-0519,01,0519,Precinct-0519,581,558,33,1172,489,673,0,1162
SD,2024,Minnehaha,0520 Precinct-0520,01,0520,Precinct-0520,475,497,29,1001,426,557,0,983
SD,2024,Minnehaha,0521 Precinct-0521,01,0521,Precinct-0521,473,388,16,877,403,463,0,866
SD,2024,Minnehaha,0522 Precinct-0522,01,0522,Precinct-0522,539,485,46,1070,480,559,0,1039
SD,2024,Minnehaha,0523 Precinct-0523,01,0523,Precinct-0523,462,333,22,817,420,372,0,792
SD,2024,Minnehaha,0524 Precinct-0217,01,0524,Precinct-0217,800,944,44,1788,590,1171,0,1761
SD,2024,Minnehaha,0525 Precinct-0218,01,0525,Precinct-0218,511,736,21,1268,406,845,0,1251
SD,2024,Minnehaha,0526 Precinct-0318,01,0526,Precinct-0318,398,422,17,837,317,496,0,813
SD,2024,Minnehaha,0527 Precinct-0319,01,0527,Precinct-0319,868,1216,42,2126,701,1370,0,2071
SD,2024,Minnehaha,0528 Precinct-0320,01,0528,Precinct-0320,204,319,15,538,161,369,0,530
SD,2024,Minnehaha,0529 Precinct-0417,01,0529,Precinct-0417,784,1428,43,2255,581,1633,0,2214
SD,2024,Minnehaha,0530 Precinct-0418,01,0530,Precinct-0418,428,756,13,1197,338,843,0,1181
SD,2024,Minnehaha,0531 Precinct-0416,01,0531,Precinct-0416,720,1008,19,1747,652,1013,0,1665
SD,2024,Minnehaha,0532 Precinct-0419,01,0532,Precinct-0419,517,534,23,1074,422,628,0,1050
SD,2024,Minnehaha,0533 Precinct-0516,01,0533,Precinct-0516,340,422,23,785,314,441,0,755
SD,2024,Moody,0001 Precinct-1,52,0001,Precinct-1,244,243,11,498,214,287,0,501
SD,2024,Moody,0002 Precinct-2,52,0002,Precinct-2,271,224,16,511,241,265,0,506
SD,2024,Moody,0003 Precinct-3,52,0003,Precinct-3,144,430,10,584,116,465,0,581
SD,2024,Moody,0004 Precinct-4,52,0004,Precinct-4,99,302,5,406,81,309,0,390
SD,2024,Moody,0005 Precinct-5,52,0005,Precinct-5,179,598,15,792,134,649,0,783
SD,2024,Moody,0034 Precinct-34,52,0034,Precinct-34,115,271,12,398,103,293,0,396
SD,2024,Oglala Lakota,C167 Bill Conquering Bear Gymnasium/Oglala Lakota County Schools,65,C167,Bill Conquering Bear Gymnasium/Oglala Lakota County Schools,97,47,2,146,87,59,0,146
SD,2024,Oglala Lakota,C168 Red Shirt School,65,C168,Red Shirt School,60,21,2,83,51,30,0,81
SD,2024,Oglala Lakota,C307 Little Wound School,65,C307,Little Wound School,394,55,9,458,357,92,0,449
SD,2024,Oglala Lakota,C308 Wound Knee District School Gym,65,C308,Wound Knee District School Gym,208,25,11,244,191,56,0,247
SD,2024,Oglala Lakota,C521 Brother Renee Hall,65,C521,Brother Renee Hall,424,46,17,487,362,113,0,475
SD,2024,Oglala Lakota,"C595 Christ The King Parish, Bill Pauly Hall",65,C595,"Christ The King Parish, Bill Pauly Hall",360,45,9,414,315,92,0,407
SD,2024,Oglala Lakota,C928 Wakan Tiospaye #12 Community Building,65,C928,Wakan Tiospaye #12 Community Building,79,27,6,112,72,39,0,111
SD,2024,Oglala Lakota,C929 Sacred Heart Church Hall,65,C929,Sacred Heart Church Hall,487,66,15,568,455,109,0,564
SD,2024,Oglala Lakota,C959 Sacred Heart Church Hall,65,C959,Sacred Heart Church Hall,454,74,18,546,419,129,0,548
SD,2024,Pennington,0011 Precinct 1-1,02,0011,Precinct 1-1,541,935,56,1532,410,1084,0,1494
SD,2024,Pennington,0012 Precinct 1-2,02,0012,Precinct 1-2,500,949,44,1493,393,1090,0,1483
SD,2024,Pennington,0013 Precinct 1-3,02,0013,Precinct 1-3,597,1119,45,1761,450,1283,0,1733
SD,2024,Pennington,0014 Precinct 1-4,02,0014,Precinct 1-4,348,723,24,1095,275,792,0,1067
SD,2024,Pennington,0021 Precinct 2-1,02,0021,Precinct 2-1,208,134,15,357,188,160,0,348
SD,2024,Pennington,0022 Precinct 2-2,02,0022,Precinct 2-2,625,1348,46,2019,543,1419,0,1962
SD,2024,Pennington,0023 Precinct 2-3,02,0023,Precinct 2-3,404,528,40,972,362,578,0,940
SD,2024,Pennington,0024 Precinct 2-4,02,0024,Precinct 2-4,488,557,39,1084,428,633,0,1061
SD,2024,Pennington,0025 Precinct 2-5,02,0025,Precinct 2-5,393,515,33,941,340,570,0,910
SD,2024,Pennington,0031 Precinct 3-1,02,0031,Precinct 3-1,166,216,10,392,138,237,0,375
SD,2024,Pennington,0032 Precinct 3-2,02,0032,Precinct 3-2,1016,1411,65,2492,827,1623,0,2450
SD,2024,Pennington,0033 Precinct 3-3,02,0033,Precinct 3-3,901,1472,62,2435,696,1712,0,2408
SD,2024,Pennington,0034 Precinct 3-4,02,0034,Precinct 3-4,722,1157,41,1920,572,1342,0,1914
SD,2024,Pennington,0035 Precinct 3-5,02,0035,Precinct 3-5,450,953,28,1431,327,1097,0,1424
SD,2024,Pennington,0041 Precinct 4-1,02,0041,Precinct 4-1,531,460,42,1033,463,535,0,998
SD,2024,Pennington,0042 Precinct 4-2,02,0042,Precinct 4-2,614,646,48,1308,541,738,0,1279
SD,2024,Pennington,0043 Precinct 4-3,02,0043,Precinct 4-3,454,844,33,1331,367,945,0,1312
SD,2024,Pennington,0044 Precinct 4-4,02,0044,Precinct 4-4,347,367,21,735,324,393,0,717
SD,2024,Pennington,0045 Precinct 4-5,02,0045,Precinct 4-5,206,376,13,595,170,404,0,574
SD,2024,Pennington,0051 Precinct 5-1,02,0051,Precinct 5-1,366,365,35,766,316,432,0,748
SD,2024,Pennington,0052 Precinct 5-2,02,0052,Precinct 5-2,460,531,32,1023,393,594,0,987
SD,2024,Pennington,0053 Precinct 5-3,02,0053,Precinct 5-3,707,784,44,1535,605,897,0,1502
SD,2024,Pennington,0054 Precinct 5-4,02,0054,Precinct 5-4,968,731,76,1775,849,887,0,1736
SD,2024,Pennington,0055 Precinct 5-5,02,0055,Precinct 5-5,878,1217,59,2154,684,1421,0,2105
SD,2024,Pennington,0060 Precinct AW,02,0060,Precinct AW,1575,3236,70,4881,1420,3289,0,4709
SD,2024,Pennington,0061 Precinct BE,02,0061,Precinct BE,884,1862,81,2827,779,1960,0,2739
SD,2024,Pennington,0062 Precinct CA,02,0062,Precinct CA,119,589,14,722,99,600,0,699
SD,2024,Pennington,0063 Precinct CL,02,0063,Precinct CL,215,412,18,645,186,450,0,636
SD,2024,Pennington,0065 Precinct DT,02,0065,Precinct DT,199,489,24,712,153,547,0,700
SD,2024,Pennington,0067 Precinct HC,02,0067,Precinct HC,398,942,28,1368,324,1028,0,1352
SD,2024,Pennington,0068 Precinct HR,02,0068,Precinct HR,364,1009,25,1398,281,1104,0,1385
SD,2024,Pennington,0069 Precinct JS,02,0069,Precinct JS,398,924,29,1351,331,1000,0,1331
SD,2024,Pennington,0070 Precinct KY,02,0070,Precinct KY,177,442,12,631,151,474,0,625
SD,2024,Pennington,0071 Precinct NH,02,0071,Precinct NH,39,120,11,170,41,125,0,166
SD,2024,Pennington,0072 Precinct NU,02,0072,Precinct NU,116,614,10,740,101,613,0,714
SD,2024,Pennington,0073 Precinct QU,02,0073,Precinct QU,17,248,3,268,25,241,0,266
SD,2024,Pennington,0276 Precinct RV,02,0276,Precinct RV,413,882,51,1346,338,959,0,1297
SD,2024,Pennington,0278 Precinct VF,02,0278,Precinct VF,478,1220,55,1753,424,1279,0,1703
SD,2024,Pennington,0280 Precinct VV,02,0280,Precinct VV,361,899,28,1288,291,964,0,1255
SD,2024,Pennington,0281 Precinct WL,02,0281,Precinct WL,83,308,7,398,61,334,0,395
SD,2024,Pennington,0282 Precinct WP,02,0282,Precinct WP,426,821,30,1277,330,936,0,1266
SD,2024,Pennington,0283 Precinct WS,02,0283,Precinct WS,12,83,2,97,13,81,0,94
SD,2024,Pennington,0285 Precinct LS,02,0285,Precinct LS,97,355,5,457,73,388,0,461
SD,2024,Pennington,0286 Precinct RK,02,0286,Precinct RK,10,46,0,56,7,48,0,55
SD,2024,Pennington,0287 Precinct SR,02,0287,Precinct SR,67,201,13,281,64,206,0,270
SD,2024,Pennington,0288 Precinct 1-5,02,0288,Precinct 1-5,712,965,53,1730,574,1131,0,1705
SD,2024,Perkins,0001 Precinct-01,53,0001,Precinct-01,50,216,7,273,46,227,0,273
SD,2024,Perkins,0002 Precinct-02,53,0002,Precinct-02,16,87,1,104,12,94,0,106
SD,2024,Perkins,0003 Precinct-03,53,0003,Precinct-03,45,237,3,285,33,252,0,285
SD,2024,Perkins,0004 Precinct-04,53,0004,Precinct-04,10,49,2,61,10,48,0,58
SD,2024,Perkins,0005 Precinct-05,53,0005,Precinct-05,18,127,1,146,12,133,0,145
SD,2024,Perkins,0006 Precinct-06,53,0006,Precinct-06,18,105,1,124,16,106,0,122
SD,2024,Perkins,0007 Precinct-07,53,0007,Precinct-07,8,119,3,130,4,121,0,125
SD,2024,Perkins,0008 Precinct-08,53,0008,Precinct-08,4,60,0,64,2,58,0,60
SD,2024,Perkins,0009 Precinct-09,53,0009,Precinct-09,7,81,1,89,7,80,0,87
SD,2024,Perkins,0012 Precinct-12,53,0012,Precinct-12,52,261,2,315,40,276,0,316
SD,2024,Potter,C150 CC Bar (Gettysburg Legion Annex),54,C150,CC Bar (Gettysburg Legion Annex),96,549,18,663,70,589,0,659
SD,2024,Potter,C510 Hoven Legion Hall,54,C510,Hoven Legion Hall,25,258,4,287,26,260,0,286
SD,2024,Potter,C999 Absentee Precinct,54,C999,Absentee Precinct,93,252,3,348,77,260,0,337
SD,2024,Roberts,0001 Precinct-01,55,0001,Precinct-01,32,133,4,169,27,141,0,168
SD,2024,Roberts,0002 Precinct-02,55,0002,Precinct-02,128,373,13,514,100,411,0,511
SD,2024,Roberts,0003 Precinct-03,55,0003,Precinct-03,58,142,2,202,44,159,0,203
SD,2024,Roberts,0004 Precinct-04,55,0004,Precinct-04,25,64,2,91,21,67,0,88
SD,2024,Roberts,0005 Precinct-05,55,0005,Precinct-05,219,177,6,402,183,217,0,400
SD,2024,Roberts,0006 Precinct-06 (Precinct-07),55,0006,Precinct-06 (Precinct-07),167,402,8,577,123,438,0,561
SD,2024,Roberts,0008 Precinct-08,55,0008,Precinct-08,38,76,1,115,27,87,0,114
SD,2024,Roberts,0009 Precinct-09,55,0009,Precinct-09,130,354,9,493,99,388,0,487
SD,2024,Roberts,0010 Precinct-10,55,0010,Precinct-10,105,86,2,193,99,95,0,194
SD,2024,Roberts,0011 Precinct-11,55,0011,Precinct-11,343,441,15,799,288,498,0,786
SD,2024,Roberts,0012 Precinct-12 (Precinct-14),55,0012,Precinct-12 (Precinct-14),169,137,7,313,145,161,0,306
SD,2024,Roberts,0013 Precinct-13,55,0013,Precinct-13,146,128,6,280,115,165,0,280
SD,2024,Sanborn,0001 Precinct-1,56,0001,Precinct-1,52,203,10,265,36,229,0,265
SD,2024,Sanborn,0002 Precinct-2,56,0002,Precinct-2,64,289,4,357,49,302,0,351
SD,2024,Sanborn,0004 Precinct-4,56,0004,Precinct-4,66,257,5,328,47,284,0,331
SD,2024,Sanborn,0005 Precinct-5,56,0005,Precinct-5,77,180,5,262,56,208,0,264
SD,2024,Spink,0001 Precinct-01,57,0001,Precinct-01,94,316,6,416,66,343,0,409
SD,2024,Spink,0003 Precinct-03,57,0003,Precinct-03,86,267,0,353,64,287,0,351
SD,2024,Spink,0004 Precinct-04,57,0004,Precinct-04,90,259,7,356,68,285,0,353
SD,2024,Spink,0005 Precinct-05,57,0005,Precinct-05,51,177,8,236,43,190,0,233
SD,2024,Spink,0006 Precinct-06,57,0006,Precinct-06,29,85,4,118,19,93,0,112
SD,2024,Spink,0007 Precinct-07,57,0007,Precinct-07,142,319,16,477,108,369,0,477
SD,2024,Spink,0008 Precinct-08,57,0008,Precinct-08,45,106,4,155,32,119,0,151
SD,2024,Spink,0009 Precinct-09,57,0009,Precinct-09,200,306,18,524,131,391,0,522
SD,2024,Spink,0010 Precinct-10,57,0010,Precinct-10,184,310,10,504,154,353,0,507
SD,2024,Stanley,0001 Precinct-01,58,0001,Precinct-01,417,1101,24,1542,311,1184,0,1495
SD,2024,Stanley,0002 Precinct-02,58,0002,Precinct-02,14,71,1,86,12,74,0,86
SD,2024,Stanley,0003 Precinct-03,58,0003,Precinct-03,16,88,3,107,12,97,0,109
SD,2024,Sully,C296 Bill Floyd Shop,59,C296,Bill Floyd Shop,26,136,2,164,18,139,0,157
SD,2024,Sully,C297 Phoenix Center,59,C297,Phoenix Center,66,375,14,455,65,367,0,432
SD,2024,Sully,C512 Agar Fire Hall,59,C512,Agar Fire Hall,17,71,0,88,15,70,0,85
SD,2024,Sully,C999 Absentee Precinct,59,C999,Absentee Precinct,59,134,1,194,49,143,0,192
SD,2024,Todd,0001 Lakeview,67,0001,Lakeview,30,88,3,121,24,98,0,122
SD,2024,Todd,0002 Jeanette,67,0002,Jeanette,11,72,1,84,8,64,0,72
SD,2024,Todd,0003 Mission-N. Antelope,67,0003,Mission-N. Antelope,344,88,16,448,313,133,0,446
SD,2024,Todd,0004 Bordeaux,67,0004,Bordeaux,50,16,1,67,40,25,0,65
SD,2024,Todd,0005 OKreek,67,0005,OKreek,64,36,4,104,59,41,0,100
SD,2024,Todd,0006 Parmelee,67,0006,Parmelee,224,31,5,260,201,57,0,258
SD,2024,Todd,0007 Rosebud,67,0007,Rosebud,360,52,9,421,332,88,0,420
SD,2024,Todd,0008 S. Antelope,67,0008,S. Antelope,191,59,7,257,171,78,0,249
SD,2024,Todd,0009 Saint Francis,67,0009,Saint Francis,252,42,11,305,224,82,0,306
SD,2024,Todd,0010 Fairgrounds-10,67,0010,Fairgrounds-10,44,13,2,59,35,24,0,59
SD,2024,Tripp,0001 Clearfield Consolidated,60,0001,Clearfield Consolidated,25,140,4,169,25,130,0,155
SD,2024,Tripp,0002 Colome Consolidated,60,0002,Colome Consolidated,48,347,3,398,42,347,0,389
SD,2024,Tripp,0003 Hamill Consolidated,60,0003,Hamill Consolidated,10,79,4,93,8,84,0,92
SD,2024,Tripp,0004 Ideal Consolidated,60,0004,Ideal Consolidated,9,65,2,76,5,69,0,74
SD,2024,Tripp,0005 Lake Consolidated,60,0005,Lake Consolidated,18,148,2,168,17,144,0,161
SD,2024,Tripp,0006 Lamro Consolidated,60,0006,Lamro Consolidated,58,270,4,332,51,279,0,330
SD,2024,Tripp,0007 Sully Consolidated,60,0007,Sully Consolidated,27,83,1,111,24,88,0,112
SD,2024,Tripp,0008 Witten Consolidated,60,0008,Witten Consolidated,20,89,2,111,13,98,0,111
SD,2024,Tripp,0009 WINNER Consolidated SE 1ST,60,0009,WINNER Consolidated SE 1ST,23,110,1,134,17,114,0,131
SD,2024,Tripp,0010 WINNER Consolidated-E 2ND,60,0010,WINNER Consolidated-E 2ND,47,191,4,242,28,211,0,239
SD,2024,Tripp,0011 WINNER Consolidated-W 2ND,60,0011,WINNER Consolidated-W 2ND,86,250,4,340,65,268,0,333
SD,2024,Tripp,0012 WINNER Consolidated-E 3RD,60,0012,WINNER Consolidated-E 3RD,63,242,3,308,49,262,0,311
SD,2024,Tripp,0013 WINNER Consolidated-W 3RD,60,0013,WINNER Consolidated-W 3RD,36,136,0,172,35,138,0,173
SD,2024,Turner,0001 Precinct-01,61,0001,Precinct-01,201,666,28,895,143,739,0,882
SD,2024,Turner,0002 Precinct-02,61,0002,Precinct-02,199,635,26,860,170,683,0,853
SD,2024,Turner,0003 Precinct-03,61,0003,Precinct-03,140,422,10,572,96,471,0,567
SD,2024,Turner,0004 Precinct-04,61,0004,Precinct-04,83,236,9,328,57,268,0,325
SD,2024,Turner,0005 Precinct-05,61,0005,Precinct-05,107,358,11,476,89,388,0,477
SD,2024,Turner,0006 Precinct-06,61,0006,Precinct-06,126,452,16,594,98,486,0,584
SD,2024,Turner,0007 Precinct-07,61,0007,Precinct-07,62,139,7,208,47,158,0,205
SD,2024,Turner,0008 Precinct-08,61,0008,Precinct-08,126,466,13,605,113,495,0,608
SD,2024,Union,0001 Precinct-01,62,0001,Precinct-01,98,353,4,455,87,361,0,448
SD,2024,Union,0002 Precinct-02,62,0002,Precinct-02,144,255,3,402,114,286,0,400
SD,2024,Union,0003 Precinct-03,62,0003,Precinct-03,354,831,22,1207,273,918,0,1191
SD,2024,Union,0004 Precinct-04,62,0004,Precinct-04,152,392,12,556,120,436,0,556
SD,2024,Union,0006 Precinct-06,62,0006,Precinct-06,208,637,21,866,175,678,0,853
SD,2024,Union,0008 Precinct-08,62,0008,Precinct-08,134,335,7,476,126,341,0,467
SD,2024,Union,0009 Precinct-09,62,0009,Precinct-09,272,563,19,854,228,596,0,824
SD,2024,Union,0010 Precinct-10,62,0010,Precinct-10,251,466,21,738,209,504,0,713
SD,2024,Union,0011 Precinct-11,62,0011,Precinct-11,219,672,19,910,169,711,0,880
SD,2024,Union,0012 Precinct-12,62,0012,Precinct-12,347,932,20,1299,282,996,0,1278
SD,2024,Union,0014 Precinct-05,62,0014,Precinct-05,228,418,12,658,171,487,0,658
SD,2024,Union,0015 Precinct-07,62,0015,Precinct-07,119,228,6,353,92,247,0,339
SD,2024,Walworth,0001 Precinct-01,63,0001,Precinct-01,12,124,1,137,13,123,0,136
SD,2024,Walworth,0002 Precinct-02,63,0002,Precinct-02,25,125,1,151,22,124,0,146
SD,2024,Walworth,0003 Precinct-03,63,0003,Precinct-03,44,365,6,415,35,369,0,404
SD,2024,Walworth,0004 Precinct-04,63,0004,Precinct-04,45,123,4,172,39,123,0,162
SD,2024,Walworth,0005 Precinct-05,63,0005,Precinct-05,83,250,7,340,78,257,0,335
SD,2024,Walworth,0006 Precinct-06,63,0006,Precinct-06,137,318,7,462,107,348,0,455
SD,2024,Walworth,0007 Precinct-07,63,0007,Precinct-07,101,342,14,457,77,374,0,451
SD,2024,Walworth,0008 Precinct-10,63,0008,Precinct-10,15,143,3,161,13,143,0,156
SD,2024,Walworth,0010 Precinct-09,63,0010,Precinct-09,14,67,1,82,12,64,0,76
SD,2024,Walworth,0011 Precinct-08,63,0011,Precinct-08,5,81,1,87,5,78,0,83
SD,2024,Yankton,C757 Yankton Fire Station #2,07,C757,Yankton Fire Station #2,547,1269,62,1878,405,1437,0,1842
SD,2024,Yankton,C784 Yankton City Hall,07,C784,Yankton City Hall,470,913,64,1447,400,1009,0,1409
SD,2024,Yankton,C934 Gayville Community Center,07,C934,Gayville Community Center,99,269,13,381,73,296,0,369
SD,2024,Yankton,C935 Mayfield Store,07,C935,Mayfield Store,74,220,10,304,66,227,0,293
SD,2024,Yankton,C936 Lesterville Fire Hall,07,C936,Lesterville Fire Hall,42,240,6,288,42,240,0,282
SD,2024,Yankton,C937 Lewis and Clark Recreation Area,07,C937,Lewis and Clark Recreation Area,120,322,14,456,78,367,0,445
SD,2024,Yankton,C999 Absentee Precinct,07,C999,Absentee Precinct,2531,3416,130,6077,1982,3987,0,5969
SD,2024,Ziebach,0001 Precinct-1 Bridger,64,0001,Precinct-1 Bridger,12,12,1,25,12,14,0,26
SD,2024,Ziebach,0002 Precinct-2 Cherry Creek,64,0002,Precinct-2 Cherry Creek,48,10,1,59,44,11,0,55
SD,2024,Ziebach,0003 Precinct-3 Davis,64,0003,Precinct-3 Davis,128,75,11,214,122,93,0,215
SD,2024,Ziebach,0004 Precinct-4 Glad Valley,64,0004,Precinct-4 Glad Valley,9,54,0,63,9,56,0,65
SD,2024,Ziebach,"0005 Precinct-5 North Dupree (Precinct-6 Redelm, Precinct-8 South Dupree)",64,0005,"Precinct-5 North Dupree (Precinct-6 Redelm, Precinct-8 South Dupree)",144,219,11,374,136,237,0,373
SD,2024,Ziebach,0007 Precinct-7 Red Scaffold,64,0007,Precinct-7 Red Scaffold,25,18,3,46,24,23,0,47
