state,election_year,jurisdiction_name,county,local_unit,source_display_name,source_id,source_level,row_method,source_url,dem_votes,rep_votes,other_votes,total_votes
SD,2012,Aurora County,Aurora County,Aurora County,Aurora County,sd-historical-presidential-official-county,county,sdOfficialCountyPresidentialPdfTable,https://sdsos.gov/elections-voting/assets/Archive/2012%20Assets/2012generalelectionstatewidecandidatesbycounty.pdf,556,804,40,1400
SD,2012,Beadle County,Beadle County,Beadle County,Beadle County,sd-historical-presidential-official-county,county,sdOfficialCountyPresidentialPdfTable,https://sdsos.gov/elections-voting/assets/Archive/2012%20Assets/2012generalelectionstatewidecandidatesbycounty.pdf,2881,4230,152,7263
SD,2012,Bennett County,Bennett County,Bennett County,Bennett County,sd-historical-presidential-official-county,county,sdOfficialCountyPresidentialPdfTable,https://sdsos.gov/elections-voting/assets/Archive/2012%20Assets/2012generalelectionstatewidecandidatesbycounty.pdf,548,626,29,1203
SD,2012,Bon Homme County,Bon Homme County,Bon Homme County,Bon Homme County,sd-historical-presidential-official-county,county,sdOfficialCountyPresidentialPdfTable,https://sdsos.gov/elections-voting/assets/Archive/2012%20Assets/2012generalelectionstatewidecandidatesbycounty.pdf,1167,1830,77,3074
SD,2012,Brookings County,Brookings County,Brookings County,Brookings County,sd-historical-presidential-official-county,county,sdOfficialCountyPresidentialPdfTable,https://sdsos.gov/elections-voting/assets/Archive/2012%20Assets/2012generalelectionstatewidecandidatesbycounty.pdf,5827,6220,353,12400
SD,2012,Brown County,Brown County,Brown County,Brown County,sd-historical-presidential-official-county,county,sdOfficialCountyPresidentialPdfTable,https://sdsos.gov/elections-voting/assets/Archive/2012%20Assets/2012generalelectionstatewidecandidatesbycounty.pdf,7250,8321,497,16068
SD,2012,Brule County,Brule County,Brule County,Brule County,sd-historical-presidential-official-county,county,sdOfficialCountyPresidentialPdfTable,https://sdsos.gov/elections-voting/assets/Archive/2012%20Assets/2012generalelectionstatewidecandidatesbycounty.pdf,824,1499,56,2379
SD,2012,Buffalo County,Buffalo County,Buffalo County,Buffalo County,sd-historical-presidential-official-county,county,sdOfficialCountyPresidentialPdfTable,https://sdsos.gov/elections-voting/assets/Archive/2012%20Assets/2012generalelectionstatewidecandidatesbycounty.pdf,472,166,3,641
SD,2012,Butte County,Butte County,Butte County,Butte County,sd-historical-presidential-official-county,county,sdOfficialCountyPresidentialPdfTable,https://sdsos.gov/elections-voting/assets/Archive/2012%20Assets/2012generalelectionstatewidecandidatesbycounty.pdf,1002,3073,133,4208
SD,2012,Campbell County,Campbell County,Campbell County,Campbell County,sd-historical-presidential-official-county,county,sdOfficialCountyPresidentialPdfTable,https://sdsos.gov/elections-voting/assets/Archive/2012%20Assets/2012generalelectionstatewidecandidatesbycounty.pdf,153,616,18,787
SD,2012,Charles Mix County,Charles Mix County,Charles Mix County,Charles Mix County,sd-historical-presidential-official-county,county,sdOfficialCountyPresidentialPdfTable,https://sdsos.gov/elections-voting/assets/Archive/2012%20Assets/2012generalelectionstatewidecandidatesbycounty.pdf,1483,2230,51,3764
SD,2012,Clark County,Clark County,Clark County,Clark County,sd-historical-presidential-official-county,county,sdOfficialCountyPresidentialPdfTable,https://sdsos.gov/elections-voting/assets/Archive/2012%20Assets/2012generalelectionstatewidecandidatesbycounty.pdf,713,1067,41,1821
SD,2012,Clay County,Clay County,Clay County,Clay County,sd-historical-presidential-official-county,county,sdOfficialCountyPresidentialPdfTable,https://sdsos.gov/elections-voting/assets/Archive/2012%20Assets/2012generalelectionstatewidecandidatesbycounty.pdf,2955,2147,132,5234
SD,2012,Codington County,Codington County,Codington County,Codington County,sd-historical-presidential-official-county,county,sdOfficialCountyPresidentialPdfTable,https://sdsos.gov/elections-voting/assets/Archive/2012%20Assets/2012generalelectionstatewidecandidatesbycounty.pdf,4588,6696,240,11524
SD,2012,Corson County,Corson County,Corson County,Corson County,sd-historical-presidential-official-county,county,sdOfficialCountyPresidentialPdfTable,https://sdsos.gov/elections-voting/assets/Archive/2012%20Assets/2012generalelectionstatewidecandidatesbycounty.pdf,648,515,37,1200
SD,2012,Custer County,Custer County,Custer County,Custer County,sd-historical-presidential-official-county,county,sdOfficialCountyPresidentialPdfTable,https://sdsos.gov/elections-voting/assets/Archive/2012%20Assets/2012generalelectionstatewidecandidatesbycounty.pdf,1335,3062,123,4520
SD,2012,Davison County,Davison County,Davison County,Davison County,sd-historical-presidential-official-county,county,sdOfficialCountyPresidentialPdfTable,https://sdsos.gov/elections-voting/assets/Archive/2012%20Assets/2012generalelectionstatewidecandidatesbycounty.pdf,3042,4757,172,7971
SD,2012,Day County,Day County,Day County,Day County,sd-historical-presidential-official-county,county,sdOfficialCountyPresidentialPdfTable,https://sdsos.gov/elections-voting/assets/Archive/2012%20Assets/2012generalelectionstatewidecandidatesbycounty.pdf,1497,1320,56,2873
SD,2012,Deuel County,Deuel County,Deuel County,Deuel County,sd-historical-presidential-official-county,county,sdOfficialCountyPresidentialPdfTable,https://sdsos.gov/elections-voting/assets/Archive/2012%20Assets/2012generalelectionstatewidecandidatesbycounty.pdf,941,1175,55,2171
SD,2012,Dewey County,Dewey County,Dewey County,Dewey County,sd-historical-presidential-official-county,county,sdOfficialCountyPresidentialPdfTable,https://sdsos.gov/elections-voting/assets/Archive/2012%20Assets/2012generalelectionstatewidecandidatesbycounty.pdf,1207,663,25,1895
SD,2012,Douglas County,Douglas County,Douglas County,Douglas County,sd-historical-presidential-official-county,county,sdOfficialCountyPresidentialPdfTable,https://sdsos.gov/elections-voting/assets/Archive/2012%20Assets/2012generalelectionstatewidecandidatesbycounty.pdf,332,1334,24,1690
SD,2012,Edmunds County,Edmunds County,Edmunds County,Edmunds County,sd-historical-presidential-official-county,county,sdOfficialCountyPresidentialPdfTable,https://sdsos.gov/elections-voting/assets/Archive/2012%20Assets/2012generalelectionstatewidecandidatesbycounty.pdf,622,1264,50,1936
SD,2012,Fall River County,Fall River County,Fall River County,Fall River County,sd-historical-presidential-official-county,county,sdOfficialCountyPresidentialPdfTable,https://sdsos.gov/elections-voting/assets/Archive/2012%20Assets/2012generalelectionstatewidecandidatesbycounty.pdf,1140,2258,118,3516
SD,2012,Faulk County,Faulk County,Faulk County,Faulk County,sd-historical-presidential-official-county,county,sdOfficialCountyPresidentialPdfTable,https://sdsos.gov/elections-voting/assets/Archive/2012%20Assets/2012generalelectionstatewidecandidatesbycounty.pdf,331,765,31,1127
SD,2012,Grant County,Grant County,Grant County,Grant County,sd-historical-presidential-official-county,county,sdOfficialCountyPresidentialPdfTable,https://sdsos.gov/elections-voting/assets/Archive/2012%20Assets/2012generalelectionstatewidecandidatesbycounty.pdf,1493,2034,79,3606
SD,2012,Gregory County,Gregory County,Gregory County,Gregory County,sd-historical-presidential-official-county,county,sdOfficialCountyPresidentialPdfTable,https://sdsos.gov/elections-voting/assets/Archive/2012%20Assets/2012generalelectionstatewidecandidatesbycounty.pdf,599,1507,45,2151
SD,2012,Haakon County,Haakon County,Haakon County,Haakon County,sd-historical-presidential-official-county,county,sdOfficialCountyPresidentialPdfTable,https://sdsos.gov/elections-voting/assets/Archive/2012%20Assets/2012generalelectionstatewidecandidatesbycounty.pdf,138,940,14,1092
SD,2012,Hamlin County,Hamlin County,Hamlin County,Hamlin County,sd-historical-presidential-official-county,county,sdOfficialCountyPresidentialPdfTable,https://sdsos.gov/elections-voting/assets/Archive/2012%20Assets/2012generalelectionstatewidecandidatesbycounty.pdf,921,1803,69,2793
SD,2012,Hand County,Hand County,Hand County,Hand County,sd-historical-presidential-official-county,county,sdOfficialCountyPresidentialPdfTable,https://sdsos.gov/elections-voting/assets/Archive/2012%20Assets/2012generalelectionstatewidecandidatesbycounty.pdf,575,1242,31,1848
SD,2012,Hanson County,Hanson County,Hanson County,Hanson County,sd-historical-presidential-official-county,county,sdOfficialCountyPresidentialPdfTable,https://sdsos.gov/elections-voting/assets/Archive/2012%20Assets/2012generalelectionstatewidecandidatesbycounty.pdf,760,1627,29,2416
SD,2012,Harding County,Harding County,Harding County,Harding County,sd-historical-presidential-official-county,county,sdOfficialCountyPresidentialPdfTable,https://sdsos.gov/elections-voting/assets/Archive/2012%20Assets/2012generalelectionstatewidecandidatesbycounty.pdf,82,638,19,739
SD,2012,Hughes County,Hughes County,Hughes County,Hughes County,sd-historical-presidential-official-county,county,sdOfficialCountyPresidentialPdfTable,https://sdsos.gov/elections-voting/assets/Archive/2012%20Assets/2012generalelectionstatewidecandidatesbycounty.pdf,2786,5219,150,8155
SD,2012,Hutchinson County,Hutchinson County,Hutchinson County,Hutchinson County,sd-historical-presidential-official-county,county,sdOfficialCountyPresidentialPdfTable,https://sdsos.gov/elections-voting/assets/Archive/2012%20Assets/2012generalelectionstatewidecandidatesbycounty.pdf,923,2451,51,3425
SD,2012,Hyde County,Hyde County,Hyde County,Hyde County,sd-historical-presidential-official-county,county,sdOfficialCountyPresidentialPdfTable,https://sdsos.gov/elections-voting/assets/Archive/2012%20Assets/2012generalelectionstatewidecandidatesbycounty.pdf,189,531,13,733
SD,2012,Jackson County,Jackson County,Jackson County,Jackson County,sd-historical-presidential-official-county,county,sdOfficialCountyPresidentialPdfTable,https://sdsos.gov/elections-voting/assets/Archive/2012%20Assets/2012generalelectionstatewidecandidatesbycounty.pdf,426,661,19,1106
SD,2012,Jerauld County,Jerauld County,Jerauld County,Jerauld County,sd-historical-presidential-official-county,county,sdOfficialCountyPresidentialPdfTable,https://sdsos.gov/elections-voting/assets/Archive/2012%20Assets/2012generalelectionstatewidecandidatesbycounty.pdf,452,538,16,1006
SD,2012,Jones County,Jones County,Jones County,Jones County,sd-historical-presidential-official-county,county,sdOfficialCountyPresidentialPdfTable,https://sdsos.gov/elections-voting/assets/Archive/2012%20Assets/2012generalelectionstatewidecandidatesbycounty.pdf,108,490,11,609
SD,2012,Kingsbury County,Kingsbury County,Kingsbury County,Kingsbury County,sd-historical-presidential-official-county,county,sdOfficialCountyPresidentialPdfTable,https://sdsos.gov/elections-voting/assets/Archive/2012%20Assets/2012generalelectionstatewidecandidatesbycounty.pdf,1092,1451,65,2608
SD,2012,Lake County,Lake County,Lake County,Lake County,sd-historical-presidential-official-county,county,sdOfficialCountyPresidentialPdfTable,https://sdsos.gov/elections-voting/assets/Archive/2012%20Assets/2012generalelectionstatewidecandidatesbycounty.pdf,2724,3419,142,6285
SD,2012,Lawrence County,Lawrence County,Lawrence County,Lawrence County,sd-historical-presidential-official-county,county,sdOfficialCountyPresidentialPdfTable,https://sdsos.gov/elections-voting/assets/Archive/2012%20Assets/2012generalelectionstatewidecandidatesbycounty.pdf,3973,7025,361,11359
SD,2012,Lincoln County,Lincoln County,Lincoln County,Lincoln County,sd-historical-presidential-official-county,county,sdOfficialCountyPresidentialPdfTable,https://sdsos.gov/elections-voting/assets/Archive/2012%20Assets/2012generalelectionstatewidecandidatesbycounty.pdf,7982,13611,359,21952
SD,2012,Lyman County,Lyman County,Lyman County,Lyman County,sd-historical-presidential-official-county,county,sdOfficialCountyPresidentialPdfTable,https://sdsos.gov/elections-voting/assets/Archive/2012%20Assets/2012generalelectionstatewidecandidatesbycounty.pdf,605,933,31,1569
SD,2012,Marshall County,Marshall County,Marshall County,Marshall County,sd-historical-presidential-official-county,county,sdOfficialCountyPresidentialPdfTable,https://sdsos.gov/elections-voting/assets/Archive/2012%20Assets/2012generalelectionstatewidecandidatesbycounty.pdf,1061,889,37,1987
SD,2012,McCook County,McCook County,McCook County,McCook County,sd-historical-presidential-official-county,county,sdOfficialCountyPresidentialPdfTable,https://sdsos.gov/elections-voting/assets/Archive/2012%20Assets/2012generalelectionstatewidecandidatesbycounty.pdf,905,1655,53,2613
SD,2012,McPherson County,McPherson County,McPherson County,McPherson County,sd-historical-presidential-official-county,county,sdOfficialCountyPresidentialPdfTable,https://sdsos.gov/elections-voting/assets/Archive/2012%20Assets/2012generalelectionstatewidecandidatesbycounty.pdf,272,921,22,1215
SD,2012,Meade County,Meade County,Meade County,Meade County,sd-historical-presidential-official-county,county,sdOfficialCountyPresidentialPdfTable,https://sdsos.gov/elections-voting/assets/Archive/2012%20Assets/2012generalelectionstatewidecandidatesbycounty.pdf,2928,7566,323,10817
SD,2012,Mellette County,Mellette County,Mellette County,Mellette County,sd-historical-presidential-official-county,county,sdOfficialCountyPresidentialPdfTable,https://sdsos.gov/elections-voting/assets/Archive/2012%20Assets/2012generalelectionstatewidecandidatesbycounty.pdf,375,381,13,769
SD,2012,Miner County,Miner County,Miner County,Miner County,sd-historical-presidential-official-county,county,sdOfficialCountyPresidentialPdfTable,https://sdsos.gov/elections-voting/assets/Archive/2012%20Assets/2012generalelectionstatewidecandidatesbycounty.pdf,479,636,25,1140
SD,2012,Minnehaha County,Minnehaha County,Minnehaha County,Minnehaha County,sd-historical-presidential-official-county,county,sdOfficialCountyPresidentialPdfTable,https://sdsos.gov/elections-voting/assets/Archive/2012%20Assets/2012generalelectionstatewidecandidatesbycounty.pdf,34674,40342,1567,76583
SD,2012,Moody County,Moody County,Moody County,Moody County,sd-historical-presidential-official-county,county,sdOfficialCountyPresidentialPdfTable,https://sdsos.gov/elections-voting/assets/Archive/2012%20Assets/2012generalelectionstatewidecandidatesbycounty.pdf,1429,1535,69,3033
SD,2012,Oglala Lakota County,Oglala Lakota County,Oglala Lakota County,Shannon County,sd-historical-presidential-official-county,county,sdOfficialCountyPresidentialPdfTable,https://sdsos.gov/elections-voting/assets/Archive/2012%20Assets/2012generalelectionstatewidecandidatesbycounty.pdf,2937,188,20,3145
SD,2012,Pennington County,Pennington County,Pennington County,Pennington County,sd-historical-presidential-official-county,county,sdOfficialCountyPresidentialPdfTable,https://sdsos.gov/elections-voting/assets/Archive/2012%20Assets/2012generalelectionstatewidecandidatesbycounty.pdf,15125,28232,1107,44464
SD,2012,Perkins County,Perkins County,Perkins County,Perkins County,sd-historical-presidential-official-county,county,sdOfficialCountyPresidentialPdfTable,https://sdsos.gov/elections-voting/assets/Archive/2012%20Assets/2012generalelectionstatewidecandidatesbycounty.pdf,319,1205,66,1590
SD,2012,Potter County,Potter County,Potter County,Potter County,sd-historical-presidential-official-county,county,sdOfficialCountyPresidentialPdfTable,https://sdsos.gov/elections-voting/assets/Archive/2012%20Assets/2012generalelectionstatewidecandidatesbycounty.pdf,339,1029,13,1381
SD,2012,Roberts County,Roberts County,Roberts County,Roberts County,sd-historical-presidential-official-county,county,sdOfficialCountyPresidentialPdfTable,https://sdsos.gov/elections-voting/assets/Archive/2012%20Assets/2012generalelectionstatewidecandidatesbycounty.pdf,2302,1883,71,4256
SD,2012,Sanborn County,Sanborn County,Sanborn County,Sanborn County,sd-historical-presidential-official-county,county,sdOfficialCountyPresidentialPdfTable,https://sdsos.gov/elections-voting/assets/Archive/2012%20Assets/2012generalelectionstatewidecandidatesbycounty.pdf,389,688,38,1115
SD,2012,Spink County,Spink County,Spink County,Spink County,sd-historical-presidential-official-county,county,sdOfficialCountyPresidentialPdfTable,https://sdsos.gov/elections-voting/assets/Archive/2012%20Assets/2012generalelectionstatewidecandidatesbycounty.pdf,1300,1670,71,3041
SD,2012,Stanley County,Stanley County,Stanley County,Stanley County,sd-historical-presidential-official-county,county,sdOfficialCountyPresidentialPdfTable,https://sdsos.gov/elections-voting/assets/Archive/2012%20Assets/2012generalelectionstatewidecandidatesbycounty.pdf,435,1063,42,1540
SD,2012,Sully County,Sully County,Sully County,Sully County,sd-historical-presidential-official-county,county,sdOfficialCountyPresidentialPdfTable,https://sdsos.gov/elections-voting/assets/Archive/2012%20Assets/2012generalelectionstatewidecandidatesbycounty.pdf,186,613,19,818
SD,2012,Todd County,Todd County,Todd County,Todd County,sd-historical-presidential-official-county,county,sdOfficialCountyPresidentialPdfTable,https://sdsos.gov/elections-voting/assets/Archive/2012%20Assets/2012generalelectionstatewidecandidatesbycounty.pdf,1976,498,23,2497
SD,2012,Tripp County,Tripp County,Tripp County,Tripp County,sd-historical-presidential-official-county,county,sdOfficialCountyPresidentialPdfTable,https://sdsos.gov/elections-voting/assets/Archive/2012%20Assets/2012generalelectionstatewidecandidatesbycounty.pdf,737,1905,49,2691
SD,2012,Turner County,Turner County,Turner County,Turner County,sd-historical-presidential-official-county,county,sdOfficialCountyPresidentialPdfTable,https://sdsos.gov/elections-voting/assets/Archive/2012%20Assets/2012generalelectionstatewidecandidatesbycounty.pdf,1411,2715,84,4210
SD,2012,Union County,Union County,Union County,Union County,sd-historical-presidential-official-county,county,sdOfficialCountyPresidentialPdfTable,https://sdsos.gov/elections-voting/assets/Archive/2012%20Assets/2012generalelectionstatewidecandidatesbycounty.pdf,2782,4698,116,7596
SD,2012,Walworth County,Walworth County,Walworth County,Walworth County,sd-historical-presidential-official-county,county,sdOfficialCountyPresidentialPdfTable,https://sdsos.gov/elections-voting/assets/Archive/2012%20Assets/2012generalelectionstatewidecandidatesbycounty.pdf,671,1731,60,2462
SD,2012,Yankton County,Yankton County,Yankton County,Yankton County,sd-historical-presidential-official-county,county,sdOfficialCountyPresidentialPdfTable,https://sdsos.gov/elections-voting/assets/Archive/2012%20Assets/2012generalelectionstatewidecandidatesbycounty.pdf,4226,5495,253,9974
SD,2012,Ziebach County,Ziebach County,Ziebach County,Ziebach County,sd-historical-presidential-official-county,county,sdOfficialCountyPresidentialPdfTable,https://sdsos.gov/elections-voting/assets/Archive/2012%20Assets/2012generalelectionstatewidecandidatesbycounty.pdf,439,314,8,761
SD,2016,Aurora County,Aurora County,Aurora County,Aurora County,sd-historical-presidential-official-county,county,sdOfficialCountyPresidentialPdfTable,https://sdsos.gov/elections-voting/assets/Archive/Prior%20to%202026/ElectionReturns2016_Web.pdf,340,974,93,1407
SD,2016,Beadle County,Beadle County,Beadle County,Beadle County,sd-historical-presidential-official-county,county,sdOfficialCountyPresidentialPdfTable,https://sdsos.gov/elections-voting/assets/Archive/Prior%20to%202026/ElectionReturns2016_Web.pdf,1912,4455,405,6772
SD,2016,Bennett County,Bennett County,Bennett County,Bennett County,sd-historical-presidential-official-county,county,sdOfficialCountyPresidentialPdfTable,https://sdsos.gov/elections-voting/assets/Archive/Prior%20to%202026/ElectionReturns2016_Web.pdf,412,666,71,1149
SD,2016,Bon Homme County,Bon Homme County,Bon Homme County,Bon Homme County,sd-historical-presidential-official-county,county,sdOfficialCountyPresidentialPdfTable,https://sdsos.gov/elections-voting/assets/Archive/Prior%20to%202026/ElectionReturns2016_Web.pdf,704,2105,165,2974
SD,2016,Brookings County,Brookings County,Brookings County,Brookings County,sd-historical-presidential-official-county,county,sdOfficialCountyPresidentialPdfTable,https://sdsos.gov/elections-voting/assets/Archive/Prior%20to%202026/ElectionReturns2016_Web.pdf,4879,6748,1053,12680
SD,2016,Brown County,Brown County,Brown County,Brown County,sd-historical-presidential-official-county,county,sdOfficialCountyPresidentialPdfTable,https://sdsos.gov/elections-voting/assets/Archive/Prior%20to%202026/ElectionReturns2016_Web.pdf,5452,9613,1049,16114
SD,2016,Brule County,Brule County,Brule County,Brule County,sd-historical-presidential-official-county,county,sdOfficialCountyPresidentialPdfTable,https://sdsos.gov/elections-voting/assets/Archive/Prior%20to%202026/ElectionReturns2016_Web.pdf,571,1565,152,2288
SD,2016,Buffalo County,Buffalo County,Buffalo County,Buffalo County,sd-historical-presidential-official-county,county,sdOfficialCountyPresidentialPdfTable,https://sdsos.gov/elections-voting/assets/Archive/Prior%20to%202026/ElectionReturns2016_Web.pdf,296,171,23,490
SD,2016,Butte County,Butte County,Butte County,Butte County,sd-historical-presidential-official-county,county,sdOfficialCountyPresidentialPdfTable,https://sdsos.gov/elections-voting/assets/Archive/Prior%20to%202026/ElectionReturns2016_Web.pdf,696,3357,298,4351
SD,2016,Campbell County,Campbell County,Campbell County,Campbell County,sd-historical-presidential-official-county,county,sdOfficialCountyPresidentialPdfTable,https://sdsos.gov/elections-voting/assets/Archive/Prior%20to%202026/ElectionReturns2016_Web.pdf,105,704,22,831
SD,2016,Charles Mix County,Charles Mix County,Charles Mix County,Charles Mix County,sd-historical-presidential-official-county,county,sdOfficialCountyPresidentialPdfTable,https://sdsos.gov/elections-voting/assets/Archive/Prior%20to%202026/ElectionReturns2016_Web.pdf,935,2382,116,3433
SD,2016,Clark County,Clark County,Clark County,Clark County,sd-historical-presidential-official-county,county,sdOfficialCountyPresidentialPdfTable,https://sdsos.gov/elections-voting/assets/Archive/Prior%20to%202026/ElectionReturns2016_Web.pdf,398,1139,120,1657
SD,2016,Clay County,Clay County,Clay County,Clay County,sd-historical-presidential-official-county,county,sdOfficialCountyPresidentialPdfTable,https://sdsos.gov/elections-voting/assets/Archive/Prior%20to%202026/ElectionReturns2016_Web.pdf,2608,2109,352,5069
SD,2016,Codington County,Codington County,Codington County,Codington County,sd-historical-presidential-official-county,county,sdOfficialCountyPresidentialPdfTable,https://sdsos.gov/elections-voting/assets/Archive/Prior%20to%202026/ElectionReturns2016_Web.pdf,3174,7764,731,11669
SD,2016,Corson County,Corson County,Corson County,Corson County,sd-historical-presidential-official-county,county,sdOfficialCountyPresidentialPdfTable,https://sdsos.gov/elections-voting/assets/Archive/Prior%20to%202026/ElectionReturns2016_Web.pdf,535,588,52,1175
SD,2016,Custer County,Custer County,Custer County,Custer County,sd-historical-presidential-official-county,county,sdOfficialCountyPresidentialPdfTable,https://sdsos.gov/elections-voting/assets/Archive/Prior%20to%202026/ElectionReturns2016_Web.pdf,1121,3293,307,4721
SD,2016,Davison County,Davison County,Davison County,Davison County,sd-historical-presidential-official-county,county,sdOfficialCountyPresidentialPdfTable,https://sdsos.gov/elections-voting/assets/Archive/Prior%20to%202026/ElectionReturns2016_Web.pdf,2355,5157,440,7952
SD,2016,Day County,Day County,Day County,Day County,sd-historical-presidential-official-county,county,sdOfficialCountyPresidentialPdfTable,https://sdsos.gov/elections-voting/assets/Archive/Prior%20to%202026/ElectionReturns2016_Web.pdf,974,1627,146,2747
SD,2016,Deuel County,Deuel County,Deuel County,Deuel County,sd-historical-presidential-official-county,county,sdOfficialCountyPresidentialPdfTable,https://sdsos.gov/elections-voting/assets/Archive/Prior%20to%202026/ElectionReturns2016_Web.pdf,570,1366,144,2080
SD,2016,Dewey County,Dewey County,Dewey County,Dewey County,sd-historical-presidential-official-county,county,sdOfficialCountyPresidentialPdfTable,https://sdsos.gov/elections-voting/assets/Archive/Prior%20to%202026/ElectionReturns2016_Web.pdf,888,723,97,1708
SD,2016,Douglas County,Douglas County,Douglas County,Douglas County,sd-historical-presidential-official-county,county,sdOfficialCountyPresidentialPdfTable,https://sdsos.gov/elections-voting/assets/Archive/Prior%20to%202026/ElectionReturns2016_Web.pdf,214,1338,53,1605
SD,2016,Edmunds County,Edmunds County,Edmunds County,Edmunds County,sd-historical-presidential-official-county,county,sdOfficialCountyPresidentialPdfTable,https://sdsos.gov/elections-voting/assets/Archive/Prior%20to%202026/ElectionReturns2016_Web.pdf,380,1433,105,1918
SD,2016,Fall River County,Fall River County,Fall River County,Fall River County,sd-historical-presidential-official-county,county,sdOfficialCountyPresidentialPdfTable,https://sdsos.gov/elections-voting/assets/Archive/Prior%20to%202026/ElectionReturns2016_Web.pdf,821,2511,231,3563
SD,2016,Faulk County,Faulk County,Faulk County,Faulk County,sd-historical-presidential-official-county,county,sdOfficialCountyPresidentialPdfTable,https://sdsos.gov/elections-voting/assets/Archive/Prior%20to%202026/ElectionReturns2016_Web.pdf,204,858,56,1118
SD,2016,Grant County,Grant County,Grant County,Grant County,sd-historical-presidential-official-county,county,sdOfficialCountyPresidentialPdfTable,https://sdsos.gov/elections-voting/assets/Archive/Prior%20to%202026/ElectionReturns2016_Web.pdf,971,2382,211,3564
SD,2016,Gregory County,Gregory County,Gregory County,Gregory County,sd-historical-presidential-official-county,county,sdOfficialCountyPresidentialPdfTable,https://sdsos.gov/elections-voting/assets/Archive/Prior%20to%202026/ElectionReturns2016_Web.pdf,391,1600,100,2091
SD,2016,Haakon County,Haakon County,Haakon County,Haakon County,sd-historical-presidential-official-county,county,sdOfficialCountyPresidentialPdfTable,https://sdsos.gov/elections-voting/assets/Archive/Prior%20to%202026/ElectionReturns2016_Web.pdf,77,936,31,1044
SD,2016,Hamlin County,Hamlin County,Hamlin County,Hamlin County,sd-historical-presidential-official-county,county,sdOfficialCountyPresidentialPdfTable,https://sdsos.gov/elections-voting/assets/Archive/Prior%20to%202026/ElectionReturns2016_Web.pdf,555,2051,156,2762
SD,2016,Hand County,Hand County,Hand County,Hand County,sd-historical-presidential-official-county,county,sdOfficialCountyPresidentialPdfTable,https://sdsos.gov/elections-voting/assets/Archive/Prior%20to%202026/ElectionReturns2016_Web.pdf,334,1391,93,1818
SD,2016,Hanson County,Hanson County,Hanson County,Hanson County,sd-historical-presidential-official-county,county,sdOfficialCountyPresidentialPdfTable,https://sdsos.gov/elections-voting/assets/Archive/Prior%20to%202026/ElectionReturns2016_Web.pdf,424,1497,85,2006
SD,2016,Harding County,Harding County,Harding County,Harding County,sd-historical-presidential-official-county,county,sdOfficialCountyPresidentialPdfTable,https://sdsos.gov/elections-voting/assets/Archive/Prior%20to%202026/ElectionReturns2016_Web.pdf,38,695,37,770
SD,2016,Hughes County,Hughes County,Hughes County,Hughes County,sd-historical-presidential-official-county,county,sdOfficialCountyPresidentialPdfTable,https://sdsos.gov/elections-voting/assets/Archive/Prior%20to%202026/ElectionReturns2016_Web.pdf,2450,5174,551,8175
SD,2016,Hutchinson County,Hutchinson County,Hutchinson County,Hutchinson County,sd-historical-presidential-official-county,county,sdOfficialCountyPresidentialPdfTable,https://sdsos.gov/elections-voting/assets/Archive/Prior%20to%202026/ElectionReturns2016_Web.pdf,692,2517,156,3365
SD,2016,Hyde County,Hyde County,Hyde County,Hyde County,sd-historical-presidential-official-county,county,sdOfficialCountyPresidentialPdfTable,https://sdsos.gov/elections-voting/assets/Archive/Prior%20to%202026/ElectionReturns2016_Web.pdf,125,543,22,690
SD,2016,Jackson County,Jackson County,Jackson County,Jackson County,sd-historical-presidential-official-county,county,sdOfficialCountyPresidentialPdfTable,https://sdsos.gov/elections-voting/assets/Archive/Prior%20to%202026/ElectionReturns2016_Web.pdf,323,722,50,1095
SD,2016,Jerauld County,Jerauld County,Jerauld County,Jerauld County,sd-historical-presidential-official-county,county,sdOfficialCountyPresidentialPdfTable,https://sdsos.gov/elections-voting/assets/Archive/Prior%20to%202026/ElectionReturns2016_Web.pdf,264,648,55,967
SD,2016,Jones County,Jones County,Jones County,Jones County,sd-historical-presidential-official-county,county,sdOfficialCountyPresidentialPdfTable,https://sdsos.gov/elections-voting/assets/Archive/Prior%20to%202026/ElectionReturns2016_Web.pdf,69,450,39,558
SD,2016,Kingsbury County,Kingsbury County,Kingsbury County,Kingsbury County,sd-historical-presidential-official-county,county,sdOfficialCountyPresidentialPdfTable,https://sdsos.gov/elections-voting/assets/Archive/Prior%20to%202026/ElectionReturns2016_Web.pdf,703,1680,168,2551
SD,2016,Lake County,Lake County,Lake County,Lake County,sd-historical-presidential-official-county,county,sdOfficialCountyPresidentialPdfTable,https://sdsos.gov/elections-voting/assets/Archive/Prior%20to%202026/ElectionReturns2016_Web.pdf,2314,4038,434,6786
SD,2016,Lawrence County,Lawrence County,Lawrence County,Lawrence County,sd-historical-presidential-official-county,county,sdOfficialCountyPresidentialPdfTable,https://sdsos.gov/elections-voting/assets/Archive/Prior%20to%202026/ElectionReturns2016_Web.pdf,3356,7411,1075,11842
SD,2016,Lincoln County,Lincoln County,Lincoln County,Lincoln County,sd-historical-presidential-official-county,county,sdOfficialCountyPresidentialPdfTable,https://sdsos.gov/elections-voting/assets/Archive/Prior%20to%202026/ElectionReturns2016_Web.pdf,8076,15499,1656,25231
SD,2016,Lyman County,Lyman County,Lyman County,Lyman County,sd-historical-presidential-official-county,county,sdOfficialCountyPresidentialPdfTable,https://sdsos.gov/elections-voting/assets/Archive/Prior%20to%202026/ElectionReturns2016_Web.pdf,369,977,75,1421
SD,2016,Marshall County,Marshall County,Marshall County,Marshall County,sd-historical-presidential-official-county,county,sdOfficialCountyPresidentialPdfTable,https://sdsos.gov/elections-voting/assets/Archive/Prior%20to%202026/ElectionReturns2016_Web.pdf,754,1056,137,1947
SD,2016,McCook County,McCook County,McCook County,McCook County,sd-historical-presidential-official-county,county,sdOfficialCountyPresidentialPdfTable,https://sdsos.gov/elections-voting/assets/Archive/Prior%20to%202026/ElectionReturns2016_Web.pdf,623,1794,170,2587
SD,2016,McPherson County,McPherson County,McPherson County,McPherson County,sd-historical-presidential-official-county,county,sdOfficialCountyPresidentialPdfTable,https://sdsos.gov/elections-voting/assets/Archive/Prior%20to%202026/ElectionReturns2016_Web.pdf,192,892,53,1137
SD,2016,Meade County,Meade County,Meade County,Meade County,sd-historical-presidential-official-county,county,sdOfficialCountyPresidentialPdfTable,https://sdsos.gov/elections-voting/assets/Archive/Prior%20to%202026/ElectionReturns2016_Web.pdf,2223,8441,957,11621
SD,2016,Mellette County,Mellette County,Mellette County,Mellette County,sd-historical-presidential-official-county,county,sdOfficialCountyPresidentialPdfTable,https://sdsos.gov/elections-voting/assets/Archive/Prior%20to%202026/ElectionReturns2016_Web.pdf,238,402,43,683
SD,2016,Miner County,Miner County,Miner County,Miner County,sd-historical-presidential-official-county,county,sdOfficialCountyPresidentialPdfTable,https://sdsos.gov/elections-voting/assets/Archive/Prior%20to%202026/ElectionReturns2016_Web.pdf,281,706,77,1064
SD,2016,Minnehaha County,Minnehaha County,Minnehaha County,Minnehaha County,sd-historical-presidential-official-county,county,sdOfficialCountyPresidentialPdfTable,https://sdsos.gov/elections-voting/assets/Archive/Prior%20to%202026/ElectionReturns2016_Web.pdf,30610,42043,5610,78263
SD,2016,Moody County,Moody County,Moody County,Moody County,sd-historical-presidential-official-county,county,sdOfficialCountyPresidentialPdfTable,https://sdsos.gov/elections-voting/assets/Archive/Prior%20to%202026/ElectionReturns2016_Web.pdf,1043,1731,159,2933
SD,2016,Oglala Lakota County,Oglala Lakota County,Oglala Lakota County,Oglala Lakota County,sd-historical-presidential-official-county,county,sdOfficialCountyPresidentialPdfTable,https://sdsos.gov/elections-voting/assets/Archive/Prior%20to%202026/ElectionReturns2016_Web.pdf,2510,241,154,2905
SD,2016,Pennington County,Pennington County,Pennington County,Pennington County,sd-historical-presidential-official-county,county,sdOfficialCountyPresidentialPdfTable,https://sdsos.gov/elections-voting/assets/Archive/Prior%20to%202026/ElectionReturns2016_Web.pdf,14074,29804,3865,47743
SD,2016,Perkins County,Perkins County,Perkins County,Perkins County,sd-historical-presidential-official-county,county,sdOfficialCountyPresidentialPdfTable,https://sdsos.gov/elections-voting/assets/Archive/Prior%20to%202026/ElectionReturns2016_Web.pdf,188,1333,85,1606
SD,2016,Potter County,Potter County,Potter County,Potter County,sd-historical-presidential-official-county,county,sdOfficialCountyPresidentialPdfTable,https://sdsos.gov/elections-voting/assets/Archive/Prior%20to%202026/ElectionReturns2016_Web.pdf,215,1071,51,1337
SD,2016,Roberts County,Roberts County,Roberts County,Roberts County,sd-historical-presidential-official-county,county,sdOfficialCountyPresidentialPdfTable,https://sdsos.gov/elections-voting/assets/Archive/Prior%20to%202026/ElectionReturns2016_Web.pdf,1540,2144,205,3889
SD,2016,Sanborn County,Sanborn County,Sanborn County,Sanborn County,sd-historical-presidential-official-county,county,sdOfficialCountyPresidentialPdfTable,https://sdsos.gov/elections-voting/assets/Archive/Prior%20to%202026/ElectionReturns2016_Web.pdf,241,819,63,1123
SD,2016,Spink County,Spink County,Spink County,Spink County,sd-historical-presidential-official-county,county,sdOfficialCountyPresidentialPdfTable,https://sdsos.gov/elections-voting/assets/Archive/Prior%20to%202026/ElectionReturns2016_Web.pdf,919,1854,178,2951
SD,2016,Stanley County,Stanley County,Stanley County,Stanley County,sd-historical-presidential-official-county,county,sdOfficialCountyPresidentialPdfTable,https://sdsos.gov/elections-voting/assets/Archive/Prior%20to%202026/ElectionReturns2016_Web.pdf,329,1148,90,1567
SD,2016,Sully County,Sully County,Sully County,Sully County,sd-historical-presidential-official-county,county,sdOfficialCountyPresidentialPdfTable,https://sdsos.gov/elections-voting/assets/Archive/Prior%20to%202026/ElectionReturns2016_Web.pdf,137,679,45,861
SD,2016,Todd County,Todd County,Todd County,Todd County,sd-historical-presidential-official-county,county,sdOfficialCountyPresidentialPdfTable,https://sdsos.gov/elections-voting/assets/Archive/Prior%20to%202026/ElectionReturns2016_Web.pdf,1505,487,133,2125
SD,2016,Tripp County,Tripp County,Tripp County,Tripp County,sd-historical-presidential-official-county,county,sdOfficialCountyPresidentialPdfTable,https://sdsos.gov/elections-voting/assets/Archive/Prior%20to%202026/ElectionReturns2016_Web.pdf,462,2069,99,2630
SD,2016,Turner County,Turner County,Turner County,Turner County,sd-historical-presidential-official-county,county,sdOfficialCountyPresidentialPdfTable,https://sdsos.gov/elections-voting/assets/Archive/Prior%20to%202026/ElectionReturns2016_Web.pdf,961,2937,252,4150
SD,2016,Union County,Union County,Union County,Union County,sd-historical-presidential-official-county,county,sdOfficialCountyPresidentialPdfTable,https://sdsos.gov/elections-voting/assets/Archive/Prior%20to%202026/ElectionReturns2016_Web.pdf,2227,5290,380,7897
SD,2016,Walworth County,Walworth County,Walworth County,Walworth County,sd-historical-presidential-official-county,county,sdOfficialCountyPresidentialPdfTable,https://sdsos.gov/elections-voting/assets/Archive/Prior%20to%202026/ElectionReturns2016_Web.pdf,457,1896,124,2477
SD,2016,Yankton County,Yankton County,Yankton County,Yankton County,sd-historical-presidential-official-county,county,sdOfficialCountyPresidentialPdfTable,https://sdsos.gov/elections-voting/assets/Archive/Prior%20to%202026/ElectionReturns2016_Web.pdf,3301,5659,663,9623
SD,2016,Ziebach County,Ziebach County,Ziebach County,Ziebach County,sd-historical-presidential-official-county,county,sdOfficialCountyPresidentialPdfTable,https://sdsos.gov/elections-voting/assets/Archive/Prior%20to%202026/ElectionReturns2016_Web.pdf,353,368,46,767
SD,2020,Aurora County,Aurora County,Aurora County,Aurora County,sd-historical-presidential-official-county,county,sdOfficialCountyPresidentialPdfTable,https://sdsos.gov/elections-voting/assets/Archive/2020%20Assests/2020GeneralStateCanvassFinal%26Certificate.pdf,317,1052,36,1405
SD,2020,Beadle County,Beadle County,Beadle County,Beadle County,sd-historical-presidential-official-county,county,sdOfficialCountyPresidentialPdfTable,https://sdsos.gov/elections-voting/assets/Archive/2020%20Assests/2020GeneralStateCanvassFinal%26Certificate.pdf,2107,4808,166,7081
SD,2020,Bennett County,Bennett County,Bennett County,Bennett County,sd-historical-presidential-official-county,county,sdOfficialCountyPresidentialPdfTable,https://sdsos.gov/elections-voting/assets/Archive/2020%20Assests/2020GeneralStateCanvassFinal%26Certificate.pdf,466,694,23,1183
SD,2020,Bon Homme County,Bon Homme County,Bon Homme County,Bon Homme County,sd-historical-presidential-official-county,county,sdOfficialCountyPresidentialPdfTable,https://sdsos.gov/elections-voting/assets/Archive/2020%20Assests/2020GeneralStateCanvassFinal%26Certificate.pdf,721,2235,45,3001
SD,2020,Brookings County,Brookings County,Brookings County,Brookings County,sd-historical-presidential-official-county,county,sdOfficialCountyPresidentialPdfTable,https://sdsos.gov/elections-voting/assets/Archive/2020%20Assests/2020GeneralStateCanvassFinal%26Certificate.pdf,6110,8000,457,14567
SD,2020,Brown County,Brown County,Brown County,Brown County,sd-historical-presidential-official-county,county,sdOfficialCountyPresidentialPdfTable,https://sdsos.gov/elections-voting/assets/Archive/2020%20Assests/2020GeneralStateCanvassFinal%26Certificate.pdf,6538,10580,429,17547
SD,2020,Brule County,Brule County,Brule County,Brule County,sd-historical-presidential-official-county,county,sdOfficialCountyPresidentialPdfTable,https://sdsos.gov/elections-voting/assets/Archive/2020%20Assests/2020GeneralStateCanvassFinal%26Certificate.pdf,673,1750,67,2490
SD,2020,Buffalo County,Buffalo County,Buffalo County,Buffalo County,sd-historical-presidential-official-county,county,sdOfficialCountyPresidentialPdfTable,https://sdsos.gov/elections-voting/assets/Archive/2020%20Assests/2020GeneralStateCanvassFinal%26Certificate.pdf,352,183,14,549
SD,2020,Butte County,Butte County,Butte County,Butte County,sd-historical-presidential-official-county,county,sdOfficialCountyPresidentialPdfTable,https://sdsos.gov/elections-voting/assets/Archive/2020%20Assests/2020GeneralStateCanvassFinal%26Certificate.pdf,939,3731,132,4802
SD,2020,Campbell County,Campbell County,Campbell County,Campbell County,sd-historical-presidential-official-county,county,sdOfficialCountyPresidentialPdfTable,https://sdsos.gov/elections-voting/assets/Archive/2020%20Assests/2020GeneralStateCanvassFinal%26Certificate.pdf,117,747,9,873
SD,2020,Charles Mix County,Charles Mix County,Charles Mix County,Charles Mix County,sd-historical-presidential-official-county,county,sdOfficialCountyPresidentialPdfTable,https://sdsos.gov/elections-voting/assets/Archive/2020%20Assests/2020GeneralStateCanvassFinal%26Certificate.pdf,1177,2552,54,3783
SD,2020,Clark County,Clark County,Clark County,Clark County,sd-historical-presidential-official-county,county,sdOfficialCountyPresidentialPdfTable,https://sdsos.gov/elections-voting/assets/Archive/2020%20Assests/2020GeneralStateCanvassFinal%26Certificate.pdf,437,1373,40,1850
SD,2020,Clay County,Clay County,Clay County,Clay County,sd-historical-presidential-official-county,county,sdOfficialCountyPresidentialPdfTable,https://sdsos.gov/elections-voting/assets/Archive/2020%20Assests/2020GeneralStateCanvassFinal%26Certificate.pdf,3083,2456,159,5698
SD,2020,Codington County,Codington County,Codington County,Codington County,sd-historical-presidential-official-county,county,sdOfficialCountyPresidentialPdfTable,https://sdsos.gov/elections-voting/assets/Archive/2020%20Assests/2020GeneralStateCanvassFinal%26Certificate.pdf,3837,8958,366,13161
SD,2020,Corson County,Corson County,Corson County,Corson County,sd-historical-presidential-official-county,county,sdOfficialCountyPresidentialPdfTable,https://sdsos.gov/elections-voting/assets/Archive/2020%20Assests/2020GeneralStateCanvassFinal%26Certificate.pdf,622,647,14,1283
SD,2020,Custer County,Custer County,Custer County,Custer County,sd-historical-presidential-official-county,county,sdOfficialCountyPresidentialPdfTable,https://sdsos.gov/elections-voting/assets/Archive/2020%20Assests/2020GeneralStateCanvassFinal%26Certificate.pdf,1522,3852,120,5494
SD,2020,Davison County,Davison County,Davison County,Davison County,sd-historical-presidential-official-county,county,sdOfficialCountyPresidentialPdfTable,https://sdsos.gov/elections-voting/assets/Archive/2020%20Assests/2020GeneralStateCanvassFinal%26Certificate.pdf,2648,5613,193,8454
SD,2020,Day County,Day County,Day County,Day County,sd-historical-presidential-official-county,county,sdOfficialCountyPresidentialPdfTable,https://sdsos.gov/elections-voting/assets/Archive/2020%20Assests/2020GeneralStateCanvassFinal%26Certificate.pdf,1052,1869,43,2964
SD,2020,Deuel County,Deuel County,Deuel County,Deuel County,sd-historical-presidential-official-county,county,sdOfficialCountyPresidentialPdfTable,https://sdsos.gov/elections-voting/assets/Archive/2020%20Assests/2020GeneralStateCanvassFinal%26Certificate.pdf,609,1699,42,2350
SD,2020,Dewey County,Dewey County,Dewey County,Dewey County,sd-historical-presidential-official-county,county,sdOfficialCountyPresidentialPdfTable,https://sdsos.gov/elections-voting/assets/Archive/2020%20Assests/2020GeneralStateCanvassFinal%26Certificate.pdf,1131,790,45,1966
SD,2020,Douglas County,Douglas County,Douglas County,Douglas County,sd-historical-presidential-official-county,county,sdOfficialCountyPresidentialPdfTable,https://sdsos.gov/elections-voting/assets/Archive/2020%20Assests/2020GeneralStateCanvassFinal%26Certificate.pdf,216,1468,23,1707
SD,2020,Edmunds County,Edmunds County,Edmunds County,Edmunds County,sd-historical-presidential-official-county,county,sdOfficialCountyPresidentialPdfTable,https://sdsos.gov/elections-voting/assets/Archive/2020%20Assests/2020GeneralStateCanvassFinal%26Certificate.pdf,417,1538,30,1985
SD,2020,Fall River County,Fall River County,Fall River County,Fall River County,sd-historical-presidential-official-county,county,sdOfficialCountyPresidentialPdfTable,https://sdsos.gov/elections-voting/assets/Archive/2020%20Assests/2020GeneralStateCanvassFinal%26Certificate.pdf,1053,2878,111,4042
SD,2020,Faulk County,Faulk County,Faulk County,Faulk County,sd-historical-presidential-official-county,county,sdOfficialCountyPresidentialPdfTable,https://sdsos.gov/elections-voting/assets/Archive/2020%20Assests/2020GeneralStateCanvassFinal%26Certificate.pdf,198,964,20,1182
SD,2020,Grant County,Grant County,Grant County,Grant County,sd-historical-presidential-official-county,county,sdOfficialCountyPresidentialPdfTable,https://sdsos.gov/elections-voting/assets/Archive/2020%20Assests/2020GeneralStateCanvassFinal%26Certificate.pdf,1056,2618,71,3745
SD,2020,Gregory County,Gregory County,Gregory County,Gregory County,sd-historical-presidential-official-county,county,sdOfficialCountyPresidentialPdfTable,https://sdsos.gov/elections-voting/assets/Archive/2020%20Assests/2020GeneralStateCanvassFinal%26Certificate.pdf,455,1771,32,2258
SD,2020,Haakon County,Haakon County,Haakon County,Haakon County,sd-historical-presidential-official-county,county,sdOfficialCountyPresidentialPdfTable,https://sdsos.gov/elections-voting/assets/Archive/2020%20Assests/2020GeneralStateCanvassFinal%26Certificate.pdf,105,1026,6,1137
SD,2020,Hamlin County,Hamlin County,Hamlin County,Hamlin County,sd-historical-presidential-official-county,county,sdOfficialCountyPresidentialPdfTable,https://sdsos.gov/elections-voting/assets/Archive/2020%20Assests/2020GeneralStateCanvassFinal%26Certificate.pdf,647,2372,64,3083
SD,2020,Hand County,Hand County,Hand County,Hand County,sd-historical-presidential-official-county,county,sdOfficialCountyPresidentialPdfTable,https://sdsos.gov/elections-voting/assets/Archive/2020%20Assests/2020GeneralStateCanvassFinal%26Certificate.pdf,373,1433,30,1836
SD,2020,Hanson County,Hanson County,Hanson County,Hanson County,sd-historical-presidential-official-county,county,sdOfficialCountyPresidentialPdfTable,https://sdsos.gov/elections-voting/assets/Archive/2020%20Assests/2020GeneralStateCanvassFinal%26Certificate.pdf,557,1793,38,2388
SD,2020,Harding County,Harding County,Harding County,Harding County,sd-historical-presidential-official-county,county,sdOfficialCountyPresidentialPdfTable,https://sdsos.gov/elections-voting/assets/Archive/2020%20Assests/2020GeneralStateCanvassFinal%26Certificate.pdf,49,748,16,813
SD,2020,Hughes County,Hughes County,Hughes County,Hughes County,sd-historical-presidential-official-county,county,sdOfficialCountyPresidentialPdfTable,https://sdsos.gov/elections-voting/assets/Archive/2020%20Assests/2020GeneralStateCanvassFinal%26Certificate.pdf,2953,5522,248,8723
SD,2020,Hutchinson County,Hutchinson County,Hutchinson County,Hutchinson County,sd-historical-presidential-official-county,county,sdOfficialCountyPresidentialPdfTable,https://sdsos.gov/elections-voting/assets/Archive/2020%20Assests/2020GeneralStateCanvassFinal%26Certificate.pdf,762,2944,61,3767
SD,2020,Hyde County,Hyde County,Hyde County,Hyde County,sd-historical-presidential-official-county,county,sdOfficialCountyPresidentialPdfTable,https://sdsos.gov/elections-voting/assets/Archive/2020%20Assests/2020GeneralStateCanvassFinal%26Certificate.pdf,136,564,10,710
SD,2020,Jackson County,Jackson County,Jackson County,Jackson County,sd-historical-presidential-official-county,county,sdOfficialCountyPresidentialPdfTable,https://sdsos.gov/elections-voting/assets/Archive/2020%20Assests/2020GeneralStateCanvassFinal%26Certificate.pdf,359,738,18,1115
SD,2020,Jerauld County,Jerauld County,Jerauld County,Jerauld County,sd-historical-presidential-official-county,county,sdOfficialCountyPresidentialPdfTable,https://sdsos.gov/elections-voting/assets/Archive/2020%20Assests/2020GeneralStateCanvassFinal%26Certificate.pdf,270,721,15,1006
SD,2020,Jones County,Jones County,Jones County,Jones County,sd-historical-presidential-official-county,county,sdOfficialCountyPresidentialPdfTable,https://sdsos.gov/elections-voting/assets/Archive/2020%20Assests/2020GeneralStateCanvassFinal%26Certificate.pdf,90,498,11,599
SD,2020,Kingsbury County,Kingsbury County,Kingsbury County,Kingsbury County,sd-historical-presidential-official-county,county,sdOfficialCountyPresidentialPdfTable,https://sdsos.gov/elections-voting/assets/Archive/2020%20Assests/2020GeneralStateCanvassFinal%26Certificate.pdf,819,1904,56,2779
SD,2020,Lake County,Lake County,Lake County,Lake County,sd-historical-presidential-official-county,county,sdOfficialCountyPresidentialPdfTable,https://sdsos.gov/elections-voting/assets/Archive/2020%20Assests/2020GeneralStateCanvassFinal%26Certificate.pdf,2068,3681,124,5873
SD,2020,Lawrence County,Lawrence County,Lawrence County,Lawrence County,sd-historical-presidential-official-county,county,sdOfficialCountyPresidentialPdfTable,https://sdsos.gov/elections-voting/assets/Archive/2020%20Assests/2020GeneralStateCanvassFinal%26Certificate.pdf,4537,8753,538,13828
SD,2020,Lincoln County,Lincoln County,Lincoln County,Lincoln County,sd-historical-presidential-official-county,county,sdOfficialCountyPresidentialPdfTable,https://sdsos.gov/elections-voting/assets/Archive/2020%20Assests/2020GeneralStateCanvassFinal%26Certificate.pdf,11981,19617,798,32396
SD,2020,Lyman County,Lyman County,Lyman County,Lyman County,sd-historical-presidential-official-county,county,sdOfficialCountyPresidentialPdfTable,https://sdsos.gov/elections-voting/assets/Archive/2020%20Assests/2020GeneralStateCanvassFinal%26Certificate.pdf,525,1042,30,1597
SD,2020,Marshall County,Marshall County,Marshall County,Marshall County,sd-historical-presidential-official-county,county,sdOfficialCountyPresidentialPdfTable,https://sdsos.gov/elections-voting/assets/Archive/2020%20Assests/2020GeneralStateCanvassFinal%26Certificate.pdf,858,1287,33,2178
SD,2020,McCook County,McCook County,McCook County,McCook County,sd-historical-presidential-official-county,county,sdOfficialCountyPresidentialPdfTable,https://sdsos.gov/elections-voting/assets/Archive/2020%20Assests/2020GeneralStateCanvassFinal%26Certificate.pdf,769,2068,63,2900
SD,2020,McPherson County,McPherson County,McPherson County,McPherson County,sd-historical-presidential-official-county,county,sdOfficialCountyPresidentialPdfTable,https://sdsos.gov/elections-voting/assets/Archive/2020%20Assests/2020GeneralStateCanvassFinal%26Certificate.pdf,222,1075,27,1324
SD,2020,Meade County,Meade County,Meade County,Meade County,sd-historical-presidential-official-county,county,sdOfficialCountyPresidentialPdfTable,https://sdsos.gov/elections-voting/assets/Archive/2020%20Assests/2020GeneralStateCanvassFinal%26Certificate.pdf,3285,9875,510,13670
SD,2020,Mellette County,Mellette County,Mellette County,Mellette County,sd-historical-presidential-official-county,county,sdOfficialCountyPresidentialPdfTable,https://sdsos.gov/elections-voting/assets/Archive/2020%20Assests/2020GeneralStateCanvassFinal%26Certificate.pdf,298,449,22,769
SD,2020,Miner County,Miner County,Miner County,Miner County,sd-historical-presidential-official-county,county,sdOfficialCountyPresidentialPdfTable,https://sdsos.gov/elections-voting/assets/Archive/2020%20Assests/2020GeneralStateCanvassFinal%26Certificate.pdf,320,787,31,1138
SD,2020,Minnehaha County,Minnehaha County,Minnehaha County,Minnehaha County,sd-historical-presidential-official-county,county,sdOfficialCountyPresidentialPdfTable,https://sdsos.gov/elections-voting/assets/Archive/2020%20Assests/2020GeneralStateCanvassFinal%26Certificate.pdf,40482,49249,2595,92326
SD,2020,Moody County,Moody County,Moody County,Moody County,sd-historical-presidential-official-county,county,sdOfficialCountyPresidentialPdfTable,https://sdsos.gov/elections-voting/assets/Archive/2020%20Assests/2020GeneralStateCanvassFinal%26Certificate.pdf,1179,1951,76,3206
SD,2020,Oglala Lakota County,Oglala Lakota County,Oglala Lakota County,Oglala Lakota County,sd-historical-presidential-official-county,county,sdOfficialCountyPresidentialPdfTable,https://sdsos.gov/elections-voting/assets/Archive/2020%20Assests/2020GeneralStateCanvassFinal%26Certificate.pdf,2829,297,74,3200
SD,2020,Pennington County,Pennington County,Pennington County,Pennington County,sd-historical-presidential-official-county,county,sdOfficialCountyPresidentialPdfTable,https://sdsos.gov/elections-voting/assets/Archive/2020%20Assests/2020GeneralStateCanvassFinal%26Certificate.pdf,20606,35063,1849,57518
SD,2020,Perkins County,Perkins County,Perkins County,Perkins County,sd-historical-presidential-official-county,county,sdOfficialCountyPresidentialPdfTable,https://sdsos.gov/elections-voting/assets/Archive/2020%20Assests/2020GeneralStateCanvassFinal%26Certificate.pdf,239,1401,29,1669
SD,2020,Potter County,Potter County,Potter County,Potter County,sd-historical-presidential-official-county,county,sdOfficialCountyPresidentialPdfTable,https://sdsos.gov/elections-voting/assets/Archive/2020%20Assests/2020GeneralStateCanvassFinal%26Certificate.pdf,227,1139,14,1380
SD,2020,Roberts County,Roberts County,Roberts County,Roberts County,sd-historical-presidential-official-county,county,sdOfficialCountyPresidentialPdfTable,https://sdsos.gov/elections-voting/assets/Archive/2020%20Assests/2020GeneralStateCanvassFinal%26Certificate.pdf,1828,2404,75,4307
SD,2020,Sanborn County,Sanborn County,Sanborn County,Sanborn County,sd-historical-presidential-official-county,county,sdOfficialCountyPresidentialPdfTable,https://sdsos.gov/elections-voting/assets/Archive/2020%20Assests/2020GeneralStateCanvassFinal%26Certificate.pdf,257,905,23,1185
SD,2020,Spink County,Spink County,Spink County,Spink County,sd-historical-presidential-official-county,county,sdOfficialCountyPresidentialPdfTable,https://sdsos.gov/elections-voting/assets/Archive/2020%20Assests/2020GeneralStateCanvassFinal%26Certificate.pdf,998,2104,61,3163
SD,2020,Stanley County,Stanley County,Stanley County,Stanley County,sd-historical-presidential-official-county,county,sdOfficialCountyPresidentialPdfTable,https://sdsos.gov/elections-voting/assets/Archive/2020%20Assests/2020GeneralStateCanvassFinal%26Certificate.pdf,421,1203,28,1652
SD,2020,Sully County,Sully County,Sully County,Sully County,sd-historical-presidential-official-county,county,sdOfficialCountyPresidentialPdfTable,https://sdsos.gov/elections-voting/assets/Archive/2020%20Assests/2020GeneralStateCanvassFinal%26Certificate.pdf,185,726,19,930
SD,2020,Todd County,Todd County,Todd County,Todd County,sd-historical-presidential-official-county,county,sdOfficialCountyPresidentialPdfTable,https://sdsos.gov/elections-voting/assets/Archive/2020%20Assests/2020GeneralStateCanvassFinal%26Certificate.pdf,1963,532,44,2539
SD,2020,Tripp County,Tripp County,Tripp County,Tripp County,sd-historical-presidential-official-county,county,sdOfficialCountyPresidentialPdfTable,https://sdsos.gov/elections-voting/assets/Archive/2020%20Assests/2020GeneralStateCanvassFinal%26Certificate.pdf,495,2161,40,2696
SD,2020,Turner County,Turner County,Turner County,Turner County,sd-historical-presidential-official-county,county,sdOfficialCountyPresidentialPdfTable,https://sdsos.gov/elections-voting/assets/Archive/2020%20Assests/2020GeneralStateCanvassFinal%26Certificate.pdf,1139,3290,119,4548
SD,2020,Union County,Union County,Union County,Union County,sd-historical-presidential-official-county,county,sdOfficialCountyPresidentialPdfTable,https://sdsos.gov/elections-voting/assets/Archive/2020%20Assests/2020GeneralStateCanvassFinal%26Certificate.pdf,2725,5944,186,8855
SD,2020,Walworth County,Walworth County,Walworth County,Walworth County,sd-historical-presidential-official-county,county,sdOfficialCountyPresidentialPdfTable,https://sdsos.gov/elections-voting/assets/Archive/2020%20Assests/2020GeneralStateCanvassFinal%26Certificate.pdf,565,1966,49,2580
SD,2020,Yankton County,Yankton County,Yankton County,Yankton County,sd-historical-presidential-official-county,county,sdOfficialCountyPresidentialPdfTable,https://sdsos.gov/elections-voting/assets/Archive/2020%20Assests/2020GeneralStateCanvassFinal%26Certificate.pdf,4016,6581,303,10900
SD,2020,Ziebach County,Ziebach County,Ziebach County,Ziebach County,sd-historical-presidential-official-county,county,sdOfficialCountyPresidentialPdfTable,https://sdsos.gov/elections-voting/assets/Archive/2020%20Assests/2020GeneralStateCanvassFinal%26Certificate.pdf,481,404,21,906
